=====> Essai avec a= 124728
0 2942726772.0
1 165922338.26603878
2 208143204.68162382
3 326999595.0484894
4 93545517.4526273
5 74507574.84894018
6 24411087.858998973
7 32979280.62075069
8 150754894.00306326
9 108177406.32493585
10 83256592.78906426
11 4347436.34575302
12 27468693.577284448
13 62934951.664477035
14 78453461.2677156
15 119950934.25441317
16 66430015.20869093
17 76958968.26620957
18 37853935.59127635
19 56408338.7509813
20 44399345.90812765
21 2008306.052522228
22 1789002.5954287164
23 10996949.323336756
24 62261239.2057037
25 54331729.104557805
26 28665796.372947663
27 42982264.8380995
28 51345911.16875674
29 37804764.1699762
30 24762718.211542703
31 24191072.10495109
32 14913260.195062375
33 15405546.893851228
34 26279313.14549382
35 7281428.29793058
36 34324381.87443817
37 7790850.342980947
38 35726965.74801079
39 27394083.691971928
40 14237499.46442646
41 24425044.42367363
42 45181358.721656784
43 16201121.571119087
44 2729415.9002136337
45 4656219.832596632
46 1032716.2616100078
47 39129685.102646686
48 13582525.342284154
49 3656924.8293798016
50 15415219.321068617
51 23737283.168325383
52 28675002.87515077
53 21054156.075336512
54 27893898.214156523
55 401667.06746623106
56 38756152.33432955
57 10378508.651917502
58 8700207.258200083
59 16075290.303633627
60 2597711.8767211176
61 21385157.525428828
62 881286.3178594969
63 17816935.95812793
64 32770494.79950466
65 13103248.340206185
66 16440375.124513682
67 22241731.88376465
68 2837102.964776244
69 22177774.29318638
70 25824716.85560614
71 5048817.709740641
72 21676474.52577394
73 9113118.058151329
74 32947870.991622295
75 5407940.006029963
76 1080871.4928730316
77 35901116.58680189
78 34209777.93139773
79 32532374.8779447
80 9339717.57651683
81 740909.1731949644
82 1775865.1214701352
83 30391036.56652942
84 25612522.43169035
85 34690294.639963895
86 47443451.70426746
87 1174678.9456109344
88 16530740.688381232
89 16628335.760278653
90 481523.4432839453
91 26106933.13432465
92 46843302.74785841
93 15688575.780453583
94 270575.0382250929
95 3418323.2670352943
96 12934580.574269399
97 6863946.511883162
98 21541540.22737094
99 9371230.064726286
100 10681169.55522809
101 5065009.358334988
102 20362673.0489344
103 8738230.857634917
104 13791830.59521738
105 35330375.775991954
106 4381312.21867324
107 8618743.408623744
108 32548330.1259998
109 26966993.2354958
110 12140740.669994872
111 9098665.515942127
112 16552577.267675072
113 43922628.47516121
114 34005054.45700323
115 22494287.4098256
116 34195563.80628064
117 8283973.38872207
118 21568223.331075333
119 24996109.79287405
120 6334617.773239279
121 11113222.895084051
122 10619288.064103711
123 11971334.822457306
124 14610954.148469714
125 332315.55423689075
126 10952724.455589645
127 6202976.459570482
128 468892.85351423826
129 3991611.3733450742
130 13039928.602704117
131 6567002.601639891
132 1384393.2223351728
133 5377432.999361684
134 17525507.925579853
135 7106891.651913729
136 12244284.019783644
137 9340872.309483185
138 7630799.974802846
139 53839465.394129604
140 4832425.545884322
141 20006357.710203
142 39448859.20730771
143 270432.6840600781
144 25433054.448817767
145 4531647.6904401025
146 25064814.79887744
147 4138002.161530524
148 23547757.422392573
149 8223239.099359387
150 20018516.890896603
151 27850353.433005072
152 46094862.53852444
153 22814576.071055308
154 2935973.9579320457
155 30813861.56671121
156 32217052.483716477
157 15183163.048546331
158 5491327.323660592
159 7936270.182654634
160 7279151.384372414
161 6945283.813727941
162 38793450.32547712
163 19013902.65462925
164 3275973.119618222
165 26781095.17885715
166 38000500.09976363
167 736254.4840695299
168 12879540.785153706
169 14486104.255704997
170 8418638.25810546
171 7083035.447157528
172 31213699.14873646
173 798515.8404353783
174 13110960.769285869
175 35949136.50346267
176 6539331.013833869
177 11436004.546843916
178 3217669.704837731
179 13464112.235736918
180 7509696.822543573
181 13480163.82234716
182 6855745.367588291
183 45682643.60367376
184 240673.2896974068
185 6434510.9081518
186 2598421.8461377006
187 9481232.898142435
188 26010190.348238774
189 1168363.7628369406
190 12594591.331075912
191 11282361.920468908
192 37495519.67308899
193 4606430.299127563
194 26102187.209951427
195 1147785.7078261208
196 8457275.221219622
197 344502.8353739483
198 35189133.24388987
199 11625441.740805797
200 2087555.6761736502
201 3030727.667206483
202 19177632.57847631
203 8975099.095369574
204 11904383.463818274
205 8051188.917671256
206 21231408.449536048
207 15834179.217820069
208 5520366.895067426
209 2883090.0756062567
210 23380680.072242923
211 16367765.988484818
212 4284934.61753675
213 7886180.798701492
214 15226217.27852407
215 707486.3722792869
216 10362443.137822956
217 35499575.493344665
218 5700274.525614801
219 7016650.770490395
220 16881406.812750943
221 1764566.0304005342
222 15585168.237447629
223 1719336.723043688
224 18191022.84196956
225 12851273.676642869
226 3932373.6871232786
227 11188169.227887629
228 651358.7983779865
229 1304794.894701615
230 5163611.733475428
231 14233078.871286923
232 8766592.154517973
233 20511493.683177482
234 16039550.484913599
235 8428942.817211747
236 10558233.402232613
237 11070019.134887144
238 11710077.629479691
239 19875059.302425813
240 21611965.665005237
241 8284553.768399468
242 13183966.083681148
243 27789.866946028545
244 8075835.253242652
245 26072599.74101641
246 9777252.94700583
247 5619715.707627447
248 2587743.116421908
249 15096409.252738079
250 17137210.489924658
251 1330190.021919638
252 2984390.796056458
253 8759695.92558887
254 21466513.12807766
255 5161634.417726889
256 29695445.579777155
257 5891393.635804135
258 8937426.094294377
259 5513231.814957907
260 24008153.759359732
261 6310717.587845899
262 10521371.840944495
263 39250563.75635691
264 3011676.5706994063
265 41746201.0453511
266 21727639.661318194
267 21588639.573493846
268 19097684.519073986
269 2870924.075588178
270 30532321.09170342
271 1552902.3100215
272 14550003.546436984
273 8344647.26433807
274 18541723.45768382
275 12581987.078315498
276 28545701.07781069
277 1724108.5659920066
278 12068637.211541366
279 128389.49593684077
280 36071856.37039005
281 8810035.774621677
282 6327195.423677805
283 1047303.2399656735
284 48099375.746402025
285 14951583.571691811
286 8184022.437060423
287 10348332.2549843
288 495564.4175856598
289 19858917.171347838
290 17686138.369221367
291 9274838.650673782
292 7667024.742452087
293 8260149.38730509
294 8750384.790707074
295 10983455.454012299
296 8179332.112106315
297 10858212.366420057
298 22777665.233769808
299 17818883.684592932
300 10730164.10648759
301 6177660.721630713
302 29922333.852855094
303 7485642.739220922
304 6263425.208364186
305 4374402.949100499
306 366572.7154764673
307 3743519.672907958
308 24031072.529598475
309 731541.0818095524
310 15930336.881457683
311 8731402.29871266
312 781680.740022311
313 13652911.640086152
314 14041957.59493325
315 21053279.299514588
316 488672.8663875568
317 1939510.0050310735
318 9080924.24782551
319 18087289.568291232
320 6539463.077606125
321 2996368.3528795987
322 36300128.32986825
323 3373887.259676555
324 13223642.905929808
325 10639182.1096799
326 4209785.3111785855
327 4919853.797660611
328 21843390.43023788
329 3667279.652468184
330 5441939.63794963
331 2102817.495872438
332 14483378.427291319
333 5076729.033897583
334 28691714.86464604
335 10521834.864987433
336 18421506.65667911
337 13901339.406677928
338 7739072.973936353
339 10223232.064870823
340 6176836.080240918
341 28104313.864299186
342 17464571.820988633
343 43208777.01335427
344 9039836.58857051
345 2076924.6952626528
346 1827165.1580949011
347 5373835.420993206
348 28784498.98897306
349 1054811.6950149937
350 3524413.8135005813
351 5449254.822525684
352 13755582.676000034
353 26361924.61902406
354 25317721.243740343
355 16940072.919219512
356 16700072.760311084
357 5537294.730237599
358 18740731.303809613
359 11000240.938873839
360 2125282.637198954
361 24872002.725184716
362 5437930.617850777
363 29577210.577480473
364 11614933.98344509
365 3735806.7732646875
366 29823063.313256364
367 13856264.142179772
368 17548419.522164825
369 7428329.015200402
370 2619569.3664600533
371 23604030.32919574
372 5254612.580498673
373 19434221.591756925
374 25245744.9609145
375 33544165.023793392
376 13752002.787312724
377 20615145.583600227
378 19424923.409764424
379 3956713.569238877
380 1544329.379606517
381 3353818.624379227
382 11540682.717690792
383 7499671.166383546
384 14102363.028927807
385 7550155.317304922
386 11482934.335928123
387 29170805.55285067
388 1578140.2737271637
389 690886.5958190765
390 29328044.256922517
391 4427102.559194369
392 20858236.026889134
393 7042690.12583803
394 12860443.84226095
395 21775858.265032172
396 13141026.547460327
397 4363649.6515576355
398 13233332.837787574
399 2383862.9180174554
400 1788805.97271395
401 1508527.4496016018
402 4229711.613030979
403 29514908.997647952
404 7439765.390485705
405 4007966.6599368798
406 19842965.87994864
407 26052995.203682575
408 6395322.862428383
409 14842900.745810017
410 6404037.994527942
411 14085736.612237317
412 814651.7804152314
413 1062564.7265891088
414 12442420.461384311
415 5047227.001500251
416 9246364.536197908
417 3386920.944383117
418 1141712.8957219396
419 12530954.484817348
420 5176358.122778928
421 959318.7273645252
422 15169542.406384397
423 10453095.855750065
424 15852511.775257513
425 34913741.79452795
426 10776551.101134738
427 10235469.6957416
428 3655590.6966077634
429 4659194.833613554
430 14199445.818445822
431 8655245.612805285
432 22340326.416156493
433 11241111.238775786
434 21584235.707705732
435 8006360.866762621
436 4247901.783675509
437 19111153.99855055
438 14169452.32801994
439 1770844.5890982607
440 16024249.053603478
441 15273452.838834247
442 11409241.463958815
443 11827722.840216745
444 3630472.8084517904
445 9657710.578662291
446 16414519.124487441
447 12378843.927513273
448 16366123.959577791
449 18936322.91729815
450 12206272.987542093
451 3642859.3098574406
452 2341887.035628059
453 7483359.671868495
454 781106.9371472518
455 5888193.724407992
456 5263756.794546433
457 2107492.8453172822
458 103427.54785702564
459 22786593.407205567
460 23591370.22690337
461 1330175.4444071343
462 7947119.885229997
463 2356962.803292822
464 8980341.046600025
465 4885893.992984123
466 16310227.365392603
467 5250275.061113125
468 894756.9903340228
469 6954493.053277808
470 19593942.953792978
471 15896693.494898045
472 1775264.2639217377
473 6760181.144570032
474 6754744.070730592
475 39736160.33423715
476 16840711.240349784
477 5904505.592399694
478 18525125.597523168
479 549787.0974254962
480 805420.3155452255
481 4530600.522840451
482 10768493.318321602
483 2620630.9000784415
484 23722745.604137972
485 12480601.235934593
486 24299993.917969428
487 4620158.365836713
488 16706470.191052957
489 16447143.44920147
490 4440524.362522073
491 23766035.733792953
492 42917727.759635344
493 6376489.820633806
494 3200496.0236652107
495 6416886.50502049
496 12713635.41894693
497 3840744.19707161
498 27016147.243533283
499 12542554.615563095
500 1164849.3589624353
501 1898203.752676563
502 7052120.101575165
503 15947220.38753805
504 22133291.45141635
505 7832304.302275414
506 5497781.354118819
507 13545908.572113287
508 11991781.177786442
509 1222084.7380886395
510 8507048.73986283
511 2554478.6606496084
512 14403844.490939382
513 5116123.241735048
514 26203992.628803205
515 7831924.6918583065
516 19447369.069793265
517 20714118.495095626
518 11643419.422804896
519 3555114.221200059
520 17654843.546475217
521 13865751.308895461
522 9267484.025422323
523 26716382.79433652
524 6202695.204696175
525 13197938.640883902
526 2147482.2539402926
527 25319231.325740356
528 2925056.338769825
529 3554208.1397288498
530 17046599.379705735
531 28217182.14222262
532 33446001.69850497
533 3443819.895593416
534 37327806.83037336
535 2544869.76969913
536 5947678.830377011
537 20388223.683518138
538 25536641.82334522
539 18905567.646830164
540 3871282.167590715
541 3025029.166981723
542 6031527.800609812
543 18343050.823673647
544 5710214.971540883
545 4550909.177685107
546 2740419.769525906
547 4891343.408160502
548 6425730.881888817
549 21227800.91478278
550 6228261.098252876
551 8191997.759286595
552 97667.28597348742
553 3375595.3709482346
554 7968111.338838888
555 5949602.65542198
556 3433988.7640852127
557 2411038.07063473
558 9178452.193116339
559 1147529.508493674
560 28266090.380783472
561 16903414.08240439
562 13578686.46897095
563 15484657.847918093
564 1332213.1283667255
565 9445880.612562966
566 5490397.242308152
567 9968941.371643476
568 17499678.822607756
569 2434467.6894199224
570 11097399.779542055
571 14468822.154455893
572 34361056.22644594
573 10136303.51370687
574 8104334.21286655
575 5131514.664391109
576 8642004.203995079
577 4583275.710860311
578 3567634.9487051507
579 14724896.860816969
580 18210663.430265922
581 7449963.863906904
582 26416451.40094272
583 16178744.757444318
584 2667137.941012539
585 2102366.27438174
586 10533044.054946166
587 17970834.710430525
588 9911948.73945335
589 753233.859969473
590 6139211.199647746
591 12735927.721642297
592 3541382.724547892
593 39623930.333255224
594 7409961.423004227
595 11435568.283642776
596 20889565.439302526
597 23552985.105188213
598 15010574.032670744
599 27697108.859538887
600 20152066.70923695
601 1303000.1717785855
602 10138676.941490822
603 6854314.95266477
604 22603878.19217772
605 18573639.876749508
606 6696682.742297767
607 8316909.458482241
608 12852166.192162434
609 17914198.10968414
610 8108262.429853249
611 10546530.71412209
612 4128895.808528672
613 1793985.7386601027
614 10209963.512874871
615 18382346.089060083
616 20598897.43173032
617 19957221.939243183
618 10025682.57955008
619 21510911.507455885
620 11227669.12764797
621 15444448.73396879
622 403242.0383000206
623 173850.34116982017
624 0.0
625 33090474.19420293
626 28042011.99626686
627 19174675.00684281
628 12672343.12021681
629 6681916.166431597
630 2382911.670034281
631 20607289.346805193
632 21484051.150611036
633 8383340.213833818
634 14823510.887379734
635 4914647.818324135
636 31167633.65926997
637 8426961.684886634
638 5508826.419170935
639 15337001.887517229
640 1516963.2193151768
641 1632362.1473363452
642 28351609.120440684
643 5087676.211838691
644 11992533.921811305
645 15366783.59624702
646 6160115.18054304
647 16524271.48416857
648 3890585.694140545
649 26253008.04788264
650 11451917.64819364
651 22067571.088181585
652 17791138.874008194
653 5331431.863036521
654 8789495.396092292
655 15137056.19943482
656 61630.531344510615
657 30536136.368284702
658 9391265.951690424
659 602923.2345044096
660 26887411.018584907
661 8028903.159042066
662 5925024.3511170205
663 2642128.088944861
664 39585929.88536985
665 11980797.919316484
666 17004566.463093456
667 10249134.481143076
668 1499349.8200980276
669 11565680.12069457
670 12636943.291990696
671 43708825.15030581
672 14948044.058669075
673 3657140.2440312877
674 3045026.769629024
675 6436540.84025338
676 1795747.8015899397
677 7376535.835298111
678 23951966.481775083
679 13951403.005083041
680 5208894.827230533
681 7728550.472889179
682 31436072.08252459
683 13586712.978207031
684 29410301.169019006
685 19070342.513865884
686 4327413.457278805
687 8944619.511039216
688 33902688.92623672
689 10430713.79297876
690 16648622.466095349
691 7902190.114471301
692 9512048.783474587
693 4330731.495697116
694 27118982.900303155
695 21794819.165890727
696 27121488.887915775
697 15171279.23685256
698 20291070.409362704
699 8267264.755570944
700 866858.3122785632
701 763387.9153529191
702 5285952.890960636
703 10032135.39814044
704 15702472.858830383
705 6702630.153827516
706 2938642.8868593397
707 5661435.29426532
708 32563275.411330733
709 6833731.072737344
710 23070091.064691894
711 14503419.559571136
712 19434251.077819638
713 11408596.975114552
714 18169205.570446808
715 14750362.324219784
716 13667697.036101075
717 3718767.702570699
718 16500289.849136319
719 4677497.298170516
720 7382862.682281083
721 259778.98206909373
722 1775896.836191873
723 9099831.65361728
724 14685051.82694428
725 23693761.296254296
726 4862228.130692614
727 19811232.819537938
728 11159913.267054869
729 1488207.153070517
730 8808083.107056549
731 22145580.51931241
732 28487610.525421545
733 7134884.564651657
734 8469862.254531665
735 3290807.4950849507
736 5132595.4393002875
737 19045775.379758094
738 6132367.193325288
739 6777352.132648391
740 17859311.165910974
741 7527435.893033452
742 21319967.26887644
743 35883575.326889634
744 21125789.59306676
745 8784609.889272075
746 3301564.001996521
747 9115045.602641407
748 14445141.771574495
749 4384281.38303247
750 19968810.86755867
751 15402214.952644177
752 24199039.5159463
753 9263412.442417756
754 3405595.163106868
755 12758242.789990697
756 17343298.087616548
757 28772813.28490773
758 644342.3672016524
759 5408397.247411613
760 10157835.706117727
761 21941377.814186383
762 7552178.785094959
763 8514905.717939831
764 19845953.82011294
765 10497721.488648154
766 8467868.694580479
767 6817033.257579681
768 11089642.343949782
769 1684679.6587834312
770 14535926.076219555
771 9901425.640388088
772 10580487.148638839
773 7583213.4031208325
774 22847618.84051308
775 7248156.532073153
776 18626776.780164972
777 23955268.327899333
778 12678800.926633961
779 26977904.40300751
780 9142993.836633943
781 9320309.6367426
782 2026279.2795938998
783 11936387.99710476
784 3774473.897906719
785 879157.7545299018
786 1075952.924152637
787 7930018.227605398
788 21363838.516197167
789 22284037.65733756
790 19512150.931050327
791 1015116.2193400953
792 6487877.302610968
793 2248039.544353392
794 10481235.350848889
795 10614722.127665453
796 13221704.743144512
797 23973957.39634152
798 22616896.662537806
799 8455975.494075252
800 28236290.285777748
801 2940226.4640596583
802 12674763.117958244
803 39733537.24165513
804 10716268.918445049
805 3632844.973045746
806 11216166.578624276
807 2909744.9146876894
808 19929604.604368348
809 4255692.643338082
810 5018511.0567147145
811 23201729.497072324
812 4666522.356394947
813 12553910.600940408
814 16754322.79939883
815 20311404.378535658
816 12324707.326426616
817 16791148.10475372
818 979890.4024776011
819 10001874.573851423
820 24010788.084221445
821 656928.5142170489
822 22658047.690948755
823 31502049.299839158
824 15223025.905560791
825 25959882.52256085
826 4888727.373486888
827 14722879.680500213
828 583622.4540029638
829 3511219.698943775
830 36709411.7395221
831 18142027.950459544
832 22338491.707706112
833 19005803.582327962
834 5318158.77419619
835 10996585.900906203
836 8348624.940485256
837 263472.1678602416
838 7757753.425847767
839 12417877.42761273
840 22769864.05028038
841 5587305.696882112
842 1967203.6710238047
843 14095399.126776218
844 1941708.192689065
845 14307928.335005924
846 5690150.3769438565
847 24841855.89957799
848 10721189.957295
849 14671939.334139042
850 17420932.491610583
851 21234518.51985219
852 18166343.769635625
853 8957107.623534065
854 10538175.911175799
855 17218813.38043803
856 9998632.902220162
857 6655874.786439387
858 10071758.998658225
859 9244312.555782307
860 9384938.511443023
861 18545771.780291356
862 4953800.05996819
863 1293165.7253612312
864 3989545.3529652264
865 1159061.8447576137
866 28661789.443808235
867 7678132.646039875
868 456648.0884009716
869 18477140.352231584
870 1356167.4050900834
871 6853959.894870702
872 11548374.444920775
873 3693482.555982072
874 19751873.72148477
875 15502254.650925077
876 27758431.335905872
877 2889673.8872478646
878 1272891.7455137111
879 24420130.89059954
880 3496190.238550119
881 20957701.001859955
882 17194437.165987246
883 9418036.021298368
884 19403750.170490727
885 639152.2883805195
886 1319287.467205638
887 3022720.269630012
888 13905233.161670048
889 25689875.92607326
890 3724158.368123308
891 20069231.892988034
892 28132531.33416944
893 1033977.2457901482
894 15077819.718138732
895 19098881.05637506
896 21616635.51477264
897 9412747.297913156
898 14026125.55308728
899 483924.4791691322
900 2133006.8769842237
901 6117920.6029932145
902 530575.9524054537
903 6981720.239867939
904 1500345.6811070768
905 1830941.3167109285
906 15674968.612759613
907 7607966.968684981
908 19594143.166058276
909 10103530.79146894
910 9831392.848408276
911 4208504.493806516
912 593502.7369473651
913 14561401.439476306
914 25149240.84694761
915 24281324.476875033
916 4396899.083878413
917 8744271.011731816
918 21027396.780265357
919 15512865.331070352
920 4683396.132742856
921 7007971.0575786475
922 18632299.588769007
923 21434285.114215463
924 17581249.898350164
925 238126.87467328412
926 4540829.158680549
927 27049791.841991536
928 410893.708355573
929 35525104.2496645
930 14878840.968353441
931 706484.8844383555
932 7084441.479001842
933 2359780.166516369
934 11186947.47433757
935 1725973.0573594281
936 8161305.049746256
937 35568194.53326376
938 19264714.190939654
939 16513055.090550348
940 30877947.172264904
941 4696086.3882022295
942 6425906.533790772
943 13046141.796266
944 2488365.938829856
945 5130808.8216506075
946 4225529.430665021
947 22969044.54213045
948 9154929.807969926
949 17827054.349814598
950 11282440.893546661
951 5607241.314368255
952 30431957.036489293
953 29913093.897204727
954 5511039.8529465515
955 5330654.840011226
956 17217544.606034644
957 8835681.938298114
958 46034515.73777068
959 30829542.47595587
960 13764699.05624538
961 20840852.281783417
962 18060849.8258989
963 21183804.025631934
964 3540426.913692793
965 5665772.013017472
966 10809925.629240863
967 7439142.458679427
968 27886134.542874172
969 19589054.955174133
970 602792.3906676865
971 6003047.096031409
972 8239422.778163406
973 1798377.3277126658
974 18509403.60057547
975 6506827.883637808
976 10699492.058547713
977 10171650.263776626
978 11536915.920478508
979 7413123.971451379
980 2041919.7736832192
981 11059247.28516255
982 20013168.545763243
983 18022186.37792076
984 4412428.158874344
985 5349631.795826206
986 17443184.448141143
987 97303.49011954851
988 7443478.305665838
989 6486098.018281517
990 15212327.76218252
991 21450339.656791154
992 4442411.636328187
993 19618854.053321615
994 8999665.654292997
995 30622774.306197442
996 2805009.8731539804
997 14312893.086035594
998 5915762.3403061945
999 13911773.621133763
1000 11038806.78952618
1001 23532873.02197147
1002 2393615.590661565
1003 5742731.312245396
1004 9035010.807733152
1005 2128967.731003994
1006 15529499.755538916
1007 1298639.1106894442
1008 9043579.444290068
1009 24756289.756361675
1010 11004377.75217248
1011 34128197.63358227
1012 9382905.311894167
1013 8711295.907133287
1014 4664181.531800634
1015 1252153.2846790347
1016 942929.0124700349
1017 7212160.144682823
1018 23635551.40901666
1019 5393890.638007254
1020 2614112.18388446
1021 5312735.226289669
1022 17950999.150693838
1023 4007028.209873187
1024 3379140.4984293515
1025 2746751.17799699
1026 5684037.813070893
1027 8814536.334609054
1028 15418743.42178806
1029 5548130.750891301
1030 10629946.055239655
1031 42440771.39604593
1032 12424238.842411999
1033 9577670.09794737
1034 5127259.861177568
1035 4031211.7607017653
1036 7668705.790541672
1037 18743851.731525578
1038 3463772.352987185
1039 16367646.656857572
1040 14936611.91980986
1041 11103386.878960244
1042 7892641.927350572
1043 7567409.475845786
1044 13699323.954416104
1045 22283870.44764453
1046 28030262.923441805
1047 16617421.538518101
1048 23719204.26695825
1049 8141349.4107532995
1050 16015341.195596825
1051 10801363.738368327
1052 8636961.68662592
1053 2845821.9771124935
1054 10735458.740104388
1055 34098707.476616785
1056 11074889.251720771
1057 10988450.884740114
1058 12180025.545472153
1059 6643500.680597196
1060 12120466.238183662
1061 11851016.072452743
1062 23632960.613531314
1063 9384398.950241849
1064 27611832.098908234
1065 27363853.327444285
1066 15276261.62222773
1067 2538841.4478819147
1068 8391797.128904339
1069 15814421.02096979
1070 13731585.108844042
1071 7258299.107192661
1072 8592741.769005518
1073 23662669.59105196
1074 18173297.26799106
1075 1387242.4796780571
1076 1484003.6999773951
1077 1902847.0754571906
1078 23443679.436918065
1079 12836643.956302226
1080 8157187.661641151
1081 11694386.201895338
1082 3143352.6741321776
1083 8419027.03118872
1084 11346291.63996445
1085 6890448.681040185
1086 13158396.40310423
1087 10424519.238408739
1088 15089736.795412486
1089 10064186.21596481
1090 24434928.81292382
1091 5306883.653346869
1092 1236891.7333179885
1093 1428542.2905055461
1094 5414981.874800509
1095 3564989.9109429643
1096 2073585.8776536915
1097 7968475.116420371
1098 29649861.329063848
1099 711776.3787768427
1100 10847101.559445538
1101 19123296.029770944
1102 33695311.177157834
1103 11177303.534384746
1104 9784095.845547613
1105 5524839.759555824
1106 8292402.03078283
1107 16549198.383259697
1108 11653156.901726253
1109 13726831.482160237
1110 6500206.8590574805
1111 8613946.362821532
1112 13378111.514027651
1113 200182.52747965045
1114 3517087.949474331
1115 9124169.132562852
1116 818620.7274158648
1117 4459699.395575221
1118 10617410.862755882
1119 19385538.58308398
1120 18668476.31249763
1121 5451157.530936612
1122 2925365.910873537
1123 7557297.654897286
1124 5062880.3947325125
1125 9751732.686347436
1126 14230983.093280885
1127 17032602.46863481
1128 589841.3837761264
1129 6438638.799400087
1130 13542697.897177175
1131 23926.036061462015
1132 36771738.49070567
1133 31090420.270510532
1134 27279416.508533265
1135 8077635.243666049
1136 11497019.140435047
1137 4489191.098608969
1138 13461761.463877168
1139 22765456.129416533
1140 6032939.139287999
1141 1155680.457109009
1142 3524547.2271150546
1143 12956993.642771013
1144 15962785.830460638
1145 10792689.329372624
1146 316192.94867314585
1147 32851436.087468054
1148 1075474.770119708
1149 27017483.709648207
1150 3735688.9514493975
1151 20444683.67303535
1152 32964269.964467123
1153 5435570.263812551
1154 3658547.446139995
1155 18193546.201030936
1156 5853016.279007856
1157 17604372.557819705
1158 22662233.399870258
1159 561812.792893
1160 7172974.216529917
1161 717261.1736303866
1162 7984677.4184647035
1163 6077825.625970809
1164 14225265.030920846
1165 16945072.604321435
1166 4974128.345774049
1167 26151995.267077237
1168 7955266.492190691
1169 13434188.776315447
1170 855934.593617663
1171 5644519.062772604
1172 16121577.559018826
1173 11918302.19125124
1174 5524673.6709589455
1175 6361561.373797075
1176 18776048.43309754
1177 15941228.487976782
1178 24065233.07219259
1179 253452.50752135087
1180 8610122.177596157
1181 3110576.793192848
1182 35915065.168201715
1183 940245.7906557713
1184 9848534.427512038
1185 12998896.882274669
1186 13220041.626868451
1187 1522011.7407616207
1188 10631095.8168804
1189 6670640.865118733
1190 8364392.174716122
1191 9946768.64683574
1192 9064542.683973316
1193 29010093.13804118
1194 2690018.903003905
1195 29574869.20145724
1196 4301316.532418927
1197 1569470.857894605
1198 4504273.1236996185
1199 13637400.542840257
1200 4734678.537816891
1201 4052116.706583675
1202 9897334.633282486
1203 21673656.27609825
1204 6843180.668637395
1205 13818869.007784206
1206 6724774.799564146
1207 8844332.520510336
1208 2220925.3472220576
1209 1239565.090469944
1210 2403318.421743346
1211 15250577.53149317
1212 7975856.831736259
1213 3184408.7081981264
1214 8160042.815830588
1215 6238555.591693464
1216 31573779.19098096
1217 9252495.202796705
1218 32421994.17793016
1219 6143242.561097234
1220 14494588.407553125
1221 15988054.497822361
1222 5932292.247591969
1223 10639864.127427455
1224 16654566.519178128
1225 16008909.964876559
1226 21402559.345858622
1227 15023590.790189866
1228 4308634.608375195
1229 6861063.326795069
1230 27722549.5172024
1231 7411566.23305005
1232 6344794.4299216475
1233 3639995.9086091956
1234 26529070.730859056
1235 5751361.840665784
1236 3364955.291156929
1237 12959334.352964502
1238 2345196.6847098013
1239 2951010.5989906695
1240 18660767.35479342
1241 1319986.392036127
1242 7682825.773239527
1243 1278447.4429416999
1244 22135253.55662365
1245 18886683.076061282
1246 11543383.620330267
1247 11987085.760065187
1248 1211484.8000218445
1249 0.0
1250 16024908.729871798
1251 2578973.001722522
1252 1894294.274773188
1253 3232936.942133544
1254 4223466.753010317
1255 4336139.476238869
1256 19881870.598054655
1257 9821088.594521686
1258 18727893.346267127
1259 8836403.30359476
1260 16086560.24683008
1261 18231105.69743453
1262 2484706.184693625
1263 9840608.511598606
1264 15441587.026704041
1265 12438506.749159835
1266 17306966.78153503
1267 9977921.524034422
1268 16798402.66344478
1269 2647169.507128666
1270 2476341.8074162137
1271 18243559.931706905
1272 13249657.378558045
1273 12833563.241469825
1274 4700972.32866616
1275 7890340.786783747
1276 18669881.185603008
1277 25436284.43064095
1278 4882899.247617002
1279 12077720.071393332
1280 1917196.5019436404
1281 30566762.711484898
1282 2199599.828921631
1283 5405808.538370404
1284 10219336.040220648
1285 21339594.40868219
1286 25481371.233219266
1287 22606644.48485319
1288 840426.2455381362
1289 28995692.76631894
1290 22636500.46023164
1291 20322877.482195884
1292 6780819.161272982
1293 1221409.590219427
1294 15831176.242523914
1295 35660790.7226463
1296 17946658.51973779
1297 26422340.169989523
1298 10797134.124328118
1299 4402709.486134818
1300 8087285.621260682
1301 28380171.589806736
1302 25503357.441504363
1303 7783687.282940694
1304 1579253.438355744
1305 24638640.372310936
1306 18900305.1717625
1307 13851840.738196185
1308 14407057.062965509
1309 19471260.771656625
1310 9325005.159179607
1311 18648519.152137306
1312 17250091.514364347
1313 3318706.800003579
1314 3600217.326892952
1315 10762570.798537835
1316 9874772.6542698
1317 6736650.899326928
1318 2792956.4594722586
1319 4759628.570861812
1320 48692929.55755226
1321 4706212.664731559
1322 13695250.00304525
1323 9399391.774564054
1324 4329961.644079606
1325 9402561.747689648
1326 8620818.621183608
1327 257360.38796238182
1328 14041600.186407972
1329 241705.1353562139
1330 11395656.796300637
1331 26205523.614347167
1332 1845596.9300940428
1333 16096856.726113787
1334 1104102.51540214
1335 20493058.113879126
1336 11343077.587319484
1337 13296836.821750842
1338 16175265.19760561
1339 4286184.902147449
1340 16038548.732405707
1341 4661781.81965504
1342 555079.8078025687
1343 15168725.882686865
1344 2391300.5113543607
1345 11105731.527938224
1346 873450.4506836571
1347 7793826.073647523
1348 35486105.82423338
1349 4567357.729136399
1350 8316526.694937941
1351 7438538.045988253
1352 10129934.054084817
1353 1707345.5139364875
1354 4711868.325899168
1355 16293993.48285615
1356 13174528.72768385
1357 12746333.175570942
1358 630477.9544107714
1359 977119.5038753357
1360 5162917.258792073
1361 5504885.467279794
1362 25580869.30266185
1363 3274464.6287586037
1364 16461775.461571481
1365 4852477.377583681
1366 422964.7119337197
1367 45742.26210926939
1368 653496.2841892177
1369 1076170.817092033
1370 6335754.25975433
1371 2678012.185790226
1372 21590260.01528352
1373 6703425.352193318
1374 3744364.3861568114
1375 15594130.915410792
1376 8756452.616026675
1377 2512164.0800982863
1378 20585318.142611228
1379 7388474.151022914
1380 279567.0546863433
1381 4342926.433264142
1382 14146102.719138682
1383 15465503.678845514
1384 3998169.1367687536
1385 16057993.688985266
1386 3822223.9528324287
1387 16506323.022114307
1388 2542364.8982886816
1389 802477.4415918766
1390 14278655.982572157
1391 13317203.920610879
1392 7471560.171267748
1393 9420486.367640447
1394 11401529.92635688
1395 7222466.036653806
1396 11724392.12948335
1397 26631072.67698162
1398 3359884.1851113923
1399 17437597.453871932
1400 9185646.282351837
1401 2124904.839455013
1402 7360220.297516261
1403 2858157.7197358618
1404 10541807.71857578
1405 1087947.8644246173
1406 10629389.69337284
1407 14238402.44933344
1408 7045327.755175464
1409 12204678.939230157
1410 16535479.165862653
1411 49762989.25008987
1412 14081958.825899873
1413 9495941.16472023
1414 24204422.5857548
1415 19389889.65309379
1416 7168207.11178156
1417 32730385.923680604
1418 11818256.560803669
1419 27715498.289877128
1420 16765390.33912133
1421 22967817.98395248
1422 3870238.1043461678
1423 1483559.6132025765
1424 14660580.116618805
1425 13623516.329247294
1426 2462541.005945801
1427 3672929.416359077
1428 18858888.947063327
1429 2535627.743503914
1430 12970711.344159115
1431 11845704.933368644
1432 13853265.934871059
1433 107904.87059463933
1434 4258323.234343737
1435 20033761.588258326
1436 8970275.591319788
1437 5179982.181586005
1438 4164997.432798675
1439 2430758.253871358
1440 6332956.497925434
1441 15379001.928538498
1442 16485888.291775718
1443 18891374.55298569
1444 1647164.0553002018
1445 10445669.523544252
1446 30799723.75813658
1447 3316367.080947757
1448 17118026.003733024
1449 2412874.3488162407
1450 23477837.64225407
1451 45261804.58259829
1452 21446327.651070114
1453 2682035.8782949666
1454 24745708.89727806
1455 17361333.592297524
1456 3348270.2224216424
1457 10410230.10544228
1458 4632544.393856628
1459 1865755.7590298261
1460 1041392.0647256421
1461 37940673.76008561
1462 38068188.97559227
1463 3498125.280478217
1464 11295859.313789621
1465 16019657.558014946
1466 13770451.124291997
1467 782836.3092725324
1468 7175621.302156862
1469 16929298.612064894
1470 970816.554674973
1471 7715329.110080304
1472 5803083.796131877
1473 11714762.420754101
1474 9771934.12667701
1475 15584581.420056172
1476 44097285.32886894
1477 26048563.739285372
1478 13055091.07012511
1479 8630324.11930977
1480 15264206.114120755
1481 2426934.9974893993
1482 11981716.992091913
1483 2042180.0081756199
1484 12834300.373325769
1485 4359265.165911595
1486 6070183.792536313
1487 16381258.913913116
1488 1719731.8361281883
1489 25282304.16974188
1490 23587019.67729551
1491 5673683.2220786605
1492 3832470.2220892496
1493 4655815.605527392
1494 13251790.189234385
1495 3762346.698515973
1496 16417983.736276507
1497 46842.76039617695
1498 1709665.919050498
1499 154340.8565717619
1500 2665346.9203638732
1501 23272091.985068195
1502 12822013.570389662
1503 2605402.9145830665
1504 8138201.593604672
1505 27451226.540116243
1506 15534007.041375011
1507 9431518.517692067
1508 17940264.353592783
1509 9244570.192765241
1510 944662.9024488982
1511 16340845.54331388
1512 2834914.317157033
1513 8524887.061275683
1514 12322847.696022784
1515 23098948.8219653
1516 15007295.859431682
1517 13184812.457493868
1518 39261.21022708528
1519 4675513.606460862
1520 10228911.525608493
1521 5977520.998600304
1522 2250682.1431749603
1523 46086841.125578016
1524 12944463.837294668
1525 12953800.489854705
1526 6144316.765517215
1527 9009749.602260567
1528 21891899.32868693
1529 40315138.58295912
1530 17398065.21515382
1531 7100824.941584585
1532 13936653.247870877
1533 1051513.6891382355
1534 14714904.013608173
1535 24187155.767534003
1536 5409817.247670741
1537 7131609.333911687
1538 12006707.222469253
1539 13023142.306682695
1540 10234014.181984834
1541 21015080.88157017
1542 14488705.30560077
1543 18492021.00752071
1544 22288110.215646125
1545 25830774.316544883
1546 5343070.2588524725
1547 3256980.101244865
1548 8299527.6408106815
1549 9264859.97681933
1550 20853805.975995935
1551 14632258.61677243
1552 8625052.872214884
1553 16554903.904421955
1554 2928093.293778042
1555 1007185.9152236744
1556 1371763.7124526612
1557 13253216.233624972
1558 852898.8675940614
1559 21277767.668102995
1560 827667.3404360693
1561 2284817.476937837
1562 6693415.240935236
1563 9288134.325546304
1564 9462222.78471357
1565 22017292.19863169
1566 187938.30250993348
1567 3437982.4304082408
1568 6372255.668242011
1569 9196171.910851019
1570 30477398.354400005
1571 8313847.618021088
1572 16119928.729743663
1573 6907810.109243996
1574 14511026.733367607
1575 1125463.7071285723
1576 5917142.450178646
1577 24174334.725757472
1578 4228481.85952931
1579 17611321.412136883
1580 10402486.926427243
1581 1674453.5030714562
1582 19618194.586425863
1583 10016987.739510447
1584 16572531.403017802
1585 14274942.729944412
1586 9810122.645530593
1587 9343556.24449371
1588 16971504.260830984
1589 20342857.70249091
1590 13817844.0439468
1591 23978889.27382731
1592 6398086.3433107445
1593 208012.3177748099
1594 4877291.315524824
1595 6309437.021297832
1596 1903378.385602029
1597 9630210.535367275
1598 14988677.645352105
1599 6445294.468085343
1600 2184471.846646561
1601 10747648.274513861
1602 39535683.65238859
1603 1072234.9638408897
1604 5850708.231313664
1605 4884547.69471122
1606 4264094.947531415
1607 15917461.563983718
1608 9103785.15094142
1609 2526326.6428079475
1610 2218151.91384893
1611 4507661.2068173755
1612 31631419.123183273
1613 5059001.05430867
1614 1141142.2838746645
1615 8761575.596101733
1616 25061164.237370577
1617 9354677.168251455
1618 10993206.64961431
1619 1486492.5030682823
1620 30723759.359995596
1621 1329669.5977485063
1622 6687062.576996475
1623 3857315.0029263925
1624 7535004.402657562
1625 18681990.382186696
1626 20274157.723159526
1627 7983530.42609957
1628 12362011.525404254
1629 6605104.158117507
1630 7299910.310338951
1631 8408710.86881856
1632 23982886.09936837
1633 33745908.72626884
1634 16302591.216554172
1635 31041571.1136651
1636 5735950.0728533985
1637 5721490.919392137
1638 1098214.8774877377
1639 2006884.151136139
1640 11536377.961967912
1641 3761228.903489255
1642 3161667.7353778686
1643 53649.563939223066
1644 8305129.048766178
1645 2465594.283789321
1646 3949678.7584247272
1647 18141231.5794827
1648 11073866.218488615
1649 2138419.1405700236
1650 12828397.238755753
1651 10809583.920508193
1652 4476003.12264591
1653 10164502.300581997
1654 2279419.4973670566
1655 23717772.576021075
1656 17055073.17455454
1657 7971543.858291758
1658 13795596.110114276
1659 32546157.784157045
1660 3144520.205422771
1661 9429712.196768023
1662 3911828.925924168
1663 4302740.7966429405
1664 14465873.85454619
1665 8741612.5656736
1666 636313.3087153439
1667 20263704.022795625
1668 10467097.77770194
1669 12397706.00403799
1670 556634.3503549406
1671 29281712.893703457
1672 5186498.325385172
1673 9105993.020784974
1674 2867130.8751537725
1675 10027301.647338267
1676 6483068.726976599
1677 9320066.139752155
1678 1814434.8937461528
1679 9135817.523493515
1680 11008861.855896145
1681 24241070.441075616
1682 9158785.966063408
1683 4726058.364883524
1684 33223658.94595876
1685 11535506.093220798
1686 36313.97023203969
1687 34336258.96143254
1688 2472526.4306987226
1689 8342909.738294583
1690 1314283.4017029114
1691 49389850.6431362
1692 1434476.3491429202
1693 8324092.790735299
1694 5775120.402903729
1695 38327132.62154895
1696 6484596.0556988865
1697 7339907.907749451
1698 26584353.433621608
1699 1585266.3340604343
1700 38191063.43898518
1701 3173193.5297390595
1702 10862283.682042545
1703 26060159.486699637
1704 22228162.65564026
1705 3544748.4118173965
1706 12797050.123687169
1707 6515176.8480226565
1708 5402019.814127487
1709 32382183.353238903
1710 25284387.050325383
1711 3958893.439563984
1712 15826188.892400336
1713 34007305.83524533
1714 1116278.3915960453
1715 5947093.532421969
1716 10526052.869731205
1717 1662602.8047756385
1718 19293951.677946277
1719 16343946.225746352
1720 8174028.601542924
1721 46902333.696057364
1722 2923843.2378362026
1723 28967878.969393093
1724 36774642.000631034
1725 29606231.92927386
1726 7848299.664099125
1727 7061595.389146326
1728 13116358.271049745
1729 15442190.272111302
1730 2286166.0117605673
1731 14222096.858319722
1732 333658.7883466892
1733 25224702.15526742
1734 18314194.805905204
1735 6816533.913299444
1736 2329777.725606655
1737 14928522.082246114
1738 720862.4151630774
1739 22934772.58243256
1740 10595943.062472897
1741 580694.4889620431
1742 20847359.74710467
1743 3908527.3582762275
1744 18263767.03192974
1745 19829097.509164445
1746 16242656.656525243
1747 10321243.368685953
1748 6727965.950046981
1749 10956853.11345703
1750 33211008.882996157
1751 14483379.170333888
1752 8085057.785705999
1753 6002068.782004062
1754 12401818.081618762
1755 17566388.91615866
1756 1589946.421953781
1757 1206991.4548195219
1758 23288951.501798563
1759 4179099.9423517594
1760 19943441.822869003
1761 12527285.020146482
1762 20687278.638352454
1763 33113645.015085317
1764 10550640.6566429
1765 7875282.957305996
1766 3365690.5758365057
1767 47955856.279249504
1768 294053.934829887
1769 33015777.738850556
1770 32303691.083432097
1771 4438857.87565699
1772 9367939.584150514
1773 2335449.9698839337
1774 6659295.697426725
1775 5884334.386867583
1776 7758012.830687714
1777 7284940.361596119
1778 7567895.251892349
1779 5948236.013329603
1780 1249403.6046132988
1781 16932936.6525007
1782 5741988.022185809
1783 27492471.226743765
1784 21129913.45300111
1785 6446352.859166443
1786 4387152.496951625
1787 31169376.29454507
1788 188549.96461103484
1789 20072042.853329066
1790 1701935.2338866275
1791 15681228.967506412
1792 17300890.460043207
1793 13101482.957445657
1794 18711041.623323344
1795 1611570.5503387977
1796 13872891.372921733
1797 8085450.599143114
1798 10237534.75952349
1799 22078800.7692543
1800 5706539.671584882
1801 7291632.128477462
1802 10855277.262088373
1803 18835934.84651238
1804 9796448.40955074
1805 6931656.263030143
1806 5747184.316535307
1807 9978786.137922587
1808 20006093.415997848
1809 4367763.449969771
1810 2723389.0022695186
1811 25798132.944548182
1812 29121802.103221703
1813 9732785.276116762
1814 9910936.7745026
1815 12892225.810526479
1816 18360427.208113503
1817 23641425.927563347
1818 5311778.599846126
1819 3953935.276473029
1820 29468322.729359597
1821 2481162.6007948043
1822 10811186.243901692
1823 3263598.840558472
1824 5358238.493213926
1825 14629303.545700196
1826 2416950.2251499016
1827 1136309.9967552298
1828 13977818.249111658
1829 10737879.72507442
1830 6546624.06688703
1831 26679335.355112944
1832 9933809.545467725
1833 2609359.8610013667
1834 1716947.532752676
1835 16991852.459267266
1836 1842324.1647850908
1837 4425200.440328588
1838 28303128.577059675
1839 5500556.7040456645
1840 6816056.004150782
1841 28722966.697249908
1842 25375795.18820461
1843 7262911.979461174
1844 15574560.129511546
1845 7056249.222864842
1846 14761962.423651077
1847 26514236.223817963
1848 4047252.6459953133
1849 30980276.943517268
1850 16676319.69545842
1851 30183550.84320026
1852 6536600.6731751
1853 818047.2942749988
1854 34924267.915329136
1855 31165371.92658192
1856 26332351.399332933
1857 1095650.501310139
1858 12239129.243291253
1859 13522239.075082883
1860 18796356.85991282
1861 13649409.044158416
1862 4632604.642670723
1863 8613134.350758456
1864 12181121.659486959
1865 21840878.731528636
1866 15703805.029636085
1867 16793132.82778541
1868 2737857.949609888
1869 5081983.3694969
1870 15753570.592327092
1871 15157296.388980104
1872 6285880.954048742
1873 1872271.5012645647
1874 0.0
1875 10997288.354613863
1876 7173434.840026757
1877 7478622.36135466
1878 397716.8767571412
1879 2485615.3888730346
1880 13038322.724343754
1881 1102361.8433103487
1882 32332701.958020326
1883 14357897.495692512
1884 1480411.3074739962
1885 22621056.384538054
1886 10587520.139313793
1887 20508038.276196864
1888 6047086.989956787
1889 2538546.844745564
1890 1814052.2613597997
1891 3422040.173984388
1892 17070204.834645085
1893 2264404.2950134184
1894 9967815.403774079
1895 8220231.168909342
1896 19511688.133629218
1897 16405813.403574672
1898 251706.62004439253
1899 12803939.589240626
1900 20756186.369899258
1901 6687932.510125924
1902 10226779.643882962
1903 1346748.0544679393
1904 18204373.51803389
1905 9674461.342150081
1906 28599597.892733958
1907 18468477.689527825
1908 10377949.547338175
1909 8942582.900445279
1910 15439275.725536253
1911 9370404.560535042
1912 10581816.687209647
1913 2030270.2268468281
1914 11526803.12963108
1915 19611147.352157902
1916 15878935.023076806
1917 3554528.3417445347
1918 6506930.662590189
1919 21471188.463747278
1920 7533353.903103223
1921 2579126.0245659873
1922 8710687.595182244
1923 4339003.744080902
1924 8781737.853044387
1925 12474957.007049836
1926 32214501.17448364
1927 4668959.354997765
1928 6599053.642384028
1929 12552899.855521895
1930 4535323.814002006
1931 9062752.341130976
1932 4077003.699501005
1933 2834534.5156612303
1934 6475768.007967587
1935 19077136.601646382
1936 24220048.718337107
1937 712353.3982705511
1938 37464125.05269158
1939 32272967.96789573
1940 23739296.154343195
1941 38156617.098780915
1942 10652850.450248044
1943 18772635.847175032
1944 3674753.7667430993
1945 6281371.412298037
1946 5668819.48936639
1947 2435870.5743578356
1948 31400908.043377787
1949 25325415.826090984
1950 349291.1085335626
1951 10524424.82259015
1952 2123463.064584204
1953 22891504.007512752
1954 11465133.738364328
1955 30375368.17363344
1956 24204300.87010067
1957 13663045.49651144
1958 15899788.742495513
1959 958346.6688376311
1960 29451290.89035784
1961 821846.3139358759
1962 6272862.303151527
1963 23067784.510258257
1964 10986643.600600446
1965 4988181.391939808
1966 18076065.880548134
1967 17073226.21635127
1968 19981774.915509563
1969 11684943.189037299
1970 3699715.0709001035
1971 8108698.324377873
1972 8402306.58354199
1973 7234666.441065951
1974 10738157.66010045
1975 10425190.354450256
1976 2483433.2339627314
1977 20952039.27413988
1978 10065677.295864295
1979 10455920.052688358
1980 27386910.80372364
1981 17144263.247420564
1982 40088748.34671289
1983 6646620.321195021
1984 19898139.6230115
1985 17926157.00961659
1986 6224854.829864864
1987 24466218.62841384
1988 12312827.614898834
1989 1087544.540082969
1990 12299569.66856227
1991 2101024.7013386297
1992 23074124.859070458
1993 10914530.714311944
1994 11522291.034596968
1995 7668843.941177702
1996 684666.1626479072
1997 38606614.45971462
1998 8987802.507990148
1999 29086575.417188674
2000 11441546.742226962
2001 28619483.945030265
2002 21493162.571473245
2003 36320817.3082734
2004 650210.30499434
2005 1622122.798951529
2006 13530976.818042364
2007 44419437.84079522
2008 15206281.538161188
2009 17646398.617030367
2010 316587.5555166779
2011 3440448.4089587443
2012 14499135.916299377
2013 5322837.049277762
2014 6524309.163702913
2015 5225244.109866705
2016 6776110.202374133
2017 10364926.546478689
2018 24313059.116722308
2019 8873377.290324975
2020 13279013.630440995
2021 12797044.024970498
2022 18618341.3290681
2023 2565076.802429009
2024 12314537.435068287
2025 32623959.38968794
2026 35693172.07581167
2027 35410119.034182556
2028 4650647.495574718
2029 2976672.107430606
2030 1921610.394724614
2031 6273797.5872697495
2032 3042863.5424821516
2033 1696547.7547022589
2034 21653249.087063327
2035 10203423.91653011
2036 9494248.085621947
2037 8735180.333931351
2038 292200.66580358986
2039 8212964.133544096
2040 5030363.383333382
2041 1391444.3293061927
2042 22693183.866689596
2043 5292583.932116108
2044 1429291.0531529933
2045 10315599.92718414
2046 4212107.862647772
2047 6006246.150989696
2048 2708556.4723633407
2049 1493294.8629659202
2050 11667717.653744757
2051 3334141.6214648
2052 3781172.203448301
2053 22531595.620698422
2054 7703702.728406839
2055 4138284.5416000253
2056 39517509.09716275
2057 11183836.275915977
2058 186211.62906812178
2059 772028.0263730977
2060 1657152.6519061022
2061 6945203.512797662
2062 18462555.35783513
2063 10542844.667620588
2064 13298628.356087673
2065 4757656.179825858
2066 11832679.678084996
2067 6773624.1490705265
2068 11786681.52867145
2069 1565957.3063482582
2070 4776586.427476024
2071 38881041.958813235
2072 22730952.17718798
2073 31342871.704607114
2074 11114567.293657275
2075 951748.4533150475
2076 3120200.338099948
2077 14969362.100467138
2078 19971135.635683417
2079 11266409.975589685
2080 12761351.924814686
2081 18952791.485227153
2082 5019945.234512344
2083 12388344.813188147
2084 5634.687463145703
2085 30934208.77055684
2086 3657943.831112521
2087 6587109.840574935
2088 4708010.233991094
2089 11388145.505627437
2090 9249240.548868908
2091 57099371.152695104
2092 10453902.945144909
2093 14175587.94034876
2094 2007423.2702028905
2095 4386190.845616007
2096 8362025.844184518
2097 10776665.592085931
2098 29187041.207284868
2099 32484901.300287724
2100 30645174.450822406
2101 15511889.152354566
2102 27067433.046188228
2103 3213552.1396042686
2104 5579224.969335699
2105 3448247.82517818
2106 15510450.673574056
2107 7334899.188025198
2108 1042002.7607670669
2109 23752062.593637668
2110 32954127.67724468
2111 21402367.931720734
2112 3193031.916507545
2113 26128326.01970838
2114 24295852.003974535
2115 30352922.780975185
2116 16710461.204352925
2117 18454166.47923069
2118 8678871.344955817
2119 24899329.048595913
2120 3138589.72136075
2121 3203270.248015884
2122 39132637.90031153
2123 8199134.050049683
2124 14504334.725303836
2125 15651580.097755983
2126 6200630.060720053
2127 7307338.511298869
2128 15321220.570182858
2129 6880139.561133146
2130 10812387.6477506
2131 18053623.564135656
2132 1728496.315715978
2133 5126652.1515407255
2134 21693292.274620842
2135 30169681.599943954
2136 3069278.3773839166
2137 3346430.07991823
2138 9627880.89949138
2139 264552.4793078061
2140 7753809.454617459
2141 10105735.374015357
2142 9166820.55941191
2143 13600767.149012852
2144 40233088.91906136
2145 11945114.577177778
2146 6514212.316428825
2147 385927.97038759594
2148 30024392.39238298
2149 25991094.151427567
2150 13319820.680364523
2151 11205015.448606007
2152 9515419.675775465
2153 34724426.84797625
2154 2608564.788972482
2155 2245852.1792889237
2156 5625417.145590968
2157 28837128.184778243
2158 1147940.7546223276
2159 3045557.113846194
2160 39403673.24571691
2161 8508018.365327772
2162 16126420.222379185
2163 17782933.90503847
2164 42594648.74191884
2165 9088676.452178016
2166 22194110.365482494
2167 10816098.358885724
2168 5715911.573052874
2169 15719723.421518521
2170 9220202.092620447
2171 6785610.991491629
2172 13240757.028957494
2173 2656782.0455835275
2174 33063518.485966086
2175 8830786.938360162
2176 15119763.950781938
2177 1717523.6459822431
2178 6847955.055806616
2179 10209237.050737351
2180 4379924.818607802
2181 31464825.992960803
2182 26916790.10301055
2183 4532326.114506258
2184 5787810.843875748
2185 9656645.777353555
2186 341071.99372672336
2187 13569914.225930981
2188 6745890.597447046
2189 31541616.494390365
2190 25304548.22821398
2191 7742222.390075695
2192 9990709.036165021
2193 21686040.082657672
2194 8531071.37439017
2195 17826800.77894679
2196 12769842.711294372
2197 2975015.802929305
2198 13139064.131174399
2199 4919241.873114453
2200 20826713.486278445
2201 5390773.685695376
2202 29931645.844817843
2203 7413907.559171645
2204 1816536.0724074617
2205 4133164.905655861
2206 13730959.400774144
2207 18700474.358724356
2208 13025555.525517073
2209 4208738.075844602
2210 13346070.263038244
2211 2911123.4042894077
2212 3344074.6428858824
2213 2548254.025000239
2214 263439.7488366668
2215 19871394.32550097
2216 1261090.3880740013
2217 21331973.622636303
2218 1439573.9713593274
2219 2891528.11473585
2220 8041412.157603402
2221 17279271.597268272
2222 1314372.5161998738
2223 12748532.937997071
2224 27461226.246267125
2225 1059864.8083358565
2226 6103163.688724384
2227 15850709.659844056
2228 8318099.427772657
2229 26165378.54211458
2230 10289403.877769254
2231 7453680.768885317
2232 5308170.5588461645
2233 14237371.607845062
2234 8284047.987545593
2235 10275060.550854225
2236 15180118.409246009
2237 1958869.5088665588
2238 11740431.605896
2239 5210294.650877692
2240 1763108.4418795304
2241 21389232.695671864
2242 6064563.030727476
2243 12542195.407025542
2244 6233457.591476623
2245 21933647.23445297
2246 3672221.911312869
2247 38040823.84870307
2248 39025147.996508084
2249 6627810.033313855
2250 13790415.633120414
2251 9097388.333071385
2252 3164116.391895052
2253 11208589.97836591
2254 11756058.198916363
2255 12093277.750932194
2256 3202905.1396129993
2257 4165326.0699425405
2258 3082694.4930654084
2259 1121050.8327137027
2260 10382612.991840627
2261 11046948.817409303
2262 25898721.53604815
2263 13012354.274214745
2264 1683320.4538897043
2265 8238049.136386355
2266 7848165.631291682
2267 7759187.518322963
2268 40844389.34674622
2269 340911.4596353471
2270 20177742.69918818
2271 5428750.844568044
2272 42820044.702400334
2273 4698740.012086718
2274 16587237.801402397
2275 4769476.240822759
2276 9816840.223795783
2277 18352805.16325964
2278 16560408.368805608
2279 20477279.58534939
2280 4883380.366812373
2281 6340032.792907929
2282 3596784.709716197
2283 14706673.10048162
2284 24554394.142009933
2285 10404121.528052364
2286 6968826.455012962
2287 18692902.318174742
2288 21702717.363122016
2289 509958.7917738687
2290 10671014.231958242
2291 12140840.635509146
2292 1471025.9090338917
2293 673196.2696159072
2294 24147390.901906777
2295 11667507.050853886
2296 10782117.516458184
2297 1987979.7987739919
2298 9963755.343937267
2299 18136414.13211491
2300 20382210.94963268
2301 31324555.80499512
2302 3332406.370100976
2303 2127721.3815307617
2304 18522116.654105235
2305 18813022.773718975
2306 13588149.831345458
2307 26762563.330554664
2308 3682916.9818340577
2309 28679947.289225698
2310 6208055.989182701
2311 15277371.423332226
2312 36300821.2829938
2313 10316854.520205973
2314 19786391.448241867
2315 4577855.363511401
2316 9367057.80880582
2317 14877725.69667877
2318 2488784.5142885074
2319 10628008.036945106
2320 1259788.3507400807
2321 5791537.142662486
2322 11931496.249950333
2323 7592789.237124493
2324 16910729.41381754
2325 576053.7244495722
2326 3395902.430661317
2327 8846416.501661913
2328 8504918.685058601
2329 10836706.753701698
2330 358115.44299136754
2331 4584772.617978243
2332 2125334.7294217334
2333 28544205.191650487
2334 19673355.485175416
2335 3056856.294633111
2336 5717042.315225221
2337 2734017.2211016603
2338 3110663.624336589
2339 14302141.950135779
2340 16342223.555306442
2341 12564541.055845939
2342 2324045.3497098405
2343 15653815.33207468
2344 26526925.805152178
2345 10373486.546278788
2346 3080357.2016324345
2347 15597551.663676072
2348 35429715.09093602
2349 2227607.3594965152
2350 2820317.4530481994
2351 8351981.578664755
2352 2047878.5179366516
2353 3486464.064988722
2354 41461886.90615268
2355 932696.1673344467
2356 7657680.102066074
2357 4822463.728884326
2358 10313038.001808414
2359 5310502.514651081
2360 6954626.47678113
2361 21565928.088465527
2362 8118671.213927726
2363 5831214.849797368
2364 22077489.85248516
2365 15162867.849407999
2366 221717.33626992814
2367 14623642.839024456
2368 8889462.642870158
2369 26825602.04117796
2370 11622070.367061134
2371 12602182.108385291
2372 9475276.378181562
2373 26764179.06687464
2374 9603173.523528688
2375 14066330.688534556
2376 15580044.808269436
2377 17826737.48288054
2378 5754341.3798625255
2379 11807115.930385843
2380 13776862.11103725
2381 2227546.1587621085
2382 1774298.0440391283
2383 10169012.816926917
2384 5026024.125762343
2385 7855568.319500013
2386 3178873.9889533976
2387 3164571.745084195
2388 878414.8145268844
2389 21167440.09219332
2390 21034409.103390105
2391 4536545.964906283
2392 16087922.821143752
2393 13963796.712183341
2394 3304638.4581569172
2395 19868127.284440752
2396 14017330.274100594
2397 19081630.8725639
2398 5195359.691541195
2399 5074061.450806889
2400 14064477.724003341
2401 13261194.103459908
2402 11723847.820521299
2403 4907238.50675817
2404 27766943.78856168
2405 5824719.8955286555
2406 10031497.169050803
2407 9336152.505414976
2408 28084336.778877508
2409 8727278.084149696
2410 1662672.3931922223
2411 20753618.328356314
2412 30335721.113546766
2413 9079767.873329848
2414 4811357.826546125
2415 8295929.695532192
2416 5012254.339106094
2417 11623581.026099892
2418 7152354.449185284
2419 7416695.500044355
2420 1824302.4430316954
2421 16406019.463350154
2422 11190441.50484727
2423 8991922.221677212
2424 6792213.404436157
2425 2282747.9906979706
2426 1151380.9263726561
2427 8267323.562114276
2428 3859972.355646315
2429 10536450.813360495
2430 8045622.2539389925
2431 972418.1190234143
2432 24482948.642958555
2433 9010414.009042528
2434 13617547.704761252
2435 7451575.192074951
2436 12098139.469283354
2437 6762517.06965507
2438 7047796.807768815
2439 5584178.213730456
2440 10520752.909095839
2441 5548817.592682824
2442 6344986.812371917
2443 3619297.454507837
2444 22749479.48261184
2445 11892511.54284252
2446 20080065.71123968
2447 9772243.627151009
2448 18641751.04799278
2449 5368146.475764342
2450 9061213.70243231
2451 13577574.44724513
2452 33426456.64393103
2453 6628256.071837258
2454 18549903.720552407
2455 3866064.6913273986
2456 6355940.524997416
2457 5848986.170227414
2458 1196589.635188857
2459 1133833.3238444845
2460 4624064.35640938
2461 774344.5010561682
2462 15332166.915589172
2463 7251548.712283898
2464 6306880.77519712
2465 12370036.16496513
2466 12928036.881605458
2467 9012212.64689278
2468 2619018.9699477106
2469 7107532.974354102
2470 17459612.593451336
2471 1573055.601596146
2472 4211220.67811286
2473 21491052.87199249
2474 8936115.678289305
2475 15139771.305004813
2476 6807849.150540773
2477 16453142.29753235
2478 5182206.522783908
2479 32858966.395857584
2480 41769494.98652654
2481 19638598.219118513
2482 2827786.2457036343
2483 1258188.4615116268
2484 2744597.2289640782
2485 10987527.62766996
2486 21047911.831831325
2487 14525378.31576212
2488 4102731.7767930496
2489 738943.790690003
2490 18163519.866553843
2491 13725302.778273992
2492 4847295.979434226
2493 22023289.15541659
2494 30669923.10438052
2495 327017.86438495666
2496 17949180.685259696
2497 3567208.803358646
2498 207428.93510507932
2499 0.0
2500 12953144.0
2501 16147751.438085323
2502 6743910.300646789
2503 3002088.718776975
2504 6812651.04145104
2505 23337506.818503935
2506 5899094.88312779
2507 6260512.232430527
2508 13372727.732883167
2509 10856318.562914267
2510 6000583.260913267
2511 18479745.267429672
2512 16275681.951444864
2513 31487392.35349451
2514 2629712.264225971
2515 41312646.09400268
2516 4614609.836573537
2517 13674227.567209616
2518 21407037.78940164
2519 11261514.218884487
2520 19870074.26629244
2521 12604251.10207935
2522 12310576.188638559
2523 7275773.980985392
2524 1517931.1719217952
2525 19418997.783121113
2526 5139748.411983788
2527 6625847.559687332
2528 15059778.406503342
2529 5650172.098548443
2530 1394096.8883362636
2531 9217513.872448118
2532 23614881.909316346
2533 12593382.923705999
2534 15193868.278581105
2535 19569388.44984588
2536 16049180.14537785
2537 11034727.40703539
2538 906655.6987512077
2539 18484186.813914616
2540 15674351.790743219
2541 12037695.377275156
2542 2119239.378521698
2543 16815501.227612182
2544 45289735.347484425
2545 24333131.528192017
2546 14747177.4528422
2547 27276837.07727285
2548 6521405.552903516
2549 5695841.264165031
2550 5345073.070240386
2551 7560976.7043817025
2552 10382649.272240499
2553 4235294.252180457
2554 4518829.16533111
2555 13115144.844730321
2556 13447390.753640607
2557 16917922.53251763
2558 18444529.638220295
2559 35056189.65570073
2560 3981351.9792063376
2561 10879283.071935754
2562 1246308.761210896
2563 2809478.5149862245
2564 12815614.308815291
2565 28684729.41362506
2566 5348324.320079837
2567 20760348.41853435
2568 9735922.706658008
2569 25634678.066856608
2570 8984773.909892589
2571 21938294.033333447
2572 7351019.13052844
2573 27124500.446629003
2574 10945764.087596547
2575 16738444.9936308
2576 5390499.42738449
2577 2056137.5653148973
2578 10864326.576245537
2579 13033389.503269963
2580 2866880.475064113
2581 3954500.98433276
2582 2061685.6685100894
2583 33375003.23984426
2584 7543881.657761097
2585 1097043.2125835586
2586 7086838.537530768
2587 3982110.037645638
2588 7627586.994742166
2589 14140142.130968343
2590 32461863.385440167
2591 7888608.835626132
2592 5708139.436182901
2593 17565001.2636372
2594 22120425.06628375
2595 10620521.377839034
2596 9387105.961986665
2597 4030205.476612527
2598 23716539.807822432
2599 2332763.497008696
2600 17369590.861443263
2601 6275450.386133463
2602 592729.1122224582
2603 17355514.705478016
2604 8917280.009569539
2605 3094736.803104257
2606 4726137.732702061
2607 542942.1263654842
2608 8676482.133613782
2609 9236492.267143311
2610 369288.6799053289
2611 9622771.798666507
2612 9038835.943688493
2613 8047917.879184544
2614 16103921.665206345
2615 5753198.272979022
2616 3166734.294550933
2617 14471038.008493539
2618 22485759.873884525
2619 1971527.322325049
2620 14715025.330674585
2621 15364039.397624468
2622 18826041.370949194
2623 14283136.743474608
2624 2887617.5808294546
2625 6346774.753694702
2626 15218978.157664193
2627 18420685.52382009
2628 3975438.2006534515
2629 8187895.977295183
2630 7255871.271061895
2631 7180210.562876102
2632 18174925.419916593
2633 12481969.927925758
2634 1403170.018459998
2635 17978054.096617393
2636 14993253.456941452
2637 29482151.814254038
2638 1334379.867723904
2639 3512993.526267304
2640 5851054.061887875
2641 11028915.392856041
2642 17436320.63806171
2643 26826990.788967393
2644 40197375.0454057
2645 22522941.318040784
2646 12411205.592029944
2647 25354754.678718783
2648 10081427.097781122
2649 31275239.324416358
2650 556172.3621187741
2651 39307315.87818533
2652 3313843.1872793203
2653 14033072.900058795
2654 6621646.522819405
2655 4143746.5146545316
2656 9786574.83617469
2657 28877763.81676836
2658 5385306.537642525
2659 22013804.070456836
2660 14712567.122210005
2661 6875661.732360603
2662 7056605.162910515
2663 3874721.4954428906
2664 5454624.1585724745
2665 11549942.10583226
2666 5467075.559342396
2667 19126273.692972768
2668 17380616.682880282
2669 4931778.159596749
2670 3956166.0374083323
2671 6690143.826632254
2672 7270400.494998832
2673 14414958.734907145
2674 2317475.232408841
2675 9885976.582265932
2676 20031922.462020583
2677 17472868.46662018
2678 13940729.094794638
2679 1018773.5163994206
2680 20332964.61480987
2681 14286601.837792814
2682 5349797.451841526
2683 18515096.817450672
2684 780165.0304659251
2685 16244761.078299958
2686 12009000.060944518
2687 11433439.002070876
2688 10867426.58389984
2689 8529933.158188827
2690 18554153.052797616
2691 7271979.143055972
2692 13652232.761942273
2693 16990719.71137943
2694 4908847.186305186
2695 16023258.588092463
2696 12263545.561864233
2697 6664455.543006442
2698 9333640.032689823
2699 14595183.291217618
2700 5550062.81271979
2701 17502198.892260224
2702 8633980.258931383
2703 7533214.335513597
2704 7176686.0401533395
2705 14909517.984237067
2706 9008930.057419565
2707 44201242.11574682
2708 9312361.697805848
2709 9696635.733643442
2710 5089169.428020544
2711 10498118.055484582
2712 7574208.4322339045
2713 12125875.984515965
2714 5380087.68964885
2715 2653880.313014652
2716 19775734.884260584
2717 12308940.690642014
2718 10727722.019889832
2719 7029236.132820049
2720 24436991.04995791
2721 16561198.48369475
2722 5324715.920190501
2723 10769922.65447505
2724 4855618.837037347
2725 23525485.54023695
2726 5447479.767274833
2727 30341121.913555797
2728 399846.8987745922
2729 6309514.715075072
2730 19131938.61008696
2731 23121148.147728976
2732 4599763.150917439
2733 5408306.9567738995
2734 4456839.270875515
2735 12042768.908961847
2736 2022657.3775783377
2737 24434178.890112326
2738 200286.2302538203
2739 40204919.98798975
2740 20935283.05813141
2741 17953625.401034866
2742 14888809.8148558
2743 5515775.375850001
2744 4384836.500614549
2745 21680643.2052483
2746 12911415.699742002
2747 12258267.461372452
2748 9293483.31274779
2749 6957821.549568435
2750 14027470.626425028
2751 22748842.785962887
2752 23343254.550262008
2753 4710633.295726039
2754 16929982.471352868
2755 31835451.441936005
2756 25891803.907444246
2757 89581.6090510413
2758 22120146.37614313
2759 18848765.66092357
2760 6601649.752149528
2761 1297215.2515927898
2762 18099192.34043199
2763 12300675.59471342
2764 975512.1711019534
2765 8665673.312938182
2766 14290073.940770952
2767 11785790.729582619
2768 30168314.107920796
2769 28328910.207027875
2770 1248432.003658479
2771 9977020.879036
2772 5617870.49465308
2773 29111009.180791933
2774 2969143.96426496
2775 28526951.851244777
2776 38820740.56525695
2777 16239561.811166577
2778 13025852.287691718
2779 3564583.3344472945
2780 14261494.429047521
2781 11034480.51198245
2782 12621633.531310126
2783 6800042.386329368
2784 11700088.924409002
2785 9908040.364461172
2786 13077855.894043313
2787 35580.9840096063
2788 19541661.338535137
2789 23144107.23227852
2790 11607430.514857963
2791 16649533.712673731
2792 14047508.823279861
2793 8447252.41326334
2794 12602565.673763737
2795 8433740.053882036
2796 220497.87520091422
2797 6132967.634256355
2798 20660988.050830502
2799 14275580.587761361
2800 9004118.265336975
2801 4262028.843800238
2802 3040917.511332612
2803 14192411.986753471
2804 1918357.170182718
2805 12412428.10466773
2806 3728911.6950435676
2807 31816796.927022662
2808 3971272.3439921644
2809 23804379.087932236
2810 3554051.7517655715
2811 5543765.107152794
2812 2319420.4596953737
2813 49958057.50107
2814 25115153.58106099
2815 19267126.41581686
2816 6514358.631158706
2817 4707425.312071876
2818 23962913.591403216
2819 4429089.514002246
2820 12392102.54829837
2821 10476804.966396652
2822 13239053.101664774
2823 8034958.197712138
2824 18108392.652569108
2825 18793722.930496663
2826 7629394.799483435
2827 9295840.364948388
2828 17881094.634102315
2829 4917783.124533582
2830 13197823.775329387
2831 5144199.762962854
2832 7038764.690289049
2833 14046039.895777516
2834 23559759.276427723
2835 9937847.662511926
2836 2685244.425032975
2837 32237514.63139823
2838 14592912.22810116
2839 11335963.444148827
2840 2800949.827025784
2841 19845911.75927321
2842 5576847.744459378
2843 4214240.599785529
2844 1008155.0401615119
2845 17891825.024801705
2846 12201166.465910181
2847 3427524.969620847
2848 5430572.950232666
2849 11591955.552766953
2850 5219864.474665862
2851 8224800.41554071
2852 4875558.92903062
2853 15405223.170607343
2854 14098498.80250809
2855 11597895.357274218
2856 36169329.922613695
2857 2501831.965351277
2858 1527178.1384356944
2859 16370689.902393728
2860 3361042.4961886397
2861 15099585.871409472
2862 21788709.359602526
2863 25265152.671525232
2864 1603822.2913092822
2865 6409401.866116405
2866 5737770.076004569
2867 5591035.738912893
2868 19276233.324699067
2869 4150044.5824887897
2870 8373039.016386278
2871 12887144.613911329
2872 20671662.09825119
2873 5291759.898257766
2874 3497015.996032036
2875 16950411.744378846
2876 6535346.0854454525
2877 11394383.149563603
2878 21201609.976875715
2879 16076840.678475551
2880 9311620.542427598
2881 14584197.631449098
2882 6505897.153836072
2883 20809676.57426715
2884 7882303.063902099
2885 16151297.400874188
2886 20189994.92882938
2887 5115259.095355243
2888 773770.7456782768
2889 4701554.413285864
2890 20328550.239843585
2891 6210125.191940041
2892 2495221.110175306
2893 8806059.327279925
2894 907757.5202189432
2895 13408604.132765442
2896 16534693.87910124
2897 8324481.570661189
2898 8800159.044901982
2899 156574.56512954086
2900 15238398.672440508
2901 4531033.633221591
2902 12160770.311821397
2903 5820768.298784671
2904 12353694.019480973
2905 25715903.772457935
2906 9976381.460852735
2907 1155368.238660628
2908 15452606.23943596
2909 11885573.25936772
2910 8309431.2850491665
2911 18933800.2033735
2912 5268794.660746938
2913 8862121.136975214
2914 1592890.1894378439
2915 132281.6265611262
2916 14314597.317037825
2917 397247.9718214469
2918 5658917.408707328
2919 14998001.278374711
2920 11120692.55873987
2921 12391965.449965565
2922 13520036.621713752
2923 4921086.00725292
2924 32531851.924592383
2925 6321547.42215379
2926 11654285.726813681
2927 2560252.982027538
2928 4057280.81692944
2929 7030977.215414452
2930 31712440.288501605
2931 27218775.593295276
2932 12095973.255703608
2933 2058374.6612663097
2934 20243236.739943296
2935 2595994.5353339966
2936 6915375.074272782
2937 5339570.757536802
2938 22189955.266618576
2939 15876975.255350705
2940 15725253.858068451
2941 17006379.7802085
2942 10487285.235029193
2943 6648305.972681102
2944 1057005.5589462044
2945 31802912.26427768
2946 169547.95129809016
2947 10634228.334177224
2948 1755652.416984222
2949 2711731.796555957
2950 12356787.586837096
2951 14907783.745550644
2952 5108691.735629158
2953 12451720.762958013
2954 8565928.741247693
2955 10821344.07977568
2956 16480652.141930949
2957 11695842.77732253
2958 4932231.739401725
2959 18184213.829432916
2960 7099609.594631353
2961 20104218.854310375
2962 3674655.615308323
2963 16700705.510200612
2964 37029450.20547922
2965 1757303.751163721
2966 2474457.300735319
2967 3359043.1912618373
2968 28373839.91191849
2969 12268990.997693323
2970 583916.5054430002
2971 3649032.30761315
2972 10016875.026579654
2973 17636767.28214936
2974 2099108.024273118
2975 15390155.268815529
2976 16806487.817448884
2977 6350737.467951747
2978 24235379.762140624
2979 9379701.04495732
2980 17158586.801432543
2981 10163068.101579607
2982 2176211.9757667007
2983 2009614.3678920744
2984 10992496.841578145
2985 8719048.886210471
2986 1850351.271503218
2987 2316122.827245621
2988 25350304.92197881
2989 53745238.38193218
2990 1479611.93037791
2991 537399.4075119039
2992 21071024.784629576
2993 20388942.864331435
2994 18513332.503113035
2995 12474753.959227625
2996 8453599.906315295
2997 17378491.549691908
2998 15273120.94456932
2999 10834081.450627416
3000 6067124.650400085
3001 4500621.289433368
3002 116037.78108554147
3003 3103109.8241004795
3004 20951815.150596295
3005 535578.98930554
3006 2673193.7151608877
3007 3011453.9492861694
3008 9842335.156681776
3009 7083907.556901073
3010 28598726.082380835
3011 3542504.1243007723
3012 4799741.068395171
3013 11901589.57126832
3014 13772835.492429104
3015 939451.2707732096
3016 2805181.453811971
3017 25338868.991608467
3018 7243351.158749752
3019 38012989.178477466
3020 8967296.83490802
3021 1955043.4423430068
3022 41966109.596780404
3023 20755584.51636388
3024 6434095.379901508
3025 262072.23673320469
3026 2921203.050104495
3027 1695874.698113842
3028 21513334.437214103
3029 15365539.556912355
3030 9640615.10892719
3031 9710509.893230101
3032 21425412.392443113
3033 7875205.307290725
3034 11911037.315153219
3035 10772311.726104692
3036 1788801.3710452467
3037 9575764.13310425
3038 2352040.110816505
3039 6876732.541995707
3040 20219336.01668921
3041 10263087.454963414
3042 2494505.5101886117
3043 12605378.528892366
3044 5865213.664184003
3045 2052802.0583359133
3046 7994578.145996972
3047 11477795.517057706
3048 29581228.278998308
3049 13281486.463888621
3050 63815.85717332922
3051 8266545.581056623
3052 10530977.28971513
3053 11070424.719587035
3054 24664180.476890415
3055 14370466.775378183
3056 22196488.54192973
3057 5445585.034213379
3058 9751803.303780118
3059 1662866.8385152933
3060 7327658.40381652
3061 43955941.567913726
3062 18680630.206517573
3063 18497033.022511024
3064 556804.9077380719
3065 478290.43113757204
3066 12143979.84759307
3067 12100753.87419461
3068 681275.0686094859
3069 4409804.280932028
3070 1246895.8895996045
3071 27094912.75440482
3072 11563475.921560314
3073 7292523.172643218
3074 28982399.746362723
3075 40785467.50469625
3076 12220068.255736368
3077 25908754.061182596
3078 2033374.542036295
3079 6384849.9486724455
3080 21525004.80729294
3081 29316441.121905707
3082 17859092.63932606
3083 17281000.37673848
3084 1532568.959146305
3085 12027288.04851088
3086 14152778.366591461
3087 8253443.60974733
3088 3632609.8991740923
3089 7986686.6530053355
3090 1779125.8278084304
3091 7064666.478201877
3092 16437195.190451868
3093 2677620.9927763008
3094 4079514.83063145
3095 10445442.1380112
3096 20183503.871868096
3097 9346059.133417033
3098 5186037.913334902
3099 6468416.493870616
3100 42140609.14124337
3101 9769199.584879152
3102 1495891.5046113804
3103 11212040.749227274
3104 14476788.842934752
3105 26067239.44097134
3106 10219191.722517468
3107 3429774.900173798
3108 12226452.3019897
3109 22363402.7050199
3110 3399368.50162403
3111 19806559.984254837
3112 24136862.84812429
3113 20436066.632307023
3114 6721311.04031643
3115 15280901.20380679
3116 4788708.5346119255
3117 26836098.16062204
3118 26396765.096763976
3119 11085909.427193265
3120 9427859.812257428
3121 862033.5976437917
3122 12013414.585621387
3123 1126860.6698694082
3124 0.0
3125 25462324.566743158
3126 5146343.558668843
3127 43777606.01212753
3128 8730616.82286811
3129 1180804.4982525785
3130 12313912.757376319
3131 9570357.442235421
3132 8267811.530130986
3133 14829899.855070148
3134 8475094.142243909
3135 17469657.74736892
3136 16377198.47959993
3137 18000239.805843912
3138 567698.5421857331
3139 2830623.1128724217
3140 733868.8178637791
3141 3993814.5140280137
3142 28119081.704949576
3143 19440936.805011928
3144 11553666.526066832
3145 17206553.855805434
3146 3003177.2045624144
3147 27159171.382086053
3148 6106519.048436041
3149 1380901.1456980426
3150 3349867.8616846893
3151 1233633.42403754
3152 42110136.93499559
3153 17577248.882666506
3154 16652419.474416966
3155 34878601.80354449
3156 4352609.027416888
3157 4104700.589259967
3158 21852963.37943527
3159 16597172.130561136
3160 11866091.231616944
3161 2315824.928818872
3162 7864655.625345784
3163 824660.4541557287
3164 8616833.075354267
3165 6409192.90319409
3166 2809345.847187113
3167 20794221.51527631
3168 10828313.252609475
3169 6565631.300637186
3170 13900529.364190355
3171 9734256.120263103
3172 11026435.021342695
3173 123529.2166649336
3174 31806018.538934626
3175 10060581.173264395
3176 2349898.753807061
3177 7094059.560665203
3178 772588.7482582987
3179 7298106.042497251
3180 13827637.527650606
3181 3446906.21878374
3182 2839352.039184127
3183 15540812.887470862
3184 3805087.608896525
3185 5759051.770991504
3186 8382830.102012379
3187 5855115.577267896
3188 5624304.968427217
3189 20368154.810949016
3190 20278605.44813542
3191 16771696.0473226
3192 9444880.680573113
3193 11869824.433672626
3194 17741352.70244356
3195 9274485.111077568
3196 3285427.7080252087
3197 21788043.916327655
3198 7511853.646438448
3199 8856937.933795005
3200 2010332.7377094328
3201 15905306.627323866
3202 620762.6008328698
3203 13070748.61523827
3204 49909868.854428574
3205 19223327.403638974
3206 5925543.109906354
3207 7413609.974426072
3208 401278.7129394831
3209 6573064.441366685
3210 34713911.06850892
3211 4708845.4085962325
3212 2227895.245997648
3213 24976981.67795107
3214 28314422.052656293
3215 15048842.945391426
3216 14540024.692823932
3217 6609334.306180243
3218 25691842.296579808
3219 1231431.7919136602
3220 23574599.40759687
3221 2300463.4301733826
3222 7531765.312846109
3223 118701.04469816783
3224 959835.9670450762
3225 7950881.273158558
3226 1129958.6050058338
3227 2918644.148094626
3228 28614540.765022382
3229 5993451.727163417
3230 19348392.522548325
3231 12015369.727671115
3232 13794206.91729408
3233 15960672.807372797
3234 7201669.337536227
3235 8495138.130830042
3236 7358553.433915021
3237 12229302.930363841
3238 2088056.2892265804
3239 4220421.139716829
3240 2401565.1350303777
3241 477433.4823546186
3242 13005477.678918973
3243 9933856.346072093
3244 9292945.947759528
3245 19726416.622188855
3246 31982.56103995163
3247 17747749.328654755
3248 10194578.820172947
3249 6306735.166131422
3250 1697267.4256365523
3251 8841987.708112847
3252 1421164.0997942407
3253 6318885.706896509
3254 17916751.918057956
3255 12964466.081949003
3256 670193.8639232777
3257 14218507.939736538
3258 2313037.226835375
3259 18146577.524220176
3260 6467854.13874777
3261 4394551.981253649
3262 13455151.616757449
3263 14339052.17268769
3264 2129635.3383332375
3265 16403548.444475394
3266 4466092.86683936
3267 11499983.128527425
3268 12973280.652992953
3269 20211392.044216793
3270 44219214.715169504
3271 21190006.042754464
3272 1740129.4151366241
3273 20151419.137529984
3274 937863.8208901128
3275 24999123.52049069
3276 10021405.590004008
3277 22097357.860858306
3278 26139356.86483891
3279 13825925.410093153
3280 364090.72031057125
3281 10433713.738915902
3282 751642.0445779245
3283 15397130.385842633
3284 33719545.35005082
3285 1225555.782123616
3286 9219423.47169719
3287 7721957.677719737
3288 7464033.995508673
3289 12757014.320532056
3290 2596061.5860804385
3291 1775761.573837767
3292 23657889.41934699
3293 2383722.684303563
3294 8552930.9635899
3295 2236824.2283453187
3296 13462310.370556861
3297 9830241.584651783
3298 9921997.47038848
3299 2311549.1749953656
3300 16556515.411827778
3301 3047279.623968852
3302 27171129.322049335
3303 33238918.668964185
3304 6826494.080783462
3305 2342730.5879260525
3306 5419009.894547022
3307 8077729.838641939
3308 14777167.670627806
3309 10822229.372792536
3310 9926948.114565201
3311 4465297.037438846
3312 24753959.606506355
3313 18551927.49994871
3314 18094836.68233362
3315 2295015.891193402
3316 24331446.09611801
3317 15743149.23122014
3318 16407258.847067298
3319 255131.41397583985
3320 4870110.466182953
3321 6707206.560633329
3322 15847402.606354145
3323 23700344.53938223
3324 1189642.3615857065
3325 8696535.920100689
3326 15380900.639711525
3327 1613666.464516709
3328 2164067.5064584287
3329 2956052.5791780152
3330 9055146.952803109
3331 9575213.722004268
3332 11583228.86222158
3333 10140713.132107304
3334 7932620.645231217
3335 3351771.664752703
3336 1027251.2436103672
3337 10748178.451764138
3338 3793405.801224353
3339 16620355.657267831
3340 7411237.599766532
3341 3293222.3297217377
3342 25184157.382936906
3343 3198240.1217733286
3344 15195156.4792503
3345 27953143.159263495
3346 3723625.821247723
3347 9930082.687160134
3348 19105990.847699713
3349 34110384.70827219
3350 34951270.437402114
3351 15911238.170138508
3352 8245257.445037771
3353 674369.2042234773
3354 10517413.95699485
3355 47902127.27901529
3356 5491836.775705577
3357 8571115.189278329
3358 135255.03369282745
3359 16247237.5037606
3360 4909830.469334457
3361 6332225.076276546
3362 550116.6854714649
3363 6474782.260767055
3364 18627765.623124234
3365 11197548.816359848
3366 15236003.90600463
3367 6984730.290092148
3368 6785172.467781207
3369 17328288.90468853
3370 7465573.43797547
3371 27006966.919965122
3372 8520096.962047921
3373 20611324.61118873
3374 21222554.13002293
3375 15492286.843123505
3376 1611473.0570298498
3377 7899912.799345567
3378 5637302.072715195
3379 22784690.43351122
3380 2308442.898694169
3381 2180214.168401858
3382 12121242.404461438
3383 7841632.882543705
3384 3063098.8122673733
3385 3783690.5159928994
3386 3012710.472837462
3387 12295416.017954206
3388 14353527.986041162
3389 11126201.43863241
3390 2545694.6960560363
3391 24197923.8710374
3392 2230981.415538325
3393 3968297.254906785
3394 13382364.999071112
3395 23757188.499306317
3396 1531232.8543307898
3397 2512.3956560329534
3398 26075401.661641233
3399 10061573.398364047
3400 2868128.093973305
3401 15257341.950341107
3402 5113567.164566904
3403 6458405.914637439
3404 3507632.3391648717
3405 25100559.490073808
3406 8688948.978735292
3407 4140332.5252321037
3408 15448628.288852083
3409 2796920.8066780055
3410 11584356.05673483
3411 6660091.739836264
3412 16486584.936285283
3413 4334987.750566963
3414 12263328.759422138
3415 11833837.451977532
3416 7029533.159375044
3417 169412.44163453812
3418 18187427.78094215
3419 17113277.159391955
3420 46267875.24475558
3421 17627381.77834885
3422 7323231.95889891
3423 29482998.132121302
3424 16436514.784448218
3425 15124247.3617416
3426 3405900.1016842555
3427 18368748.645223
3428 5761184.491265357
3429 22815714.12916299
3430 13926840.389851144
3431 370035.72914111055
3432 3281400.2892294545
3433 24213699.80866553
3434 924438.5665258393
3435 22682042.49004705
3436 131405.20559384883
3437 18222678.493755914
3438 8062130.638268427
3439 4843139.880254008
3440 22944314.173475284
3441 93088.72434026725
3442 9414787.528033387
3443 28173896.17827814
3444 4058956.0523991985
3445 18224905.726528477
3446 5003187.962096366
3447 11345595.35456955
3448 7252119.672154135
3449 8863815.593823968
3450 3581986.530772198
3451 1879823.6240526345
3452 18414085.801455356
3453 4203630.224061432
3454 22670119.990405902
3455 3045717.6051245965
3456 16721854.892139483
3457 7724172.147196185
3458 13250004.77014073
3459 10534769.322809134
3460 12530332.893345509
3461 31751292.364690408
3462 16733414.519385755
3463 7964677.718454471
3464 5705178.449336117
3465 17386276.993251666
3466 20097190.62631215
3467 62030.43121971702
3468 16117585.094713992
3469 15427267.562864326
3470 13184822.219601454
3471 2931934.1187764425
3472 9287335.98579178
3473 30689590.66124477
3474 11688747.035455067
3475 243668.00165050477
3476 30741567.629738048
3477 1407427.6104706377
3478 50754865.95178352
3479 30146424.93428435
3480 4780406.899034057
3481 29015597.113824066
3482 22907031.49619949
3483 1975808.9973570155
3484 7308219.431357203
3485 8896772.883189715
3486 27399427.3675285
3487 4655842.043897079
3488 9752665.876550086
3489 19165886.160911467
3490 28282999.50851173
3491 26503357.11015953
3492 4732824.495556321
3493 5808633.586155353
3494 2239880.554135805
3495 11603495.28225719
3496 11123099.97635172
3497 20706340.69771243
3498 9915639.94027587
3499 19650828.726361677
3500 19271048.482093282
3501 13789415.833173444
3502 5423040.891583448
3503 14386222.164495097
3504 1445158.6714491881
3505 10840354.83288148
3506 12143135.779710524
3507 21296803.02723066
3508 13130720.835439697
3509 6210694.324508652
3510 11800683.44559121
3511 2426180.6246878207
3512 5796636.014501042
3513 4288307.133827701
3514 305172.8059850505
3515 3117528.374666229
3516 1916042.1850927286
3517 15581793.149730483
3518 31178812.389263783
3519 8454859.625906084
3520 1306215.1146358363
3521 7027484.0188897615
3522 8664507.87256145
3523 13785484.935677756
3524 3406352.617203084
3525 3599709.812049743
3526 23782949.352484155
3527 1754936.019750556
3528 26245196.0274293
3529 4748297.548992705
3530 802563.0773125645
3531 46456787.80150789
3532 30023631.036799584
3533 9128745.252672825
3534 9549582.439478476
3535 16040230.05311162
3536 14246614.699962942
3537 33649208.275609486
3538 18725722.443616696
3539 4689654.282664489
3540 2653908.2301369356
3541 3154878.927967976
3542 2457617.625457732
3543 16096469.668910034
3544 17250215.364311196
3545 8043337.843020915
3546 35581864.36319634
3547 16020741.395590885
3548 10747687.987037454
3549 2010500.5715194736
3550 5922684.046625782
3551 22655551.419211075
3552 18454461.644646544
3553 286948.70016789436
3554 9487921.820488393
3555 6885526.030066002
3556 17533444.481470823
3557 24004536.115781218
3558 2592556.3085477594
3559 6439988.06432931
3560 18603575.29762135
3561 1446325.7250019927
3562 1527699.7518476904
3563 15139383.12325572
3564 9400066.334750848
3565 5537933.9477129495
3566 5080112.0718358345
3567 12044271.082431272
3568 1791735.595097486
3569 6369619.98492251
3570 37451573.01529531
3571 2773982.1603833996
3572 9499404.959985059
3573 19535283.257922493
3574 5000118.666870694
3575 7393751.371112693
3576 4511240.180844003
3577 17425902.20384405
3578 59267.877631345764
3579 8470093.959184628
3580 11900194.947195064
3581 11439517.742923506
3582 12941915.87560392
3583 25387767.343373075
3584 18453594.642361164
3585 8608149.830156304
3586 2634638.634590908
3587 3513936.8573811622
3588 1433679.3243121514
3589 23165768.45710504
3590 11107405.705375446
3591 14316017.642429702
3592 167012.03363108402
3593 44056135.14091775
3594 20160065.40596151
3595 10217172.97866729
3596 35343320.980817564
3597 13807053.049844718
3598 21645723.74746187
3599 7000542.008921902
3600 10812759.796537219
3601 19451812.109876767
3602 11994392.001595741
3603 16392335.226254256
3604 21923562.800094415
3605 906175.585531652
3606 15955334.309026562
3607 3393885.587886593
3608 3436792.215213515
3609 5266943.553550527
3610 30541397.950305395
3611 17133112.96648279
3612 248582.2907969281
3613 4921229.671996668
3614 14552393.133803682
3615 13882707.73885239
3616 27398159.095333885
3617 14284839.999541245
3618 22387096.49618845
3619 20724768.2173493
3620 34815330.44744396
3621 4785454.836782031
3622 39372813.53005804
3623 10282.515711820684
3624 6787111.306748794
3625 6039740.951437523
3626 11148557.801845435
3627 9923778.232417695
3628 13206154.60414124
3629 7712556.703297261
3630 26194544.620712362
3631 63521.91197805083
3632 15150709.40638626
3633 36310527.31837211
3634 8344171.939396886
3635 9975583.32175055
3636 9267377.505188163
3637 15718452.73502596
3638 8826052.527982235
3639 8320499.594707862
3640 283195.2427870082
3641 7526516.831413165
3642 33224998.16770653
3643 19945545.666797914
3644 12083780.430939939
3645 23612620.68971151
3646 20970206.962388583
3647 26301785.73670505
3648 3613908.684967978
3649 42266362.81125879
3650 693327.2512776162
3651 11318758.467918485
3652 349085.65619686525
3653 4554075.872940779
3654 9880644.257338883
3655 691386.0012178421
3656 14730188.700350594
3657 15973754.724812176
3658 10525373.556455959
3659 2576203.616500631
3660 10323493.283535695
3661 6663160.794861973
3662 24942923.79649905
3663 1705058.766864093
3664 15762491.386313867
3665 10174805.678496532
3666 15663766.355249196
3667 12093548.645211104
3668 5851076.321744086
3669 4346756.836976169
3670 396179.4149923411
3671 2152173.7476960025
3672 8189924.979156804
3673 9686185.92670009
3674 22360222.370302152
3675 2852707.962382812
3676 26497360.092060506
3677 10885493.986073839
3678 37061682.59992297
3679 9809200.373976337
3680 6054680.148362998
3681 49270421.53692191
3682 2366736.546193511
3683 3865739.3410012387
3684 2026287.42071308
3685 17672022.307876434
3686 29987018.34302561
3687 30945457.377151802
3688 30540579.88006413
3689 5237309.76051516
3690 10318114.577330401
3691 15996446.42880849
3692 18508312.66489493
3693 8763335.297965068
3694 978189.8255502544
3695 18431702.979784556
3696 4121095.439603243
3697 16440640.489682898
3698 12261082.112016637
3699 4663495.471157192
3700 152995.01238042722
3701 22913030.62700573
3702 9178870.873796692
3703 11311666.4423308
3704 215363.57643875852
3705 13465707.96399739
3706 50566894.47425265
3707 17596947.43011301
3708 11002803.683157235
3709 803570.4847013971
3710 4451148.389292167
3711 9276427.312766762
3712 13119654.12965518
3713 62434615.48132922
3714 9831985.23488252
3715 14183700.10486069
3716 7614096.403795548
3717 4559384.300493321
3718 5197721.094112753
3719 1764368.1614410863
3720 4531108.7929254025
3721 7333949.662825642
3722 15184501.994010525
3723 18071576.338043515
3724 2479037.1977018462
3725 18224693.60692336
3726 13386464.163614627
3727 9136760.229813619
3728 8490910.40526799
3729 5907273.288595737
3730 28757715.80256695
3731 18019403.808095723
3732 34083289.58680339
3733 6127957.401194513
3734 9149091.496054782
3735 7088556.24842024
3736 244581.2812760789
3737 3422224.1192109836
3738 12438959.177491926
3739 10592378.865934178
3740 5755075.814925129
3741 7410873.228842301
3742 10317586.60079975
3743 6563998.310354373
3744 7609999.250737729
3745 9201517.95494123
3746 11756651.070779286
3747 13596507.44593933
3748 1240983.2773933997
3749 0.0
3750 13039313.765921475
3751 13066658.368108658
3752 2832101.6591123515
3753 31183259.667240508
3754 6801467.6173611265
3755 1895295.9191164083
3756 7259959.503436074
3757 10001155.45662089
3758 22657363.787303306
3759 8783506.724010078
3760 14132591.45543965
3761 4593448.330547296
3762 21882186.90632558
3763 7914028.065141279
3764 3294303.473352265
3765 3544076.5248608394
3766 2074831.1715195952
3767 7104.150130739436
3768 8130314.881253278
3769 4118056.3731780127
3770 869846.009592127
3771 20458778.251007006
3772 2204709.7270430643
3773 12923270.576461969
3774 8997948.107426051
3775 10426076.633321274
3776 33182719.333674677
3777 9447704.145837933
3778 15244045.017662384
3779 1339826.5214659981
3780 1054052.5053894399
3781 3797527.528186295
3782 20005245.130091406
3783 3738409.4378841924
3784 12840692.162436772
3785 22971441.13769384
3786 10154165.5915877
3787 369644.85141070466
3788 1660700.8438595633
3789 7780626.837289131
3790 328063.71404997446
3791 1511595.6237002704
3792 15232110.923799977
3793 6079737.603457827
3794 18126707.08454645
3795 13725252.98046846
3796 11881870.572545208
3797 4659371.437492615
3798 6547916.971119947
3799 12828167.83736079
3800 27509887.555435244
3801 1651989.5753580322
3802 5885230.45527673
3803 120835.76431790926
3804 17205026.29295723
3805 4400450.95264325
3806 4708439.459609192
3807 8283922.970885504
3808 2967324.601000661
3809 17324531.413369946
3810 17597637.56485373
3811 14776463.415443972
3812 5837825.763958968
3813 11890426.58652129
3814 4109541.6593622966
3815 27024516.88416975
3816 3926969.252894932
3817 9986850.473688284
3818 2673456.660912602
3819 14194121.78715591
3820 2741112.2117696186
3821 3628068.87130617
3822 16715912.272734752
3823 18993995.29017785
3824 18797784.49044909
3825 915271.5241750441
3826 12719341.07951146
3827 1977791.7408832908
3828 1253806.4530569804
3829 16974029.3319371
3830 8289922.759216099
3831 14889124.916544273
3832 81135.86261553643
3833 27236435.54453167
3834 6523002.568195459
3835 11694519.384837873
3836 7892078.716776809
3837 6296573.778276837
3838 21028606.997428294
3839 2364918.2630076176
3840 3948715.2792738527
3841 3594467.797162704
3842 1251320.1302181585
3843 5397883.860590958
3844 15934488.19984993
3845 12989988.672419764
3846 3187835.402611418
3847 9013706.121320836
3848 20532518.69233528
3849 7800313.197247134
3850 14974810.78968067
3851 402050.59411312686
3852 18271592.4814204
3853 10701513.000257827
3854 34517328.27053096
3855 5688843.046557222
3856 371219.68642599415
3857 4232048.919049472
3858 21311819.452522844
3859 15868979.212590242
3860 20981484.063624144
3861 14646810.8220407
3862 6774058.286210265
3863 1802951.0225376943
3864 29645313.547695596
3865 568469.2486887248
3866 2144636.491288564
3867 7934068.976813097
3868 3550164.8137893155
3869 19834361.193120994
3870 930110.2979057459
3871 16096112.300335068
3872 14711441.63882771
3873 6961617.401578778
3874 8365845.995722839
3875 20555159.247368988
3876 7588326.656921355
3877 48327098.79141764
3878 12233804.465586433
3879 28608020.843292326
3880 9927030.249955026
3881 7819617.018038335
3882 37268980.96156096
3883 8267032.0753540415
3884 8208226.636551825
3885 9225193.481830375
3886 12277893.085150246
3887 12847603.13492543
3888 1212987.297180554
3889 10825001.281335562
3890 4570311.974877106
3891 29473247.618511155
3892 7762256.106846096
3893 36824704.92282066
3894 3394134.0144148683
3895 8490784.855617361
3896 5212830.861042209
3897 18227053.23333979
3898 7776764.747503137
3899 11426694.44322655
3900 6922242.820428329
3901 25771434.5396579
3902 8302262.661422102
3903 34771113.53944654
3904 11507458.916827865
3905 2115705.416673909
3906 13162290.515495466
3907 1361762.7427967116
3908 9083066.571698532
3909 12337018.669129593
3910 11402297.964033185
3911 20843757.658193745
3912 3249785.408727299
3913 28441904.38347216
3914 31536917.700293675
3915 10078734.175736938
3916 31523943.5590542
3917 19646482.05873511
3918 11982730.444835648
3919 11456789.618594797
3920 19259406.60810949
3921 7065716.318780754
3922 20571371.621552676
3923 30210048.300190814
3924 7768119.282930532
3925 5929147.864852559
3926 31138309.390849076
3927 23649490.321784645
3928 399785.7089822572
3929 1056072.0080756806
3930 26542301.016536288
3931 8917227.084076766
3932 9525097.509422012
3933 9415937.638704203
3934 5645130.919574892
3935 108357.70820370782
3936 4355136.817351535
3937 406096.16379169375
3938 5560027.26640811
3939 6341990.846094854
3940 24469313.462667342
3941 16087155.649649933
3942 12882832.157718679
3943 1906627.7262167856
3944 1866936.6705377563
3945 21099258.741804637
3946 19287024.83244709
3947 16636485.994628288
3948 7194744.859115053
3949 5865232.438857596
3950 1088277.3318029176
3951 14757937.494288854
3952 10930851.51650166
3953 19740420.535540495
3954 21518498.093433887
3955 2156556.520475626
3956 10116775.819173962
3957 10663514.178766247
3958 9294536.980147932
3959 16597669.203416407
3960 17361328.166950792
3961 21651622.50825669
3962 6514101.082163163
3963 14635027.435623828
3964 9726333.387623582
3965 1007046.2792231245
3966 4882577.289901337
3967 10854606.477151176
3968 8071116.052782852
3969 17441509.082347944
3970 6193176.779141143
3971 7204742.351938264
3972 3356706.4688260807
3973 634421.3207796682
3974 19434286.524633795
3975 2893876.7571728723
3976 19290924.136758305
3977 17899361.17030392
3978 4382062.014924118
3979 17709427.939639326
3980 5586529.062360121
3981 11236681.585258089
3982 1284066.9995569382
3983 1401617.8193110013
3984 1872999.527396801
3985 2263086.722264318
3986 9003442.56786221
3987 3809771.5095042847
3988 10482125.95764786
3989 5358459.6844192315
3990 2957844.6110105934
3991 13444004.040706782
3992 8575281.473114632
3993 12037392.059308102
3994 19186271.64049948
3995 36362049.03684043
3996 14770136.680664735
3997 9218219.947489966
3998 7202574.943758173
3999 31313626.802163966
4000 12605139.530800033
4001 10588249.219609741
4002 2542505.9000590104
4003 21317046.201198995
4004 5842743.877275586
4005 9671928.916316424
4006 10560159.488136252
4007 14999710.903587786
4008 20046111.170315586
4009 5621639.314270584
4010 18213490.91520679
4011 25356877.026046176
4012 24741236.086608734
4013 88888.14066236466
4014 16888182.34722055
4015 5589017.211947339
4016 1524458.86579422
4017 17759798.37604935
4018 9911670.696612868
4019 8223390.7523225695
4020 7406881.848391676
4021 4419384.02126579
4022 752843.976133504
4023 2151660.9959211694
4024 9523481.892331762
4025 3629257.7027151138
4026 5792613.278435554
4027 11048363.738260701
4028 1619671.1136230668
4029 18543333.6234385
4030 30383245.811301652
4031 5477948.548513863
4032 13826095.049735663
4033 17276515.053760152
4034 4068003.128041109
4035 14859464.925968949
4036 1132795.579252569
4037 130737.13167844713
4038 4574365.725998921
4039 4075109.354868589
4040 7182517.870727327
4041 243031.21349302353
4042 11561487.111518007
4043 10998367.260667909
4044 3334270.734561708
4045 4680615.708250627
4046 12006589.734281413
4047 25025574.916117072
4048 481951.782334944
4049 1114388.140086405
4050 15485502.595033176
4051 5374076.71511984
4052 12094928.022999989
4053 38101672.167974666
4054 11530952.008267894
4055 2820511.4295973442
4056 5015095.62978969
4057 12255089.056717534
4058 11887509.70163921
4059 24867515.68701204
4060 10462160.46837509
4061 18058.3136067359
4062 21202617.165029936
4063 16654579.864943955
4064 4058054.9619769044
4065 12660308.836038083
4066 1526353.894253204
4067 23480527.789763197
4068 6767272.863533755
4069 25865083.72864765
4070 31733986.540523708
4071 1295716.9688573051
4072 33073336.70786594
4073 11952736.164533608
4074 4938656.633480195
4075 6025635.371675637
4076 8076471.606921323
4077 14394516.671732135
4078 7531200.86101397
4079 15164689.470178585
4080 29032275.41590643
4081 1291909.881282472
4082 1956973.5918566985
4083 711181.3169745607
4084 17271702.911288157
4085 7279766.348876717
4086 17557615.07569947
4087 8577551.817378718
4088 32095796.436610993
4089 19401768.207286056
4090 1964502.5675832462
4091 5566311.395135845
4092 18177679.949418098
4093 517980.3285490391
4094 17475332.06495089
4095 508308.1930769214
4096 1143258.2100450583
4097 1574369.2799432846
4098 24800740.755189657
4099 18366250.654706936
4100 827208.6759350575
4101 48501915.54333092
4102 6748584.203800459
4103 18377522.565262504
4104 20232168.156736672
4105 12733450.698301125
4106 18661666.23341962
4107 5146800.503263011
4108 7798041.428857282
4109 2343045.2672351785
4110 12069736.89974251
4111 5977093.529057346
4112 21960611.679727845
4113 23760373.61562719
4114 3817744.9650270706
4115 8137805.507884029
4116 16067792.217253484
4117 9666246.519348059
4118 1499050.5271734018
4119 5535561.284115573
4120 12036847.497978812
4121 1671493.0901261289
4122 3981244.945187948
4123 26399726.650612205
4124 6555394.260927327
4125 56032697.47741435
4126 6065539.64721435
4127 23155380.160581224
4128 8086396.307174037
4129 10254009.374882266
4130 17777341.608475957
4131 23411092.100550257
4132 25818353.56628626
4133 12876029.008606326
4134 858635.0444187438
4135 21728218.381842457
4136 31539354.356196932
4137 13421902.333594307
4138 12000267.348408598
4139 1577441.9967036021
4140 11378.811514694244
4141 10716453.038476225
4142 131790.68242469802
4143 2024787.1855758987
4144 9204399.963919602
4145 36715996.235589325
4146 1297825.8116595242
4147 8056467.121453943
4148 5662360.493654884
4149 16251155.314514292
4150 496684.60197791643
4151 31622895.76285012
4152 19771978.66778038
4153 11498679.903377574
4154 15868727.470566723
4155 12645594.699236074
4156 14655616.36857656
4157 14308930.302578516
4158 6962138.354066579
4159 3819560.896879711
4160 7699820.999286592
4161 8665638.753594302
4162 28919446.368272506
4163 20196103.522530224
4164 16772683.600513145
4165 24108.18461221829
4166 11037073.072328238
4167 9930847.287388291
4168 2918497.825445614
4169 10957216.389087506
4170 6436455.766558658
4171 1046621.1080936566
4172 17691968.60603612
4173 14955269.646059923
4174 14576363.187231112
4175 6278653.0403636005
4176 26043891.51180227
4177 2759501.3027472897
4178 2170128.233545966
4179 10283388.279148372
4180 11689711.569812048
4181 18423088.04563609
4182 10008651.24408587
4183 7030452.6919510625
4184 204212.8713628482
4185 7180981.920087278
4186 42179710.69749916
4187 13694788.869836528
4188 9095424.131160872
4189 15301994.165502172
4190 7778052.016737671
4191 27041950.893921565
4192 152746.18084479775
4193 10426136.74022481
4194 6415800.907106154
4195 9986439.249664417
4196 4681937.607551651
4197 2928071.4314664346
4198 13041517.184246674
4199 20084430.80976266
4200 6115144.087192336
4201 25781111.062567275
4202 15564017.974088611
4203 25522075.220159173
4204 2043298.5431492869
4205 4986491.820533272
4206 27899956.629797276
4207 2730469.516912708
4208 4071698.6564576617
4209 4065295.339582255
4210 13796817.302281518
4211 2990470.2315134164
4212 6924138.404734311
4213 1617999.79687873
4214 14295863.271162316
4215 2355355.8140337896
4216 14057636.440762676
4217 2518093.6923536947
4218 10794940.998330643
4219 6577007.345383401
4220 9656242.133861985
4221 7232731.252709659
4222 5343540.555374266
4223 30346770.815566584
4224 3039425.9188813884
4225 15700552.23774354
4226 9882819.938741148
4227 11741515.508805921
4228 12856927.60211435
4229 6762086.712591605
4230 29180438.63916163
4231 5140172.6974167265
4232 8915262.77925321
4233 24570569.69979357
4234 26412235.689918473
4235 2260584.8102107467
4236 10311991.060112137
4237 5737738.148884945
4238 6284348.359692657
4239 6294045.434539138
4240 15447771.913904443
4241 1930684.2962490963
4242 1098357.613097812
4243 3215354.4349321574
4244 16347834.737899436
4245 7889535.542682504
4246 34124210.722693175
4247 24715898.941622525
4248 13007565.185448699
4249 44917235.15154864
4250 4849299.644123966
4251 16538892.106762502
4252 24653654.485543724
4253 26040693.5437491
4254 17474965.072000653
4255 5060486.79498864
4256 2557968.994793912
4257 12466484.823954616
4258 8175202.768755359
4259 10498360.36813182
4260 2707267.640063516
4261 1429445.1865967996
4262 35662721.08520602
4263 9607952.259723822
4264 3848236.134188654
4265 10894647.289734855
4266 2726350.7365288455
4267 26023912.254189424
4268 5223893.847901283
4269 18100716.79218916
4270 2804173.430872204
4271 14840974.429492805
4272 10233884.64144881
4273 14149296.529769702
4274 6501265.188335601
4275 18132987.127574604
4276 5323566.1112837205
4277 27910013.867493413
4278 47942932.14699466
4279 35433236.352444835
4280 3891248.803802542
4281 10563157.912351057
4282 22352755.546489906
4283 594358.0595478192
4284 3660251.4453760283
4285 11139207.760009019
4286 3633252.2049442846
4287 36248331.19458614
4288 464727.47145809163
4289 4881063.731870795
4290 15713784.222805776
4291 10277917.787986366
4292 6691755.419894753
4293 2598148.327118705
4294 23357077.65215539
4295 2260283.390345082
4296 9501132.915374901
4297 19519436.614753067
4298 6727387.586583196
4299 25183930.724469677
4300 2329748.9433146752
4301 5579247.767513125
4302 14999718.867051285
4303 14596227.34871504
4304 869386.9729373585
4305 16545310.873264702
4306 16782162.484952718
4307 19375869.73662413
4308 7449465.643117302
4309 232437.7028205935
4310 9125961.7707621
4311 1487803.5143887773
4312 15665557.971788947
4313 8702257.227955015
4314 1459111.9441962894
4315 2095374.8124000775
4316 6180613.797411442
4317 20764122.812808346
4318 8507860.0161078
4319 24078528.43638035
4320 899305.9572222689
4321 27815141.520642508
4322 5161176.301634378
4323 21908601.81496035
4324 9932729.186906118
4325 11019263.039693983
4326 50466856.18177271
4327 20291243.509943645
4328 2531310.4823572785
4329 6927919.673420484
4330 2790013.112339462
4331 968978.2515519597
4332 17213926.48776204
4333 15554084.063441744
4334 1635847.05816436
4335 3616017.5667138323
4336 72757.29049841315
4337 6629304.0730015505
4338 13555779.061625449
4339 3018728.9608539008
4340 9588158.991246648
4341 28066702.60605784
4342 21089902.003093015
4343 3304585.403273333
4344 2707672.232866465
4345 10369331.616708234
4346 14516799.328359246
4347 1353998.0588387102
4348 27106944.254597746
4349 914685.5060856368
4350 14576349.995433422
4351 13976025.929356407
4352 7646248.897420713
4353 6194218.878924873
4354 2811952.9936306253
4355 19804117.1735792
4356 16695884.432119621
4357 481.8951685652137
4358 19638145.008716315
4359 26465198.981197953
4360 8102921.360607229
4361 23939579.552154772
4362 8389985.677450009
4363 6123676.2978473045
4364 3920085.96813439
4365 6708632.600049007
4366 41036770.46416247
4367 13051326.710487016
4368 6148800.790075863
4369 1768445.96400706
4370 2440021.0544138383
4371 9409951.324539844
4372 8214920.034529783
4373 737389.2799888887
4374 0.0
4375 11580309.784983538
4376 7793300.706884
4377 135291.6617187597
4378 5376868.466234499
4379 1291439.2933593458
4380 11929247.705564253
4381 9188446.66733352
4382 13856391.785375196
4383 19034256.6944865
4384 10206453.212310586
4385 1019939.0620584972
4386 1484807.6704966277
4387 10703278.91136483
4388 9426512.138306295
4389 17529215.460427914
4390 15454474.458934866
4391 13932618.123607842
4392 5944955.898155272
4393 28229045.29316116
4394 11350901.795371389
4395 20568222.601730753
4396 9434135.366447737
4397 8804558.304637551
4398 1636891.9035152188
4399 7535413.041029228
4400 28764492.84612962
4401 24568235.26024896
4402 7412326.062455915
4403 11497384.50025408
4404 30394343.881404087
4405 29286762.532755382
4406 41117915.96061942
4407 15353722.543294262
4408 25511395.05814591
4409 3399737.5703139063
4410 23971320.4296087
4411 3575494.5117276777
4412 13742008.40633239
4413 373110.12026208825
4414 21241563.5026111
4415 15123645.283220258
4416 11304736.510495346
4417 10026846.89633596
4418 8259891.732207198
4419 38491235.77159244
4420 830432.2781594768
4421 6983007.445129617
4422 5397681.250959159
4423 3769737.8780580712
4424 3228251.716536994
4425 8279078.422219837
4426 10423173.445838913
4427 6850977.893059982
4428 4329368.367419673
4429 5907115.724364543
4430 33868829.420396805
4431 29631343.201380525
4432 18025470.831145406
4433 8846980.41681885
4434 10668536.36740554
4435 19119241.45329733
4436 14663688.410425456
4437 5540716.496047893
4438 19553874.90557777
4439 39168122.02746544
4440 7646809.193662904
4441 30563523.62049014
4442 12587287.898404961
4443 8678277.12338052
4444 18426771.138639823
4445 5969912.225598147
4446 15784553.625533644
4447 16392878.858672965
4448 21145670.10843718
4449 3564155.7925574966
4450 9111329.983601175
4451 37691131.92031339
4452 1516352.6833908423
4453 15529173.248584628
4454 12038839.259877719
4455 2270489.2573384997
4456 13802247.763250867
4457 6095001.25653706
4458 9675649.60676324
4459 3123596.582989989
4460 26925234.8253154
4461 17987117.29180848
4462 8518813.243375393
4463 8057066.67282707
4464 1255469.3717725081
4465 10025888.506489327
4466 6369900.293553884
4467 1968243.8614155054
4468 10565302.63225644
4469 29891010.76578179
4470 1091147.9750537025
4471 12766959.523942571
4472 900710.9028243572
4473 6999641.400659084
4474 15740988.223693203
4475 9190769.347262805
4476 3057853.395888252
4477 20709717.981919575
4478 5100933.225937211
4479 30736166.902355686
4480 19354124.971158087
4481 18179001.180774003
4482 26925209.47939893
4483 12368621.356076702
4484 23580336.313331403
4485 34788719.02365675
4486 6006205.246296888
4487 13455998.481973851
4488 31752746.950130623
4489 1756309.803145823
4490 9496759.038004324
4491 2579983.2216097387
4492 7593501.466117693
4493 23297190.784238897
4494 16923757.135310322
4495 2396428.1175428657
4496 7672028.933308006
4497 6590520.289730732
4498 5962236.134630069
4499 663037.6521275304
4500 10115413.622427803
4501 9407422.373333842
4502 22977595.679862604
4503 36800044.62839231
4504 45004924.94803482
4505 20001866.765697535
4506 5963111.805797885
4507 4269499.767728798
4508 10996406.726505416
4509 7699289.713725325
4510 3527015.089384252
4511 8911181.291407485
4512 3689697.801604748
4513 14958163.935565388
4514 2578837.5343382424
4515 4848671.068627611
4516 5897563.046418307
4517 5491363.644440382
4518 2874859.8585397867
4519 3215350.5991626168
4520 216305.15347987087
4521 22881814.730458558
4522 26086444.721063584
4523 30202853.23439827
4524 12501375.656673761
4525 9713967.357438771
4526 8578107.866421446
4527 8927339.092618134
4528 24976339.291441556
4529 2986820.814680838
4530 3424447.2073841556
4531 1143730.6179486364
4532 3900152.685623157
4533 3991291.934081738
4534 1475091.9934316035
4535 7054074.432416337
4536 2410955.180183597
4537 4616726.74646453
4538 10087280.22563484
4539 11478782.322859364
4540 1984967.1517298082
4541 6549038.373617624
4542 6092024.608326254
4543 2655993.618832166
4544 1152567.2757982267
4545 8683410.525719045
4546 13816987.190225704
4547 20319858.565122575
4548 15138517.172979636
4549 5466696.111146764
4550 14845488.948508767
4551 8792959.496237513
4552 832544.7319798153
4553 5789521.4694677945
4554 761825.6379247305
4555 1638874.2948762602
4556 1985718.593816895
4557 7061737.729010233
4558 21093942.848528184
4559 13847667.237481821
4560 28394490.444399565
4561 13862997.185732286
4562 12804394.681515979
4563 4042091.1530995844
4564 6937881.38834032
4565 4971878.501873869
4566 40404269.26658436
4567 19098530.83686845
4568 15562821.468991715
4569 3925221.263642603
4570 2122734.2036274243
4571 4684354.520379736
4572 8390080.355877569
4573 19700015.1473513
4574 3401248.3066022606
4575 11700024.47983408
4576 12873958.65806111
4577 1519270.3709274437
4578 7138925.419992544
4579 3236011.832697438
4580 11190603.960054334
4581 16405874.671324288
4582 22106098.176756993
4583 19473342.22939173
4584 233284.98262219364
4585 15382406.166651811
4586 14630465.068138888
4587 11171246.772022683
4588 9862719.192093465
4589 6169234.598927615
4590 18793457.681043144
4591 3212515.4841674864
4592 18937938.044719383
4593 844756.723781673
4594 22417996.081877295
4595 2091213.335443358
4596 14686874.198341304
4597 14641301.895406755
4598 28764873.345872846
4599 579174.2975720353
4600 16356929.402719516
4601 11532679.727545913
4602 11337916.85099865
4603 17415272.368009884
4604 20502146.006852973
4605 267374.721332215
4606 16079254.080865521
4607 14378496.298662005
4608 3988032.695626801
4609 10317316.857759308
4610 17086.150144710205
4611 9835911.357803445
4612 5605758.898101218
4613 2354232.14464952
4614 12466000.72803121
4615 13207776.967963027
4616 14583193.558095196
4617 3331498.3783862423
4618 10203314.425404184
4619 6674531.067229667
4620 2705466.056713626
4621 5890534.000537708
4622 5413545.661045391
4623 11446603.002226084
4624 11211389.7984734
4625 15875588.38019216
4626 2584480.3156756666
4627 17747959.01834061
4628 12832385.560558308
4629 8015082.604169597
4630 9103314.111676408
4631 13161257.968994848
4632 6811082.277108074
4633 20973844.198555
4634 11401305.923688157
4635 15435461.947500333
4636 10068151.63793347
4637 12887449.383758098
4638 16789397.442101765
4639 4138789.031402688
4640 6402186.6230964195
4641 822237.5765642328
4642 5516506.841155868
4643 2914861.786723739
4644 8237798.572962549
4645 17428282.4415379
4646 15159184.53619019
4647 3561089.144214225
4648 18218476.40133114
4649 29557747.962565325
4650 11260976.72143315
4651 8051139.305827075
4652 3636420.391444123
4653 32413270.94092103
4654 930477.8451641053
4655 14843579.46385513
4656 9573197.463649394
4657 11519839.062006533
4658 14763137.41192957
4659 40408529.239646986
4660 45211024.65849787
4661 11169601.32743279
4662 4391632.767688841
4663 12140319.306661543
4664 13734348.889408596
4665 19096114.76166458
4666 25906384.419305682
4667 4710403.6218511565
4668 39304695.30434069
4669 2127114.517049536
4670 4386864.510318543
4671 7070308.90465313
4672 19393456.870568138
4673 22942883.96100717
4674 7447617.878544722
4675 4578533.398684975
4676 469122.9943438887
4677 21946599.390086006
4678 33468099.08389352
4679 14528202.029649537
4680 14438084.40849221
4681 5002624.634095019
4682 2255531.6306764977
4683 11270750.782799534
4684 101070.44872295391
4685 9517101.150056021
4686 2642763.7394971275
4687 4656814.21912364
4688 16557269.938649874
4689 5769358.2408144595
4690 6430669.866404915
4691 8582969.95659654
4692 11029096.774507362
4693 4714130.303250551
4694 36535742.8220353
4695 10549509.88530193
4696 13951127.884851947
4697 7684176.192585135
4698 8583393.803286865
4699 21454767.75625634
4700 20428392.562225875
4701 4480093.188330824
4702 21280464.407100063
4703 3540684.5367174856
4704 12013289.099055398
4705 4585830.855653524
4706 21460400.498345897
4707 11158147.049660005
4708 18979142.019021105
4709 10342835.955093998
4710 6946229.482489007
4711 714940.484557054
4712 16060811.626198493
4713 16175340.190660542
4714 9116609.414425395
4715 16326264.084728137
4716 16108279.772726744
4717 24107137.718468152
4718 20552360.21783409
4719 10649228.843472444
4720 16826118.114806548
4721 11281892.373638604
4722 15174710.05773354
4723 21561163.59424182
4724 7483370.521093365
4725 1283713.204391256
4726 5767461.798808215
4727 6909056.57168034
4728 4395233.967664321
4729 17916659.90931053
4730 9824255.0504721
4731 22265722.160447188
4732 21477445.193827465
4733 12073807.774611723
4734 10337945.29992545
4735 13730607.234633833
4736 531836.4402303193
4737 5231952.338101707
4738 35963921.134577006
4739 27772496.55361668
4740 6005607.6559025
4741 14923847.402523864
4742 23946246.559181098
4743 8354227.760465981
4744 2850861.081988843
4745 22516644.998322435
4746 21612285.30736223
4747 5602551.622994365
4748 2387798.2380736396
4749 20228438.13747707
4750 18256583.42378412
4751 18940279.892667867
4752 7823882.927000189
4753 11798003.01855681
4754 26744087.03682928
4755 13206477.549843863
4756 1384035.6429475136
4757 9784141.016648434
4758 10574276.88645365
4759 4992267.576735465
4760 3553062.261266309
4761 22610289.799653023
4762 5874482.227676432
4763 16352384.21929759
4764 416925.6564258337
4765 15617119.665433692
4766 8746159.99243911
4767 2712550.5904005454
4768 9018468.420934264
4769 6618113.384228817
4770 24817625.046117008
4771 16691099.857141
4772 1017027.108343001
4773 848208.0130054802
4774 124992.49193160143
4775 9170897.985222606
4776 15541637.362870097
4777 7032320.282667016
4778 19616174.97326629
4779 3810278.109339885
4780 7039853.575077793
4781 24513663.683142897
4782 7299822.0332987495
4783 17131637.879819266
4784 22094266.413008474
4785 16086669.651424922
4786 9995543.555397196
4787 6405705.368466611
4788 5974898.932668204
4789 11761656.787714696
4790 33225729.517573427
4791 329359.58884487115
4792 18065972.870551612
4793 10237918.42740608
4794 2458773.8563728947
4795 8723073.546436146
4796 5399556.237172971
4797 22622279.8845358
4798 6685595.456845089
4799 23758762.21719381
4800 14727095.489580672
4801 7001452.320409796
4802 8315628.985989223
4803 2320896.3522327337
4804 19248834.083043218
4805 11359569.903488796
4806 21862933.30328145
4807 33596315.68056933
4808 2261272.308780672
4809 34049193.8577865
4810 14362450.471590172
4811 7280658.953067696
4812 17570586.060946576
4813 128064.28624541825
4814 5307204.407335061
4815 19913366.396114804
4816 9392732.001773572
4817 8813986.733430527
4818 8306508.144236881
4819 22862082.713439856
4820 3917998.7440935746
4821 1999847.1129371333
4822 3878960.759043439
4823 39909822.57670811
4824 15309901.605717886
4825 16603732.29919549
4826 7445868.624840262
4827 17721688.1967792
4828 28273192.834204488
4829 21284011.688824486
4830 13269069.43865466
4831 2449451.1166241653
4832 11497071.64224106
4833 13549193.045146465
4834 11364144.924976349
4835 24565612.460828185
4836 961239.3025833322
4837 3736070.4675038927
4838 2082214.440670359
4839 2425160.5943222856
4840 3232360.512323412
4841 2726046.45506067
4842 4264696.503655003
4843 6594876.796413252
4844 6234736.4710714705
4845 5889511.656875328
4846 24666909.978699356
4847 4926890.5579381585
4848 12574080.170264207
4849 3401843.010725841
4850 17215708.31359827
4851 17666692.76020081
4852 18478931.933718234
4853 14024372.821615841
4854 1414769.4745102236
4855 39435437.27665043
4856 15254718.356742973
4857 6551739.557177303
4858 5607526.924849009
4859 23976723.56017244
4860 28079839.82510776
4861 4011116.7277183128
4862 44950362.63893463
4863 16491461.599825023
4864 18669291.313806802
4865 5931570.030749675
4866 8850128.726189379
4867 41497.354653390124
4868 15722560.78291046
4869 4758430.961541846
4870 8491038.706039434
4871 11143347.68098015
4872 17643057.12759819
4873 4664104.896333421
4874 17291267.78047732
4875 5011386.0847265925
4876 2008482.4461489832
4877 16010697.594055176
4878 16743027.343703479
4879 13880060.17626251
4880 6127473.728814657
4881 6076370.341483037
4882 12133239.921677424
4883 2557740.4186103335
4884 25714839.13456129
4885 642271.7158533055
4886 6543192.378097663
4887 17511267.29649354
4888 7962591.315879276
4889 36317069.295756534
4890 15813219.980027268
4891 10079261.027276836
4892 12303385.384150567
4893 20716408.930596337
4894 22979668.08488565
4895 10069517.025401419
4896 12411613.739927076
4897 14052632.235758862
4898 11150558.611516641
4899 9915203.903044328
4900 10114696.866956906
4901 224794.32240513153
4902 33453271.05063987
4903 9950450.622790553
4904 1083422.9641675763
4905 11776473.805225696
4906 18335545.778822273
4907 29956182.645713605
4908 16223941.285916485
4909 10306228.561277322
4910 9996154.412280591
4911 20802944.12263594
4912 14841019.040806146
4913 20007724.463766895
4914 11154481.952434212
4915 14249682.522492176
4916 9259789.933313798
4917 20944185.422900546
4918 22472386.67165089
4919 9259566.822293065
4920 7593272.162156099
4921 8248164.752518652
4922 18955952.715473626
4923 40849762.54215373
4924 25632720.72838922
4925 2721515.3667802922
4926 23208386.12315969
4927 1622776.7956382493
4928 8979938.329914946
4929 597513.6397558767
4930 1591908.5874727555
4931 1532970.8150637858
4932 23268972.784132015
4933 9173306.734063484
4934 21057740.04395237
4935 9139817.272884715
4936 22474747.176918406
4937 8665017.593576645
4938 7446216.264908105
4939 8897093.93673593
4940 16383081.055164203
4941 635567.7922633104
4942 21622440.784026884
4943 6644282.023149268
4944 10665896.084534626
4945 614782.34312707
4946 3089481.6027644845
4947 8110109.459743764
4948 5756522.400875272
4949 2902215.19621291
4950 3164507.895559635
4951 1683815.9886654438
4952 2081757.948802624
4953 2918445.800907149
4954 17277036.475137684
4955 5968724.953513039
4956 25013342.065188356
4957 11354643.424029754
4958 8946654.663324278
4959 8678743.054200266
4960 27720146.486172114
4961 28550732.206897456
4962 7502314.097729342
4963 4782315.59456491
4964 7492631.739332645
4965 23884499.744400393
4966 9002610.384280408
4967 21057407.19496216
4968 7443175.723330956
4969 5598424.507330067
4970 2310571.2949991366
4971 3309693.0216977773
4972 17355036.335492402
4973 18105532.680384673
4974 1468012.6410814617
4975 11411482.613909395
4976 15084909.677644977
4977 27620089.36702515
4978 12249763.925464712
4979 880499.6505844444
4980 10551503.58195935
4981 26440893.489087567
4982 10842044.901432218
4983 5916905.255563442
4984 9902987.766503587
4985 19005244.90420313
4986 12775784.931002699
4987 7562200.838436034
4988 12670284.128759097
4989 10075767.623803997
4990 20515630.824802022
4991 17970956.704699695
4992 10201790.314692594
4993 16571660.549696006
4994 15999591.611890268
4995 6898396.700104788
4996 5367406.708537437
4997 8716859.60987883
4998 9235789.660129698
4999 0.0
5000 23799052.0
5001 3557007.534112811
5002 23426397.66674468
5003 14570364.773195203
5004 11523293.758635752
5005 33177384.91934725
5006 10820965.688931152
5007 8045307.18323385
5008 21597132.86942066
5009 21797359.058146864
5010 14790939.161180366
5011 3033027.253027899
5012 23616953.20068282
5013 14574347.9680597
5014 9402770.297361685
5015 107747.0650133267
5016 17062733.388755213
5017 7349901.8934938405
5018 12227497.262516856
5019 37404428.77947097
5020 4096408.988614328
5021 23895193.388355553
5022 4427172.226044554
5023 7947837.1930534635
5024 8398580.770885406
5025 15008838.77219893
5026 1768956.9622432934
5027 1204351.1840734202
5028 8279434.621949799
5029 728008.4903556565
5030 9663465.459700538
5031 3042848.5424583927
5032 18138529.72859552
5033 11822906.50798814
5034 442185.81028940063
5035 83601.62094980106
5036 13845834.330046894
5037 377548.841162771
5038 9208078.33950165
5039 16515283.14597324
5040 4514636.75244705
5041 9572485.92064505
5042 4651367.570611117
5043 5993689.937572812
5044 1303835.3013853058
5045 3602819.351151822
5046 10896713.424874723
5047 1645991.9430304617
5048 2105948.8898572708
5049 21412114.265841797
5050 21333292.051044583
5051 20830754.08037822
5052 17919516.191804674
5053 15385188.887550602
5054 57361654.706088156
5055 10189376.675806664
5056 9063519.557642203
5057 31735057.335574374
5058 12388408.64648453
5059 9699086.438996535
5060 26382535.679296084
5061 4206842.507662169
5062 9548465.198547136
5063 2551635.784570675
5064 9302954.2324397
5065 21999191.544188336
5066 8967661.265877735
5067 5051403.481346566
5068 3464883.5588015113
5069 25211816.152103387
5070 21082867.99506659
5071 2808070.040633779
5072 7555907.417770092
5073 8136630.675291227
5074 18812509.783311713
5075 15991953.839176204
5076 2402902.786545776
5077 8602075.324458782
5078 8531308.319032911
5079 3419511.5373190753
5080 24065637.9330335
5081 7908614.2800254105
5082 4633086.417511705
5083 18212757.56434042
5084 34392131.64651544
5085 11419036.305864785
5086 8925785.614755556
5087 10162011.251009531
5088 18103058.330727443
5089 470518.19704572717
5090 3703229.1909097526
5091 3912414.705690073
5092 3332727.9251820687
5093 11817102.177786674
5094 6547736.626498875
5095 4747660.384275167
5096 61035.716176467016
5097 12099399.847277846
5098 3719984.6726102093
5099 19982557.169607587
5100 8661360.461054109
5101 11363288.016319487
5102 15333193.855307285
5103 32467391.387120962
5104 9371722.223214313
5105 19955059.38646739
5106 7107736.759580256
5107 34509595.240424305
5108 8744989.957979444
5109 25809701.675031774
5110 13705550.717859972
5111 14678253.961317249
5112 25078948.26028599
5113 10897608.080469565
5114 24333658.315566942
5115 13506439.641722629
5116 7480480.264097682
5117 11299291.819971075
5118 12101655.671537302
5119 2992901.231267524
5120 15966554.993921775
5121 6521581.107569013
5122 2296462.7257454665
5123 14941259.705747753
5124 922279.3018153924
5125 19277779.885454036
5126 7869145.0005231025
5127 6390935.753882915
5128 17048301.838699833
5129 13692329.881595556
5130 18048345.252774358
5131 1706702.5705295242
5132 9649348.30350844
5133 21487347.5837381
5134 12917999.571780227
5135 5144130.24276708
5136 21202064.1583103
5137 6880766.362594827
5138 38941098.319048285
5139 8969500.858886365
5140 14316666.888474485
5141 39297070.28070304
5142 12708406.92734059
5143 2161649.0390311815
5144 2680735.0006558467
5145 32766330.380618766
5146 1411325.0353440344
5147 3811327.211403843
5148 15706543.410730451
5149 21054932.91878037
5150 39728122.12923996
5151 16580815.114694484
5152 11284078.534176987
5153 18252132.7541852
5154 11062225.414124005
5155 5941880.480666734
5156 12229873.813153196
5157 4579613.137695583
5158 48678557.524622574
5159 5016600.473044822
5160 2202146.930231545
5161 19550130.751470745
5162 802368.5281393183
5163 2476205.9949323796
5164 19936733.194494165
5165 10721904.362450816
5166 11769245.182253845
5167 9035970.203207286
5168 2651578.796594102
5169 20204936.89586866
5170 15273671.753687412
5171 21554632.872234065
5172 21255548.10722281
5173 11297987.325796517
5174 9450717.585363671
5175 12953155.992024647
5176 3168817.792686316
5177 6777554.7838357985
5178 12130207.429911539
5179 16782501.726467572
5180 23472215.374107108
5181 12344214.555861693
5182 17603547.304962046
5183 11875499.576087367
5184 10169952.64348079
5185 18579723.238747288
5186 7140406.220568685
5187 9776424.335422002
5188 13572622.649567205
5189 7499404.219346324
5190 22868511.652096067
5191 7623897.600970998
5192 6058717.743861833
5193 17738046.987501122
5194 4115716.624872
5195 19169421.682898685
5196 8434102.482434163
5197 8168040.921962907
5198 8137397.388549946
5199 1502748.9232140826
5200 3015553.1048554312
5201 19635988.184707362
5202 6362034.739201155
5203 12395659.488882035
5204 6682693.171027785
5205 17657688.49490521
5206 11630548.896799684
5207 15757114.012550859
5208 44440496.423199385
5209 10826575.317749597
5210 16161977.155351251
5211 28204807.05492705
5212 4260187.622002955
5213 4581972.029862734
5214 12140136.292605149
5215 753889.4010576447
5216 11958386.985994402
5217 13881424.164256407
5218 3617266.8389142733
5219 11398869.524311272
5220 23166739.853839546
5221 6402857.596981449
5222 15957609.820780296
5223 12656425.5584711
5224 787737.8809932088
5225 7364845.591191495
5226 15608671.366577033
5227 5660067.731919704
5228 19271504.274297886
5229 9792991.026540283
5230 16134772.967316935
5231 1495351.815585884
5232 10052149.665210405
5233 2147750.1262129154
5234 8797026.285016488
5235 15563475.28027481
5236 4898430.506774471
5237 1451085.6634155568
5238 6346611.439984744
5239 4914982.017972699
5240 3115886.148147509
5241 21210564.944090676
5242 32081336.61725087
5243 6572059.48630498
5244 549335.1637883869
5245 23809564.65312974
5246 4843223.62312155
5247 16121027.131047718
5248 12802392.022936128
5249 14136155.109871518
5250 34342177.11259045
5251 16671432.123423249
5252 18250473.586061135
5253 16813893.78472327
5254 3924819.2698431034
5255 1111640.8173207864
5256 14533071.19487757
5257 24197577.274540752
5258 12023866.237147234
5259 4816646.033976209
5260 8006256.534539815
5261 11788604.884315956
5262 12622391.9825706
5263 47408023.576335885
5264 18587343.082416546
5265 33997895.26502509
5266 19204530.494086795
5267 3117731.4648643043
5268 9307479.454058263
5269 19711790.904853232
5270 11713058.096921915
5271 11525096.567862347
5272 184650.5773921553
5273 4460695.026955093
5274 14149896.118604746
5275 21264166.754967675
5276 10608253.475299843
5277 7180063.946247574
5278 23370181.913144764
5279 29564481.660915487
5280 12868421.510625541
5281 573072.3635420436
5282 948165.2508629807
5283 15501618.26271272
5284 19070335.765315145
5285 5456094.833103016
5286 21511424.639497567
5287 1107563.4641988669
5288 18760622.138416488
5289 3620293.4096002765
5290 2458948.779747205
5291 15664824.335254509
5292 973688.1500130165
5293 4656087.705753246
5294 7393278.1603289265
5295 5174640.412381947
5296 547322.7641511974
5297 23278656.396269858
5298 4929652.160601463
5299 21163086.08889065
5300 8462292.778351597
5301 15109853.997125395
5302 18304513.824460104
5303 11959329.124781732
5304 9307728.523530807
5305 20500924.58387381
5306 11620428.824628849
5307 12378867.092677927
5308 9132795.899365254
5309 4186456.524718635
5310 11351974.428402804
5311 1640441.106631741
5312 15471499.943565914
5313 16075112.984666582
5314 8308832.192001089
5315 20518669.430463593
5316 12165484.236480061
5317 8149309.121858537
5318 5494821.665825321
5319 19268327.709117968
5320 20350631.44174213
5321 1208771.1297748294
5322 964308.7351742964
5323 3004902.937531327
5324 8188182.40467331
5325 14548096.44980159
5326 2524899.6801308105
5327 3770976.320360061
5328 1149473.9004642628
5329 816846.4509749133
5330 6203495.90377236
5331 224587.45760707185
5332 20781731.80199411
5333 28335423.301596444
5334 22439814.68194712
5335 10077057.771867063
5336 26491028.80091133
5337 7476204.234742072
5338 17981746.77511817
5339 1446251.246358999
5340 4415152.356401563
5341 2010348.6312932223
5342 14975259.105167864
5343 16408049.737675728
5344 2857902.8399185203
5345 11292756.730494402
5346 9110318.668479588
5347 16083587.946198959
5348 9430992.30698463
5349 19451615.54983818
5350 3219724.4924525814
5351 9719881.09238723
5352 26433602.504235134
5353 223857.57314689923
5354 15381485.738143224
5355 1025006.6104268506
5356 21073850.11210227
5357 2577428.7533002384
5358 3781749.425413941
5359 4068479.0007569026
5360 6973758.462304901
5361 24623940.744428594
5362 2320936.748302048
5363 33227446.57480863
5364 1412708.784448041
5365 864799.6277506556
5366 9315434.6776619
5367 9113651.360540155
5368 7041807.222711491
5369 10444387.040339662
5370 13621907.27183453
5371 29980776.704770982
5372 2073982.9111873386
5373 8202001.013973998
5374 1841554.385395892
5375 4312393.8562463485
5376 7441165.89414558
5377 3971393.4599068193
5378 1813283.9194342466
5379 4517458.1052641515
5380 19358942.7161428
5381 5579271.632131946
5382 19296751.017504897
5383 2752514.403430117
5384 7694419.716531371
5385 9170858.087911298
5386 1474118.8663603049
5387 22980808.523213096
5388 13434025.346233414
5389 4478688.975292416
5390 11801955.28207162
5391 11404951.364074245
5392 13444865.66283146
5393 5955473.653453123
5394 10683.112357683945
5395 10921493.504897153
5396 14500837.101109857
5397 22267923.898141243
5398 8040765.991800999
5399 18678744.737120464
5400 6462190.169435384
5401 7665605.11018843
5402 29606418.987357385
5403 1270571.305523599
5404 12288962.111393379
5405 17303065.309059903
5406 5866206.573723065
5407 17358185.818216607
5408 1082713.105732601
5409 6434431.669101399
5410 18725620.71651102
5411 17150721.05037189
5412 16591973.712959629
5413 4001211.0221895194
5414 8027563.119902289
5415 46783279.84828764
5416 36972461.33202139
5417 10260292.708630102
5418 9702023.431591421
5419 2677451.80611666
5420 10933740.937558848
5421 981097.0887703691
5422 6341148.022488269
5423 17796541.658173822
5424 9418733.4923325
5425 1227841.5764943254
5426 7662970.511719045
5427 2036986.695427296
5428 5379520.241657682
5429 1021855.9682159871
5430 1785532.9347248971
5431 6653166.86435698
5432 13308967.08395588
5433 2043662.8925459557
5434 3078500.376736372
5435 10661216.885667622
5436 56286334.91406312
5437 30075482.293449383
5438 2337029.594705165
5439 3844187.502930891
5440 14357408.72696358
5441 22404114.680304326
5442 9007502.023808861
5443 2977942.8710267404
5444 5922066.012113612
5445 8620755.316621326
5446 15838221.446551751
5447 4076662.5188921173
5448 3409653.316303718
5449 10917774.404264145
5450 20664331.918337066
5451 1706695.1822982617
5452 4617695.1311578285
5453 7842609.367196008
5454 12946703.521436311
5455 4484341.474229004
5456 4982596.05831576
5457 10755866.44821004
5458 4280650.9508479405
5459 8613747.401319448
5460 14195922.088766878
5461 2504532.0876572803
5462 5753732.96326583
5463 4171622.8637560415
5464 25624795.255118467
5465 27125819.537026994
5466 9900468.154585473
5467 5919907.09727987
5468 14190345.804663587
5469 4270781.82010895
5470 18052191.656608943
5471 15069302.857874433
5472 9459961.3083125
5473 18091525.042094957
5474 9207664.222547797
5475 11815764.241075069
5476 3293974.4002342876
5477 2671538.7910312186
5478 19730774.68774598
5479 8346739.524015841
5480 12562652.650119038
5481 6423030.481967548
5482 78224.49994527223
5483 2238365.929222295
5484 10134145.775953123
5485 3658.2130246516317
5486 19690452.118847113
5487 34411603.63202371
5488 23266365.173627846
5489 17500641.273980454
5490 2846736.1125874096
5491 1338995.8152993266
5492 14333132.443585705
5493 39639996.45413497
5494 20354492.897604123
5495 24614191.45568202
5496 4005127.5965544814
5497 7471213.571650559
5498 4457830.734852937
5499 14013873.824417958
5500 11918545.142521065
5501 7762990.650206907
5502 23725264.877233703
5503 7219465.442756183
5504 5579714.435972017
5505 17435011.814928245
5506 6127796.3805291
5507 25282208.864616364
5508 1872933.4693926796
5509 19867448.450408533
5510 6287201.82474912
5511 4369135.451944662
5512 12138915.49976608
5513 10748710.520700578
5514 8793427.763475126
5515 34400961.7384437
5516 17090829.12612115
5517 2104024.3443361674
5518 14594032.505888226
5519 9471362.637625692
5520 5350610.287706595
5521 7599910.913670677
5522 6363757.3202107325
5523 16357307.29762781
5524 6262661.326179662
5525 22560978.734352082
5526 19012955.962091297
5527 23872789.44478619
5528 13220716.194027513
5529 38017417.88137356
5530 1200762.456663414
5531 21534558.965820275
5532 7569057.454357574
5533 365267.9634757601
5534 1282734.9058234198
5535 1625367.2606296875
5536 4838804.275857673
5537 1724233.9270017706
5538 26999367.93662541
5539 8980447.701420467
5540 5705716.870758775
5541 3737122.8551652804
5542 9385543.413403135
5543 13567211.718955107
5544 548809.77217355
5545 6053147.463157762
5546 14310959.106083807
5547 3728664.947582012
5548 13956591.548214436
5549 34301412.21089418
5550 6019756.380188694
5551 2307090.4155852795
5552 126527.98482218757
5553 5588533.659326175
5554 13281740.350243166
5555 596072.4582819687
5556 3486290.570486578
5557 4418686.383503108
5558 8583686.70781845
5559 20675787.01619956
5560 298187.66152201965
5561 14477141.716099441
5562 10306892.310893772
5563 7397987.93097793
5564 14593595.48644232
5565 14764724.04709252
5566 30377186.556566324
5567 4652263.605627166
5568 4744778.543996349
5569 6544318.516868314
5570 26756298.21428611
5571 8815889.821369525
5572 15764971.328917447
5573 31856867.75674023
5574 9321211.387020564
5575 9686262.388674138
5576 19763420.122374512
5577 436444.9161176011
5578 38622603.704831794
5579 14929005.210254742
5580 14339154.524944637
5581 14991515.259757403
5582 6802403.131445317
5583 8870009.601082183
5584 5758074.990739374
5585 24146621.074037828
5586 13418870.208189901
5587 9032657.711802691
5588 25577452.58085885
5589 9873204.767759476
5590 26864446.22492176
5591 28311309.21748623
5592 40197007.56327102
5593 10410336.009326382
5594 3667226.8741276544
5595 4435216.808649639
5596 11276208.86861078
5597 8188905.67656767
5598 17217631.20677609
5599 29033084.670993812
5600 20604098.279654846
5601 1140474.481636431
5602 1141475.413498493
5603 8362784.3642750755
5604 6261648.518129088
5605 19443661.226686474
5606 2169340.712871682
5607 15460465.643518314
5608 350478.52511867136
5609 40073.57661502296
5610 11255548.657537898
5611 27856838.5181873
5612 5245679.585932827
5613 20708925.038638763
5614 6777384.735569897
5615 20275835.550839014
5616 8757758.939836886
5617 18941064.36815317
5618 6491782.329792056
5619 4493774.193954309
5620 24498537.803884108
5621 1642662.6010197522
5622 13488244.522446219
5623 5306897.521163743
5624 0.0
5625 11892899.854645053
5626 20405862.444968343
5627 2619490.3474764433
5628 3441622.3808852416
5629 2379077.406289029
5630 18737462.63648964
5631 3807343.9094902314
5632 1804037.5891389698
5633 2317878.027922396
5634 10950735.079182873
5635 18944419.457081772
5636 23838622.981972236
5637 18050620.657001145
5638 30287359.53945058
5639 4897363.244643664
5640 5089965.889183672
5641 6358824.396169893
5642 13612976.572722496
5643 10547815.074635413
5644 19536944.28514021
5645 2736413.3870960195
5646 534447.848040279
5647 21835880.73754921
5648 23610022.54047417
5649 4066890.869769646
5650 3117700.13530747
5651 26462942.015482757
5652 10358969.272769298
5653 5159001.779168679
5654 10648671.913763396
5655 11165076.450124744
5656 16561176.007575985
5657 27959905.506431717
5658 9925563.966569524
5659 1488041.507536349
5660 11507824.81887018
5661 27429626.402081594
5662 11031740.391010555
5663 4742576.112525029
5664 23383061.773968443
5665 6502355.664638314
5666 18476637.32104572
5667 21028644.59425811
5668 741.6872546859086
5669 22464641.60357694
5670 10794219.655964287
5671 1483190.6620885506
5672 20212496.091269076
5673 8774380.96487426
5674 9701390.544407042
5675 434115.47612081654
5676 9872776.772818163
5677 29515594.78008019
5678 10178976.563940305
5679 26416043.886669233
5680 39687000.66386165
5681 11496863.775883833
5682 10619967.182941094
5683 12886094.40952265
5684 10030454.899777833
5685 24150790.25796805
5686 23987415.301899873
5687 21212154.997718282
5688 7583373.549955167
5689 15547680.498982795
5690 41354.47546277987
5691 12946510.284804856
5692 4426613.626184839
5693 16063293.051573649
5694 15431359.355668163
5695 8153538.430584324
5696 21847506.812455602
5697 17387824.62462048
5698 32549715.534516804
5699 22010401.70655152
5700 24792105.330377176
5701 25335372.99857454
5702 4139440.175672092
5703 26662393.0431752
5704 15002690.57835061
5705 4118092.511544116
5706 1324405.1530339792
5707 5383873.540012471
5708 9490469.649780309
5709 23375245.524526827
5710 18147634.837509133
5711 14175109.276468541
5712 10045532.690164123
5713 20448019.75350108
5714 10517524.266070187
5715 4374946.082751276
5716 17127493.13271237
5717 13933434.782937638
5718 48382669.848415874
5719 42268884.475016
5720 16853104.225696832
5721 240990.65268830582
5722 3369444.9085524837
5723 25470609.488117382
5724 9921791.122430857
5725 25769338.5652088
5726 10775800.469654653
5727 1848299.611381228
5728 850967.9485904444
5729 29901772.83882811
5730 19290962.417478353
5731 7740907.580243945
5732 12850874.877889082
5733 1134569.4334199522
5734 11210298.64472931
5735 14891951.320209756
5736 19028423.642890744
5737 9571264.4151171
5738 4792408.329454665
5739 29461740.28918123
5740 16862764.596491084
5741 3513781.797039132
5742 21760038.734394535
5743 38614272.18611249
5744 25607995.832006045
5745 16320707.011015452
5746 2925170.300430356
5747 810763.6741697006
5748 21502558.717629954
5749 1353950.8702677377
5750 8820894.425104903
5751 3701345.0021993928
5752 2679280.233140081
5753 9400433.559837712
5754 383165.2989105247
5755 6250052.644007395
5756 2101318.8163792975
5757 7491836.609842569
5758 4318630.651642355
5759 19113695.00103839
5760 9765640.902752567
5761 3619093.354772475
5762 21224557.570411637
5763 7909611.564617434
5764 24059865.473961867
5765 8406049.342841707
5766 351214.5899209641
5767 17071377.26637548
5768 7305314.002648854
5769 10111199.351234682
5770 31637042.410164222
5771 17366461.752360005
5772 9148166.978264773
5773 3046410.4445291273
5774 13416620.70886025
5775 4284144.073641054
5776 14153725.078847265
5777 1957490.3227145378
5778 10279531.113565216
5779 16267231.98738066
5780 2879805.785088824
5781 5787111.026782463
5782 2091770.1352668349
5783 4088504.994269293
5784 5806792.816483719
5785 1778460.8738382868
5786 2030738.3922305144
5787 15385476.198488025
5788 24293844.556606486
5789 2468496.126136398
5790 5242913.772425166
5791 851032.39096554
5792 28303099.42723497
5793 2738360.7686537206
5794 8152434.852027756
5795 7239472.657476408
5796 4718416.690569032
5797 22646878.93117215
5798 4677883.78163353
5799 16650575.570012776
5800 49850465.16849297
5801 39769969.11667724
5802 2540212.3373358306
5803 16770934.756479124
5804 6842324.079835883
5805 34315871.733298756
5806 7591886.40321628
5807 8574552.015616145
5808 2941726.866096637
5809 623293.9814662198
5810 14105992.829309208
5811 13141893.994275015
5812 1820439.7852147045
5813 73753.20868914574
5814 11591426.760348149
5815 27352439.334537707
5816 15014395.883048251
5817 64211.14518989436
5818 608716.3733653412
5819 2239898.3915863708
5820 9463188.917437775
5821 15551331.55522696
5822 18294124.986927316
5823 16280998.646069054
5824 11347758.554222224
5825 10867968.188774623
5826 318985.56636847975
5827 8995498.344978577
5828 869761.8498991686
5829 13130316.74260346
5830 11847493.228667995
5831 15969300.980207484
5832 644861.3079763604
5833 13913660.702361433
5834 22784203.879706874
5835 14816808.155964404
5836 21174830.347130384
5837 10361442.18884479
5838 8792313.800538357
5839 6368271.618234873
5840 7054797.173113909
5841 14719009.17743676
5842 2921245.5585182216
5843 11326941.887972925
5844 6304712.261456707
5845 16371250.404181112
5846 13809438.838510007
5847 2377222.413182672
5848 6737237.847204804
5849 22060687.42887324
5850 5605669.04027945
5851 22534233.692091204
5852 10050909.685846822
5853 8618923.405713528
5854 17107170.999965865
5855 1470870.0332985716
5856 9639956.931657057
5857 6760098.397348692
5858 1590076.7266443437
5859 13352083.591537224
5860 19715406.14333342
5861 23116953.32694248
5862 9504554.367631905
5863 4598036.567605623
5864 14728778.160007378
5865 3922494.869067453
5866 10645570.367576633
5867 1356940.2700171918
5868 15118209.29010112
5869 11840021.6404371
5870 5456008.179517985
5871 28982202.832511786
5872 15487625.833933322
5873 1253681.0610111994
5874 77686.83294026181
5875 15667382.229296176
5876 18560215.400666732
5877 369448.43937897857
5878 5744856.937935939
5879 11923827.479779944
5880 36834993.775449954
5881 1104146.9979544617
5882 580214.8834892642
5883 2652068.4317609165
5884 28847391.503609218
5885 37345562.82940611
5886 12396149.107707525
5887 31390.600690026768
5888 9106199.043850996
5889 8381954.543358935
5890 26361228.425285853
5891 9353628.61741905
5892 2209813.256391815
5893 41726893.04375151
5894 10206192.815057464
5895 22424876.907547213
5896 839458.0550347227
5897 926380.9512274705
5898 16752523.577661835
5899 35489625.75851997
5900 2693077.4196234825
5901 16861389.0409153
5902 11666953.921011105
5903 12894723.826070089
5904 9740764.807165936
5905 1327461.4070065897
5906 8585894.268284578
5907 8885640.074032793
5908 19714971.474124268
5909 17423200.241808083
5910 3335808.874685511
5911 4604221.391310839
5912 13294035.555038106
5913 8706342.351575147
5914 841377.841349991
5915 3730969.6403265647
5916 11017481.451961
5917 13617277.246761907
5918 27549828.13778554
5919 1940028.2023411826
5920 7774833.544716602
5921 2813103.761701081
5922 3065178.96475566
5923 11829200.232589908
5924 11775012.045586783
5925 7165097.200332951
5926 1861661.064918863
5927 7369244.596379276
5928 18753387.85353545
5929 25793579.375261277
5930 8016993.711579401
5931 17956419.90324512
5932 858761.0572224334
5933 13130190.694104759
5934 12707879.436420798
5935 161371.48605363816
5936 250929.84702942637
5937 6853240.111091728
5938 25089189.69514444
5939 14598180.806747291
5940 4153118.5424743546
5941 2687510.271195828
5942 26236888.970938772
5943 18265645.354257975
5944 5725186.41593588
5945 8515812.26909557
5946 9884965.545923658
5947 31416458.597381018
5948 19749979.877106696
5949 23009694.925469775
5950 6669185.067269593
5951 6692406.007817725
5952 4110971.3015399734
5953 22936241.144842096
5954 21137750.591520935
5955 1727369.2946874863
5956 1820335.6991505492
5957 1857161.497413219
5958 18564494.416033663
5959 795125.0934697734
5960 4477993.118562048
5961 11993091.505506769
5962 12475491.654331101
5963 10414008.063811954
5964 7377025.076752821
5965 674694.9913352188
5966 20416959.833918698
5967 10299346.69417148
5968 13186212.837810436
5969 2879549.250828976
5970 5656391.71194792
5971 10577002.13259969
5972 9766348.305978315
5973 12817390.10270579
5974 4534464.771158705
5975 423559.5806465936
5976 26086.77111638058
5977 6915180.419149363
5978 15155143.27129767
5979 6234940.036583245
5980 8741253.981665049
5981 13729833.487284884
5982 4053003.099622218
5983 7255669.4780617645
5984 23517566.906222645
5985 11469522.600690104
5986 4713512.971072779
5987 279701.237665494
5988 8198327.177868787
5989 13450714.052941203
5990 5573455.661632059
5991 26081413.200028405
5992 3845747.9828717187
5993 6568009.2925627865
5994 3067556.0130648203
5995 11969442.182975104
5996 17528217.249756683
5997 24821443.90891523
5998 1302195.6196422195
5999 11613109.469536658
6000 1917547.425383998
6001 24569259.03246513
6002 12938927.440253679
6003 26699975.512404446
6004 23745364.439307667
6005 4899026.14012865
6006 4802166.321901292
6007 5082386.862881944
6008 16538897.198994188
6009 13419864.577515066
6010 8428129.125170758
6011 6393908.581869499
6012 5217799.034410583
6013 5635214.259535825
6014 1071715.4712147566
6015 6600826.588645724
6016 1523818.3755441215
6017 32840776.030429915
6018 12171682.712226046
6019 13084573.41019206
6020 9474404.889031928
6021 5191179.623745844
6022 26212520.38047201
6023 8233325.8474102765
6024 17456512.481280833
6025 730641.0484397281
6026 8487818.047479644
6027 4203713.867664611
6028 2055084.477081784
6029 6384619.5841902215
6030 21233665.345701437
6031 2897035.1147856414
6032 16890665.645678878
6033 2259140.210251892
6034 36472867.264583364
6035 11328449.169989202
6036 9130882.322393337
6037 11706922.58410472
6038 10176835.349192102
6039 7241668.552409336
6040 11733739.161909718
6041 4556491.64716822
6042 10820859.994956978
6043 2573239.178500481
6044 1223861.9930751305
6045 15568958.78820999
6046 28469114.503466994
6047 12679907.122421043
6048 2005577.5981333125
6049 14531012.545898106
6050 36165807.33892299
6051 12133196.250165131
6052 5569843.541053378
6053 1656421.7469443195
6054 15715159.638194894
6055 22937530.82601909
6056 19087257.644540675
6057 24898909.426895592
6058 13478428.353427665
6059 5677013.83394369
6060 7727481.248858827
6061 9452584.31131588
6062 14470918.759668637
6063 18533285.07373267
6064 31333701.93513018
6065 15878747.385481209
6066 19872801.85318519
6067 11647397.829360783
6068 5810811.416781789
6069 3442333.9138069265
6070 8122709.0440196255
6071 4432803.014915613
6072 206264.37266054656
6073 14200762.169694895
6074 1589114.5454286654
6075 22290334.986185893
6076 3801334.0475361394
6077 5563338.477332231
6078 15129677.567700855
6079 19477961.063327715
6080 2534966.8212070977
6081 36215679.70203926
6082 1689158.7587689701
6083 14482794.083183529
6084 22097307.575729076
6085 24775246.613267142
6086 20048815.15484326
6087 11531734.314250497
6088 14486446.041552894
6089 15226071.355726942
6090 15783972.273128312
6091 8415542.405196909
6092 2132691.796054706
6093 6340674.527035982
6094 13437153.611752193
6095 30954516.724862523
6096 13169502.408787295
6097 4019702.1407326306
6098 26150679.96556962
6099 22417359.403452247
6100 21216534.0371782
6101 8528704.400954448
6102 4661627.541202344
6103 2904485.8671827493
6104 7953712.107638799
6105 28756507.21646118
6106 11736532.028235445
6107 4775694.654300766
6108 21274562.00661611
6109 6253584.661218327
6110 15193717.91724487
6111 2477919.364380984
6112 5057281.558398868
6113 12143946.88770822
6114 62437937.972987354
6115 2483963.6583497366
6116 139557.04342774488
6117 11455018.717621133
6118 17356547.420295462
6119 32637729.70223041
6120 1082335.8082124759
6121 12667496.098593079
6122 6349550.92249217
6123 23231955.330763333
6124 38337100.80707515
6125 19922740.630813267
6126 3543095.1700123474
6127 21865557.90380153
6128 15303949.744447157
6129 21604130.250611816
6130 3301834.0380458683
6131 2453984.4917487907
6132 16832360.785267673
6133 36321374.06264266
6134 11922239.491574124
6135 6915653.806748347
6136 16499506.318299571
6137 15346477.369443255
6138 9540778.200230606
6139 1659614.5805636346
6140 5713498.692163894
6141 9164799.050331231
6142 2582964.8140859073
6143 8871805.524947409
6144 2567717.698427612
6145 8593892.847280195
6146 17514427.312313393
6147 1930856.9330226285
6148 1486031.048073899
6149 11774939.454152673
6150 6512520.9868498
6151 718876.6124067372
6152 15443793.074700043
6153 1204632.2877448145
6154 8748209.277988456
6155 1039614.7654188741
6156 10662654.013494689
6157 5322526.345233329
6158 23773969.262067646
6159 967932.1182595901
6160 7095852.04831706
6161 13723947.22575364
6162 10254654.281750366
6163 147606.36513043102
6164 228170.63041695207
6165 12586069.996582255
6166 4712813.832728351
6167 12590151.507737871
6168 26441962.931909516
6169 4566047.401681158
6170 2579997.2516757995
6171 8036979.542798955
6172 30257446.63824647
6173 24996578.09455372
6174 24871744.02348476
6175 5257018.063834928
6176 19616593.78583385
6177 25181094.012808993
6178 20093163.939656112
6179 6931740.603095032
6180 6339574.7529097
6181 10241070.882681444
6182 21912166.148329355
6183 16166941.944433851
6184 6567400.544421564
6185 24606068.70854652
6186 18499744.19570931
6187 13004201.660826037
6188 16546953.239936126
6189 2821843.7333431034
6190 9929684.221199129
6191 7614620.431878508
6192 17346668.267010942
6193 24574531.56585261
6194 11029016.118698062
6195 565193.482103549
6196 916369.3082237672
6197 9454421.239753598
6198 23618915.190970868
6199 5091345.78697002
6200 322938.1352701038
6201 15732480.031043591
6202 5431381.835364671
6203 4337478.824655899
6204 3090262.23157388
6205 10683088.020172544
6206 11246109.676827572
6207 4563722.51636299
6208 4936636.076149501
6209 2484668.3118590983
6210 5823830.448384447
6211 18917374.749349155
6212 38261.58377860859
6213 5341329.600551285
6214 5545449.270192631
6215 24247779.694300644
6216 10178613.249495089
6217 6689876.303915089
6218 23081323.37401083
6219 5066313.978438431
6220 14082409.79490221
6221 5170224.879246954
6222 15766654.213695338
6223 15596391.188215729
6224 5720674.947936196
6225 9612116.08273428
6226 24762486.137431446
6227 10016489.020994749
6228 14572858.822556628
6229 22349346.897020057
6230 16811467.97063219
6231 1742207.4070554469
6232 21380084.531083945
6233 2216986.616453303
6234 9496835.437205996
6235 3640119.475633282
6236 9928607.363866344
6237 13053173.027788814
6238 19011138.5198397
6239 19779380.46670995
6240 22458099.724295937
6241 3364258.0861634333
6242 14786978.240206981
6243 10647775.449907377
6244 1588830.1591714108
6245 24420814.94347826
6246 3638757.6193407224
6247 6498082.164282627
6248 2163009.944995896
6249 0.0
6250 4717711.270128204
6251 470463.1210446982
6252 9139657.893151458
6253 2288701.561415652
6254 9951897.992906254
6255 1072398.7769716722
6256 6409680.571471304
6257 51581085.01606653
6258 15061480.822617617
6259 3116611.3505607387
6260 24321722.40184791
6261 5587859.417790715
6262 11582695.564959511
6263 4891509.214644853
6264 12675615.328226097
6265 30109305.050561246
6266 6655483.1830963865
6267 2356376.6735336753
6268 6062532.685383579
6269 6585408.410988313
6270 18170593.292406593
6271 19657526.999110684
6272 16733397.818018531
6273 189891.6120415097
6274 18894750.848423295
6275 7751339.163275797
6276 6123758.671653218
6277 4574206.368781911
6278 5103015.440873044
6279 25974503.629588895
6280 16872425.516946137
6281 10781936.111517541
6282 1038851.7011288167
6283 19678573.281616095
6284 29720802.462247103
6285 22600993.386213355
6286 5320121.822108863
6287 19895278.63897687
6288 1619626.9911165577
6289 3883498.159811527
6290 20141517.86341435
6291 7397471.710532645
6292 11833699.344665004
6293 5611009.4865380265
6294 13312254.417640919
6295 23966591.60338196
6296 8617067.129522748
6297 4488912.834139865
6298 2428412.3265548097
6299 2730582.814190779
6300 42197853.67188654
6301 19576710.025993578
6302 15959619.817155011
6303 3533620.819187904
6304 11605123.686724309
6305 21270286.547794767
6306 1093418.5592361568
6307 9537383.742599703
6308 33203958.53950858
6309 399819.76728819124
6310 32271252.327301282
6311 42484432.943013825
6312 11814412.148347124
6313 11855071.744172983
6314 3226553.9764315095
6315 1696745.548306957
6316 9812040.973153176
6317 1524358.9558616173
6318 2315799.2254290804
6319 9981395.623193385
6320 23594106.294826236
6321 6656172.516870648
6322 23785218.05704014
6323 13896512.698298935
6324 21901747.304826263
6325 15410166.091207149
6326 2097792.808413118
6327 929944.9495821644
6328 499288.51627790276
6329 18381496.35911825
6330 46812934.986465536
6331 26920537.9548785
6332 5596722.326404997
6333 1507505.2914529126
6334 6179483.231731532
6335 3517311.7790247155
6336 27989213.291927725
6337 4191866.3906446714
6338 793626.5122225136
6339 1102505.4778861022
6340 4517594.980233404
6341 8681698.546784008
6342 330101.3197410223
6343 34687409.96926105
6344 28442072.813580383
6345 18396864.323989153
6346 2180908.9939481984
6347 14281229.940206973
6348 20557280.552077204
6349 40365038.25268853
6350 8405431.957187995
6351 15860471.735797845
6352 19320326.811489634
6353 6702458.896583108
6354 17915242.520752978
6355 8669323.887510344
6356 16210677.092625435
6357 9159216.708837483
6358 6027544.284137006
6359 6220262.670553492
6360 7819025.773877364
6361 21420323.746184297
6362 23739348.723654915
6363 10832685.55658343
6364 13455039.196128981
6365 9098260.117389772
6366 153840.04741021898
6367 21205197.089902423
6368 6830305.258285031
6369 25994897.964596465
6370 7260151.9063738175
6371 8353766.902221507
6372 10628593.755111398
6373 7711032.122498788
6374 7636547.079622277
6375 14531086.898520514
6376 7521973.562207741
6377 1588284.801383554
6378 13659630.324688435
6379 1927273.333900737
6380 13096072.916771641
6381 8700071.064767899
6382 3407244.8957643136
6383 14702410.795629248
6384 21346961.82064899
6385 37562264.038625695
6386 41630489.426327154
6387 33584996.62818184
6388 14182083.068061076
6389 5697282.1426627375
6390 8609440.755672537
6391 23655469.762524053
6392 3858407.7490298217
6393 26337738.566174895
6394 22057792.42504836
6395 11828893.83019327
6396 28919594.48036517
6397 34277354.6253158
6398 29118668.257614627
6399 1739183.0892813304
6400 34556725.79287489
6401 3642004.950999736
6402 8754799.371070728
6403 2865307.5434077005
6404 5318212.68972017
6405 621142.4204362277
6406 1682807.1285831518
6407 25413515.136706315
6408 25481406.245921396
6409 5832693.1186158825
6410 15366870.065944571
6411 1503263.3800344635
6412 6493485.384618696
6413 15180896.64944718
6414 18638063.171946358
6415 21142031.912792433
6416 23504571.427322116
6417 349982.3197203651
6418 29219437.669777643
6419 8650617.388276668
6420 27331093.244628288
6421 14804795.878650792
6422 26236096.0893173
6423 2495273.51171879
6424 12589023.859427635
6425 14406161.306367807
6426 8204738.188337125
6427 12440547.203381151
6428 6612334.874100159
6429 2137386.6244209306
6430 10402288.870395454
6431 15578112.761559604
6432 24962863.493517958
6433 14162413.3008421
6434 9064116.41010078
6435 29517388.51142122
6436 6516639.4500305
6437 2298107.338845163
6438 5170159.398848439
6439 2043214.9469400458
6440 2244794.322054008
6441 29463029.985088926
6442 11664471.171769354
6443 17418737.78037612
6444 1300839.2457648981
6445 26822825.208309807
6446 3232203.042019449
6447 3124311.987602085
6448 17851128.766086273
6449 2617543.2249448486
6450 5524764.0145936925
6451 2614097.300712725
6452 41365676.525003456
6453 96682.34136228636
6454 284121.91569525376
6455 18810479.870126106
6456 20771361.34501191
6457 7955838.705860937
6458 10588905.827050889
6459 2730511.57665678
6460 11160115.748553313
6461 16665078.355104595
6462 14414195.640908971
6463 9172877.913338456
6464 15477596.93042233
6465 6663559.347083636
6466 9640243.340876065
6467 6484897.281738107
6468 331750.31903288234
6469 5059926.88338731
6470 14800319.119128628
6471 17354014.904864095
6472 17318816.033104353
6473 14282729.345911793
6474 5110946.727398579
6475 35558982.99060179
6476 24338878.415664937
6477 15585514.080451885
6478 4485318.949358219
6479 24377391.757188797
6480 19975794.43609401
6481 11469855.90806343
6482 3207050.164823252
6483 1796338.3526342292
6484 17026002.405320395
6485 24595607.563484848
6486 8801799.89885467
6487 11804012.607609563
6488 5921129.522883028
6489 1092508.4423401784
6490 10208484.007603828
6491 6380911.34590457
6492 6041654.980253351
6493 7346286.412402052
6494 33123469.412082
6495 28635520.261117138
6496 680207.3562183222
6497 2679877.8909919504
6498 2657875.2411560714
6499 21232474.727319345
6500 18175248.178158127
6501 17403369.12761838
6502 18755282.16901084
6503 5577466.330334935
6504 2037209.8628967209
6505 14213587.065963522
6506 20376996.620990455
6507 4247068.870859321
6508 18399863.47850223
6509 198651.93341478752
6510 4271445.767705815
6511 12001207.549151
6512 18222614.46350663
6513 25252912.641573213
6514 4995942.265258018
6515 3508301.813441064
6516 19948910.46404652
6517 20833951.94717976
6518 17041994.93386119
6519 11794852.038765982
6520 2141606.89959402
6521 5879504.331932987
6522 2036196.3513451112
6523 18525319.387282696
6524 12105674.83220083
6525 12330163.550741747
6526 7820330.5472543705
6527 6294194.386324758
6528 7866613.680634258
6529 17090452.46708221
6530 16383550.74736368
6531 1937176.6510147122
6532 989201.0505461935
6533 17823866.279455595
6534 4023302.076392493
6535 15325753.70640216
6536 19611167.05815824
6537 14645274.693925794
6538 9361883.851724407
6539 26904440.965382196
6540 19687414.94369395
6541 2516261.6595374234
6542 15080135.56859256
6543 4996063.944692345
6544 543484.29143283
6545 858447.0077055721
6546 455243.88537143846
6547 5422248.903185402
6548 2226388.356377449
6549 4530286.779365389
6550 4151833.7799602924
6551 1926719.5638203905
6552 3628701.718595348
6553 22355983.602055375
6554 1964998.9578498588
6555 16507366.7574667
6556 13505625.160548972
6557 17917252.559324484
6558 8805701.6873483
6559 19566039.441968106
6560 9105871.900732022
6561 1977281.9446935668
6562 3096074.4178402117
6563 22117055.506953478
6564 28379549.27674223
6565 1042249.4941295777
6566 2223051.3925909
6567 13443600.728255877
6568 6813065.272800195
6569 8818052.94609286
6570 22076733.773330458
6571 11489585.26446666
6572 10783805.903169144
6573 20705489.61815342
6574 12967437.048824217
6575 7589982.646252819
6576 7074372.750462205
6577 14559370.59161992
6578 18229338.503948014
6579 13178546.446745222
6580 5061799.580011677
6581 6122846.510424668
6582 14169862.90220675
6583 15910474.312107865
6584 14783516.251270229
6585 6689570.658085286
6586 18304071.407766
6587 31892320.68353737
6588 21454203.5805379
6589 16096399.580669992
6590 13709402.44347832
6591 16684801.774715599
6592 827785.3682378125
6593 16978357.64334596
6594 5609416.437067151
6595 9752190.581436202
6596 24606573.449739926
6597 8627963.53416709
6598 19489438.53548228
6599 27843580.840731665
6600 1612612.4322237764
6601 26263267.76691802
6602 19763383.367665738
6603 346120.8081707731
6604 1250472.1487080278
6605 2129685.6533838515
6606 7630245.561806716
6607 18435864.067514893
6608 6539661.046141867
6609 9826812.4848155
6610 518372.0653982302
6611 266576.6263055564
6612 25596550.599500068
6613 9220062.334148759
6614 20283017.063651532
6615 277097.4205238237
6616 8368618.05086956
6617 6614604.345828131
6618 2139162.473444814
6619 18244712.295117628
6620 27552004.116530485
6621 1749336.6469301395
6622 3546285.9688051436
6623 27795354.76445579
6624 4892558.3450664915
6625 579739.1399494242
6626 14112135.284343852
6627 381055.21956561226
6628 20531140.541764975
6629 8132095.491868075
6630 43839125.804957695
6631 28698599.611059405
6632 12436622.270389143
6633 4404317.665978418
6634 9399882.659474319
6635 4839569.041044571
6636 16908452.242348526
6637 2667192.649754026
6638 2382422.8951660283
6639 974881.0506746336
6640 8475030.216665687
6641 3943990.7585941446
6642 14615231.755479582
6643 17874398.829466537
6644 4590442.926187903
6645 1587661.6139853057
6646 14129510.009746816
6647 19347339.93428899
6648 897810.8990934156
6649 9337881.211731063
6650 8680364.61009439
6651 8121002.622304248
6652 18765361.54101499
6653 3726558.339397762
6654 9080596.931707218
6655 5884606.958733404
6656 2752597.302294095
6657 22177956.180736817
6658 2184949.484397553
6659 611149.1993092299
6660 1319917.6777973892
6661 5634612.550791399
6662 41962133.194254726
6663 12203023.819976125
6664 17193061.05724359
6665 6422156.034620763
6666 18369577.17937814
6667 14341438.091885354
6668 4149522.3717581187
6669 1183407.7006833674
6670 9104075.804431982
6671 4500224.538101822
6672 3078873.14284659
6673 27581080.758175686
6674 33110118.761250615
6675 13736951.46695526
6676 3230776.89141021
6677 3418624.15940851
6678 134906.65105017822
6679 1582807.5121710016
6680 1029230.8008470796
6681 26420734.140556455
6682 5038564.991076542
6683 2977569.8084469903
6684 12426863.919298358
6685 22331580.425671563
6686 1309392.790232635
6687 7676512.975610603
6688 329900.0898677029
6689 30971067.66964609
6690 6581907.05397353
6691 24966669.962100208
6692 3233648.0450193333
6693 14000275.037951292
6694 30156608.406646885
6695 9290428.865861196
6696 30326047.19601077
6697 1960911.0474246235
6698 14778437.732911605
6699 16234690.72114506
6700 2178361.8226915393
6701 16461439.850575179
6702 4047976.161055299
6703 26537532.455498926
6704 8065508.193294441
6705 7535655.960008351
6706 14790684.504376346
6707 13300955.10664516
6708 18258333.605625536
6709 10522125.049945427
6710 17465148.044063114
6711 14720682.210738298
6712 24589253.69412899
6713 12359859.276570482
6714 12659756.612423748
6715 9333112.607889406
6716 3463862.4182713013
6717 805093.4594431253
6718 39222766.02101688
6719 8662466.172150115
6720 15444979.537958696
6721 7725384.022689518
6722 3382308.553060245
6723 16470197.555006262
6724 6735784.588450583
6725 27076223.89925947
6726 8343987.2879903475
6727 17811469.887306534
6728 12293533.377035543
6729 1297290.612929074
6730 3408324.8863327773
6731 26993777.450837124
6732 3330061.0881997123
6733 18701416.612896137
6734 20254523.552787036
6735 4094856.274394842
6736 9112411.419193128
6737 8306919.394365015
6738 16548340.354676854
6739 14860979.898990368
6740 1154961.345455264
6741 9201499.910277283
6742 8678929.414698996
6743 20095052.456370987
6744 19969682.695646018
6745 3956784.2560296096
6746 28979237.68452543
6747 4683156.37907977
6748 567207.4654495548
6749 9239694.285341948
6750 12242097.757741142
6751 2015659.3688571183
6752 3833796.68047365
6753 850159.61167657
6754 20187376.38742039
6755 13647788.75321034
6756 1722791.2084795963
6757 5064001.160324024
6758 3820934.653923264
6759 12622471.092967074
6760 30052012.065982617
6761 704901.1581245316
6762 17486812.487411752
6763 690812.7086209897
6764 39352401.88285844
6765 8016021.932112373
6766 14949622.440875422
6767 10226121.749648994
6768 16104929.64719497
6769 5179699.143424628
6770 589959.0549193788
6771 9140163.0286172
6772 16949079.35211883
6773 2953636.367653182
6774 15888157.696427707
6775 9301499.317876354
6776 10179458.558538206
6777 12557306.15413689
6778 39758569.92398997
6779 7584836.799961768
6780 2074203.1675509776
6781 8657270.121796958
6782 14237260.46319133
6783 1368339.866110838
6784 14881042.567696983
6785 3789360.179076329
6786 10209602.4666784
6787 2774289.848179401
6788 25847588.52723632
6789 14681337.6267711
6790 3080264.7669347036
6791 18196464.468621157
6792 6845357.788449867
6793 6426555.458890463
6794 26698296.740959167
6795 2490317.2309175064
6796 105635.22836889606
6797 5633914.75958327
6798 8643085.584883606
6799 17335642.653250817
6800 10024229.99428953
6801 8062897.586090489
6802 18250839.589645866
6803 1103911.5253075492
6804 1507640.1372539438
6805 251935.71969797788
6806 29587165.925758537
6807 20640663.156169333
6808 44297840.31562383
6809 3891950.1293452643
6810 5983917.1105191
6811 2864747.254978529
6812 6129766.168221793
6813 22900137.847281456
6814 12016640.512883136
6815 1579262.9588113232
6816 6781502.31247177
6817 14834110.937812682
6818 27684330.054159887
6819 1235878.2590272157
6820 4458351.755977586
6821 29174051.048335977
6822 46480190.68306668
6823 10362692.057692014
6824 13097859.022635069
6825 5227942.358982243
6826 10419534.244715268
6827 3289485.043532111
6828 9297780.889994549
6829 6137707.493653741
6830 2452602.09188429
6831 31892104.622910306
6832 5395830.571030704
6833 3105321.440180659
6834 2990319.20087511
6835 2549116.881587848
6836 24371446.87507365
6837 3864097.320275883
6838 25366455.04352049
6839 8888110.453246746
6840 10770992.82659169
6841 5237588.24562205
6842 14785775.810514547
6843 23763835.03854713
6844 7639083.094483442
6845 31904769.90866127
6846 2042409.5511609782
6847 14475374.051959995
6848 20471222.00608734
6849 53911.428533193655
6850 19781270.18304639
6851 4956822.115323347
6852 7036198.403307135
6853 4872884.044472914
6854 3058545.912020743
6855 3803620.4536437076
6856 13561123.852296151
6857 4835371.29306687
6858 3858131.2825494027
6859 5191828.027425078
6860 16873034.11751113
6861 1631545.4527539187
6862 11299227.545075692
6863 11295638.942819422
6864 15197277.392111534
6865 9388298.6886811
6866 23790738.174790457
6867 2013030.170832145
6868 5567840.126626359
6869 6929053.856331691
6870 15431768.822498605
6871 12891390.278173286
6872 4034551.6469706893
6873 3131428.056204632
6874 0.0
6875 8879166.751410302
6876 7815537.4684886895
6877 10803169.939343253
6878 1133950.987065941
6879 728971.4136649496
6880 12559502.233462902
6881 14133583.99373214
6882 20774855.34484495
6883 6511985.079855785
6884 19416661.760843016
6885 14055559.594878957
6886 4247621.535911284
6887 19961201.033463147
6888 19999063.766526453
6889 3171694.778023428
6890 21194206.684697364
6891 27579672.151322655
6892 17891452.43815602
6893 18236197.991217747
6894 17005528.39835082
6895 2092708.93744375
6896 1343272.602607089
6897 38054088.90101865
6898 14056365.968633909
6899 14098932.718086531
6900 43237160.94872816
6901 18129658.42911477
6902 885664.7323187012
6903 32162476.7850691
6904 35304144.07213022
6905 9452612.841725338
6906 1116886.6759047024
6907 10299302.740484672
6908 5558987.535441076
6909 6144869.348158427
6910 18511558.30502467
6911 9249539.731297724
6912 9362662.81703448
6913 2848537.1260486227
6914 2364330.8892571963
6915 15709891.849732688
6916 6789359.118819188
6917 15006988.235005058
6918 5617349.0521730315
6919 4585918.985125449
6920 7245955.09976247
6921 18037603.348476328
6922 6543043.484887837
6923 1821902.0618191678
6924 15189453.420333706
6925 37962335.245667025
6926 6101944.760477909
6927 3435612.5644550426
6928 9844910.553139782
6929 9081811.15702926
6930 9104992.763041634
6931 18114980.33839145
6932 2002103.4438876035
6933 6386514.252471
6934 10864327.573007766
6935 9179209.032251332
6936 13300229.105215492
6937 2284113.389531173
6938 8320868.486727297
6939 14473173.72824099
6940 6272611.047244494
6941 3824030.5732258456
6942 11633121.92488116
6943 567400.0554746175
6944 13023835.01700145
6945 21398817.7463951
6946 2889002.6543121915
6947 10133877.797224337
6948 20292286.01118512
6949 2534849.239432154
6950 17735675.64478501
6951 4618336.593643929
6952 2150756.7267850474
6953 1095509.7835649252
6954 15423242.381991569
6955 7773919.905248115
6956 6505597.18617025
6957 254826.65672050044
6958 15267483.835682899
6959 3885917.613851579
6960 7659195.401415427
6961 2039406.121414613
6962 8969018.942710321
6963 17236222.44507076
6964 1580268.4171718713
6965 2795546.0117876846
6966 3728323.5477141594
6967 2005795.4818097968
6968 7665197.4983453555
6969 6424235.237314947
6970 5664423.573304875
6971 21481703.702521387
6972 5443214.112084755
6973 19391182.62382587
6974 5397223.225736316
6975 48504523.64331505
6976 10124023.66568271
6977 23868644.751066223
6978 22087722.953788996
6979 10915124.128621712
6980 8645436.256222177
6981 4304386.048702478
6982 2219157.1042825356
6983 9041302.436641693
6984 27207454.049148552
6985 12255509.890967384
6986 4449637.432548915
6987 39996183.78668958
6988 14936917.426250044
6989 3163191.8195994482
6990 214377.39511941932
6991 1081624.3666378697
6992 4864646.97175929
6993 25279603.348813303
6994 1323885.2545784125
6995 13284843.544159293
6996 6003802.59925789
6997 3029424.6796932444
6998 2445418.4969521686
6999 19215585.096116744
7000 7877757.382222574
7001 5648261.089718237
7002 10642204.142014038
7003 27685944.998948544
7004 10239255.528084772
7005 20785031.85756105
7006 8532571.424886055
7007 48200442.7532021
7008 15713281.249666333
7009 7429694.349356977
7010 17911002.180591848
7011 27881228.678781338
7012 672396.1492339689
7013 32065205.452361032
7014 8035571.662522214
7015 4338378.253160725
7016 9990444.140192479
7017 2980305.5612034267
7018 31211978.620608836
7019 4713243.889476771
7020 601160.7565522548
7021 143171.89151184447
7022 29813228.881830752
7023 9512408.533293903
7024 26329462.221796803
7025 6922144.72534127
7026 25244041.529203795
7027 18249937.713602755
7028 33073478.49098023
7029 16184864.973234534
7030 268173.2747315476
7031 12148122.204983411
7032 29129117.224514015
7033 7010324.666613666
7034 32391023.769643977
7035 9560594.503136043
7036 19463140.07782793
7037 829461.7461775956
7038 4917003.547185518
7039 4353573.426395097
7040 10800502.71669355
7041 24808378.065462276
7042 22826972.512533914
7043 9352965.310305642
7044 9122812.862603568
7045 346037.71487101214
7046 17558996.522326335
7047 12444642.728831224
7048 16323796.617570344
7049 11188015.376888951
7050 11577554.931872115
7051 3816201.659972023
7052 5193723.056293331
7053 37423701.12917083
7054 7851048.293472595
7055 8742773.835987704
7056 31378102.958070155
7057 2459896.4215432913
7058 16992993.517736614
7059 17455216.355716318
7060 9939916.77681519
7061 10393244.817616679
7062 6927058.937092393
7063 13077591.964265276
7064 614916.1875738087
7065 54952267.91156858
7066 36349106.86717083
7067 7742493.881154151
7068 2135415.15067748
7069 1772528.8778320435
7070 19313766.632591367
7071 7286382.1160513535
7072 6184917.573356988
7073 21169378.433960687
7074 1541522.6100839265
7075 6972026.56238354
7076 17115021.447805792
7077 17811372.05198038
7078 4090745.6218010383
7079 14575087.52379548
7080 8130880.212493857
7081 7092698.8027236685
7082 26049323.554298557
7083 22203422.539189346
7084 2588512.959859305
7085 12531661.032881865
7086 3104808.097493289
7087 13797966.139359202
7088 1313936.061946298
7089 7965315.60893297
7090 115627.56773030804
7091 21982209.32422807
7092 24623541.622735098
7093 4509101.704297993
7094 21241561.569448043
7095 58120061.65225599
7096 503742.89611727
7097 11245302.512936752
7098 671255.6489302274
7099 5136706.284631293
7100 9051202.086182393
7101 4163927.94604191
7102 3443757.7660277
7103 1574757.52729744
7104 6659419.580393632
7105 27964611.242035907
7106 12565662.789556365
7107 51018.640823724214
7108 3284893.2277909573
7109 22879010.467267036
7110 3697696.6597123574
7111 14319598.362646699
7112 30041466.185390677
7113 3467996.242216965
7114 21059219.88291955
7115 20510763.06813331
7116 12710585.542186676
7117 8296909.842515361
7118 9220660.809659695
7119 9443850.155102387
7120 12604269.302662581
7121 18763115.338066544
7122 16110955.697009258
7123 5293517.605943471
7124 10653913.888655175
7125 13792187.582395546
7126 9203444.885951646
7127 6644621.566803332
7128 12221714.467896026
7129 8916171.064845556
7130 5793739.330963232
7131 5229605.619991095
7132 2697031.666444171
7133 8483245.922358746
7134 10686543.942267656
7135 21480223.087968342
7136 1240881.4086627606
7137 11522155.619663255
7138 22217582.22167085
7139 12412476.887765694
7140 1222860.697957823
7141 3497476.3306303434
7142 6643315.002236107
7143 2396603.3385872226
7144 221529.89550383203
7145 3092867.796887262
7146 17571311.525765862
7147 4656339.981999661
7148 6477610.57632993
7149 11957522.506868074
7150 18238.600727902725
7151 27557857.74240864
7152 10801806.980549503
7153 9129659.06956199
7154 9001434.95362368
7155 964951.9850419834
7156 11369235.706288934
7157 4763202.400108813
7158 5212876.9067244325
7159 11999217.253418759
7160 11943706.24963999
7161 10316073.638028663
7162 15231693.03956515
7163 27502121.518867873
7164 15703454.812769331
7165 16343870.572570425
7166 20365663.070680436
7167 21809680.944110572
7168 27244662.511834726
7169 16141611.269220587
7170 11884939.609104672
7171 8153162.467286182
7172 6428294.017363823
7173 1164405.010519662
7174 11036278.789432444
7175 7293502.471787938
7176 9785430.72623759
7177 5758185.042946856
7178 31528743.215890683
7179 4012578.5492499704
7180 20384326.19770819
7181 4472767.522908812
7182 19795069.552000426
7183 3100509.349723885
7184 6141155.513703346
7185 23865527.12499362
7186 5754409.58012333
7187 17572339.084030047
7188 24974840.91791753
7189 10068131.250313947
7190 9165243.426600294
7191 10002438.483485138
7192 19202811.85481424
7193 1845225.82994238
7194 5137632.151819378
7195 11838929.088155719
7196 9630574.46340709
7197 374916.3638373198
7198 14315004.181956684
7199 8705266.496391658
7200 8514212.876019899
7201 3912437.306788011
7202 20123228.94781898
7203 12342797.459451722
7204 39783370.82162389
7205 31747493.29024384
7206 11184278.736957777
7207 14982500.21998076
7208 15275313.932661513
7209 11977705.885678712
7210 3318742.1524054855
7211 40724719.38286671
7212 6820164.995223472
7213 13742558.158060776
7214 14595941.580658637
7215 17890951.74128072
7216 34684421.193459645
7217 2594223.421177032
7218 13573690.012329355
7219 13644560.727091774
7220 16921977.668577783
7221 44289475.67663153
7222 2470998.0190938925
7223 3267733.1264299667
7224 6771776.467533324
7225 6480243.9805369135
7226 3741938.479706116
7227 15082131.902759027
7228 5279611.828071002
7229 25151119.997090258
7230 14641161.713374112
7231 21360164.087433524
7232 1052236.0760052162
7233 1310102.485693187
7234 7215132.133591486
7235 3425839.378805966
7236 2451256.8470608247
7237 3245960.482085821
7238 4497181.896384162
7239 31800920.623397097
7240 5428410.976885844
7241 38033251.82799857
7242 4328454.136477698
7243 9817218.24009634
7244 3378709.628514042
7245 559759.8374093976
7246 10094432.900944984
7247 11441182.698665913
7248 5625682.809630744
7249 54873.36411516019
7250 16499801.877686242
7251 20001943.41874025
7252 5104841.83241214
7253 653883.5342120845
7254 5325194.7745037805
7255 30917770.845538255
7256 24787759.026730184
7257 41263809.150991514
7258 134687.73464739136
7259 17698558.21716337
7260 19388379.070656434
7261 6614947.302726374
7262 11044204.237599805
7263 5639750.991120238
7264 6781673.231346382
7265 4388047.171879884
7266 3785724.7176628094
7267 7456878.524778774
7268 17297943.824515816
7269 3696480.309091332
7270 12390555.382230703
7271 16987477.70599821
7272 1968526.3340960438
7273 13032721.070586853
7274 5907225.457093153
7275 40769878.918922104
7276 14058439.58599371
7277 14001330.782913573
7278 4233717.837864422
7279 5204987.030640741
7280 47940969.022873506
7281 5578384.855204299
7282 5585616.340556572
7283 16699537.111474171
7284 33453452.23151921
7285 5988875.36886234
7286 6975967.390292052
7287 6982206.086549861
7288 14031224.539884109
7289 41902237.932754666
7290 16319828.425032586
7291 23572354.45543208
7292 3126938.433647616
7293 1872243.6317061614
7294 37006176.40263964
7295 7999052.643437585
7296 1320933.218643142
7297 28225908.26711868
7298 8226305.768878891
7299 38901960.862224385
7300 826784.5865848036
7301 7080167.610713998
7302 15348467.747684302
7303 6660385.593834958
7304 32890027.904793624
7305 26306240.942868307
7306 8953241.183471516
7307 25431187.348390397
7308 10739670.446168669
7309 25598932.736566816
7310 2147893.248007021
7311 19175207.295736637
7312 14106724.303931953
7313 10915645.491068194
7314 4266164.077909207
7315 11673.769098419696
7316 32090370.226350028
7317 5357515.476957741
7318 19299809.17777896
7319 2111981.9476956464
7320 3649848.2403983735
7321 26771609.0888496
7322 1619638.047298342
7323 17394311.77714331
7324 9625258.027013551
7325 26258671.64432533
7326 164893.59521835763
7327 1860527.9736400873
7328 30530850.884671107
7329 19347098.528307725
7330 5145896.093924094
7331 2187414.070261203
7332 10403956.097022532
7333 1584563.528598845
7334 19194942.189456113
7335 6801051.993170716
7336 3461599.1281388346
7337 37817974.14823664
7338 8506386.75858868
7339 2312646.6384456363
7340 35217651.198419854
7341 10231208.144708924
7342 6172051.692366659
7343 19741172.620362107
7344 4780007.9789504465
7345 5869964.078324003
7346 21418041.790158287
7347 20250037.67252539
7348 18670505.20577168
7349 6746487.556318854
7350 36772838.851824604
7351 4443954.857918199
7352 17917157.99724439
7353 10070137.794281505
7354 10780457.355243187
7355 19651770.328091033
7356 2984160.737998072
7357 11635072.563206151
7358 12285218.545445813
7359 23623496.008568678
7360 20096956.45957306
7361 3697176.1043924633
7362 7969280.552633894
7363 8346399.792578641
7364 16760022.319450319
7365 5825147.112569226
7366 2539795.5394053664
7367 14346060.158663733
7368 6095805.741680924
7369 12282101.7734135
7370 19949034.964127183
7371 4542619.975500285
7372 9472157.9815998
7373 15770821.410914484
7374 2843872.089687047
7375 27161936.59284103
7376 10219957.59835938
7377 1565404.860903943
7378 13084139.443372674
7379 10636121.859362818
7380 10973900.730071498
7381 5419188.591045797
7382 18315379.81013261
7383 1140217.5216355366
7384 15614553.986084152
7385 10527634.377871798
7386 9480896.626171147
7387 7933545.142000794
7388 3087097.0200522733
7389 35369710.53550322
7390 9099033.61087031
7391 12016623.114963967
7392 7660256.456090618
7393 5144006.047781393
7394 18592506.42989804
7395 11801272.423757516
7396 5398517.142213171
7397 20106340.30966071
7398 779244.5700864084
7399 4304937.292298721
7400 44323870.16311946
7401 14701007.198120877
7402 1696996.7454855694
7403 1963952.186358953
7404 27935728.957061257
7405 10468186.67933184
7406 20349342.000417132
7407 10208550.923820611
7408 17636668.408715077
7409 11128782.490485765
7410 10944100.717400137
7411 13201861.422631044
7412 20595430.771067727
7413 510608.7175105619
7414 10144924.554643467
7415 2307422.294467684
7416 16315235.072915774
7417 14128611.789482005
7418 7701431.470412582
7419 17091451.083191957
7420 4537523.635070331
7421 10469103.291720225
7422 10736511.688074775
7423 1113420.3977343692
7424 28164305.589100927
7425 4625324.358554132
7426 32649052.337093957
7427 664752.4924006071
7428 8680379.859117694
7429 15196591.797884472
7430 5656082.919149862
7431 16725488.674085904
7432 6650580.269279165
7433 18672915.406776465
7434 5920847.856802104
7435 5845324.0924666
7436 612870.166077849
7437 16888326.407452114
7438 4226628.96023681
7439 27360920.05390601
7440 31150264.16138609
7441 9672255.448847033
7442 10570125.915499218
7443 7773476.85169058
7444 3670570.201816585
7445 39937084.765250176
7446 29355938.120113187
7447 15638172.27195128
7448 7890661.840676678
7449 2847069.4487850666
7450 20362234.515386015
7451 20431393.21626923
7452 1701680.6889732387
7453 34202069.3391075
7454 8848636.536435641
7455 20031457.108657032
7456 26484832.346834995
7457 6103881.307782817
7458 18149814.349437512
7459 3677520.5999081787
7460 16265125.042094769
7461 479426.5751955183
7462 13500836.093393335
7463 18608994.819212943
7464 15800635.419974897
7465 24395596.95878016
7466 33843473.22484361
7467 4468849.752482168
7468 2824131.0975968568
7469 9533917.71904002
7470 16269867.148686977
7471 2402638.298913313
7472 8303310.694812215
7473 26804597.772818103
7474 8298109.506277014
7475 20145672.479391843
7476 1589055.1770725958
7477 1719170.4179095877
7478 29743557.19402256
7479 11358556.75263729
7480 5071384.8186896555
7481 15137723.690712731
7482 6248549.895531293
7483 2824740.006446113
7484 23610130.24243977
7485 13734690.145766763
7486 104231.66274132021
7487 24198545.56639926
7488 9516910.70555534
7489 21981960.96839055
7490 2291270.3827107567
7491 9570203.47836632
7492 1202455.6532865763
7493 146588.21169823408
7494 7700000.949026249
7495 16387121.406093758
7496 3557421.132700937
7497 16473398.665015949
7498 2983438.0226705694
7499 0.0
7500 8994240.0
7501 15991226.196177104
7502 10006475.46326933
7503 1169437.6726036929
7504 10482515.431921441
7505 13911951.47211659
7506 29944392.45610924
7507 14347955.048917947
7508 2244755.060652431
7509 574191.1297911331
7510 10667602.111125896
7511 6366534.258243039
7512 2402836.293155933
7513 16339981.92265418
7514 5883854.858246854
7515 28714233.870140016
7516 9564013.82491796
7517 9736097.635905296
7518 3321745.915843216
7519 17611976.777081892
7520 11068279.74969919
7521 13062959.959239634
7522 15057438.50037059
7523 146146.26308810897
7524 9884365.579980152
7525 3180179.9679493327
7526 7965957.662217363
7527 23253360.78251942
7528 3735199.5436413004
7529 13486454.485660143
7530 10037368.75946474
7531 8020474.259436209
7532 1422947.9641706822
7533 5974159.229475743
7534 15434426.298357256
7535 38645632.83016139
7536 3890689.357557281
7537 2483145.3013908137
7538 2566657.293825306
7539 33558324.02426097
7540 18801528.682644974
7541 15336207.939880246
7542 5596111.122253442
7543 4838752.142034854
7544 2756800.5724800136
7545 9023376.180106573
7546 7332392.013618118
7547 8266133.82013472
7548 2239993.72189144
7549 13421960.795566652
7550 7501434.808503592
7551 12224333.854922466
7552 31738757.911791198
7553 2790298.201571839
7554 17586630.80084382
7555 28965485.32577616
7556 23669344.748024624
7557 4938671.225215521
7558 22899625.76718757
7559 15165275.220842147
7560 282561.449139365
7561 6415323.760517631
7562 23806406.981954098
7563 28148523.016773775
7564 4998216.982005309
7565 7276014.0741857365
7566 10268596.040823925
7567 7553136.326759175
7568 22627959.815484703
7569 9663829.681585645
7570 8188577.094789775
7571 12364668.612666152
7572 10799774.124385104
7573 3676833.9316938883
7574 5140994.373026719
7575 4778521.722766552
7576 6420171.407462075
7577 2521983.583185874
7578 15974755.272976864
7579 10599915.289181262
7580 5727654.689354936
7581 10489681.31527682
7582 938302.233402021
7583 24967165.930722825
7584 6326830.672365734
7585 9112399.480168374
7586 18228652.467272315
7587 5447515.455205505
7588 21754118.941576824
7589 891513.0629787743
7590 5269193.7653320115
7591 6089251.721834423
7592 10429257.692501
7593 18987319.016620573
7594 5553340.469048686
7595 504318.3114799168
7596 8048422.089208171
7597 12357698.212798296
7598 22864382.444988623
7599 16518782.21200962
7600 2571303.728266615
7601 11269610.666276516
7602 8648854.465200579
7603 27740209.80867676
7604 16669445.887715887
7605 1017270.4282937557
7606 9041707.577446025
7607 16350901.665483441
7608 2598150.7178832768
7609 5664226.318783892
7610 26552250.34188065
7611 16233503.174990227
7612 24788533.38021785
7613 2987492.57779257
7614 5615201.38730415
7615 14863327.424535558
7616 2850323.522516369
7617 17267879.27538306
7618 628269.4034108315
7619 8700031.184975853
7620 7012939.202519125
7621 1267802.863332396
7622 22963950.796298265
7623 22187538.915020067
7624 12236969.097567737
7625 9473133.592951922
7626 9814008.009809677
7627 21839345.21275939
7628 3401826.104704
7629 8606688.739024352
7630 9784815.387465801
7631 26879335.38879931
7632 7610734.873197968
7633 7238753.995333169
7634 6614053.472760993
7635 9842689.70945634
7636 4514587.837566995
7637 21835741.216941692
7638 16849062.901533145
7639 4255085.413841377
7640 3486490.7842814187
7641 15183363.345917327
7642 9407597.760061912
7643 3204165.0414037947
7644 12447362.542553091
7645 3799412.587599721
7646 21273719.686960086
7647 25938525.22519365
7648 36177788.72154114
7649 37675250.837649405
7650 7012018.295659661
7651 14389305.90801797
7652 26624320.578635093
7653 2765397.053654682
7654 214645.88021288346
7655 3506504.1777573987
7656 4503731.825008751
7657 9260730.41079098
7658 15761108.584884048
7659 4609876.368535874
7660 16012816.17007136
7661 42398712.29336722
7662 25574941.906263
7663 9936705.168674462
7664 2188179.3218646357
7665 3587987.5362097453
7666 5720521.817024415
7667 8994536.387565315
7668 4262668.471214006
7669 11452674.133574555
7670 5282198.2151886765
7671 9758283.877395147
7672 13480425.888151277
7673 13565641.31483545
7674 4418686.471953259
7675 15294083.43546122
7676 1679351.0714966757
7677 14549867.456301358
7678 9789069.059554294
7679 4084065.3962507546
7680 13024152.620723259
7681 25269139.487738606
7682 6020627.981449157
7683 1281194.3293500487
7684 5937809.261087634
7685 669150.1540473336
7686 10659689.074336
7687 8505609.578918744
7688 3052886.7093036175
7689 9096339.18160565
7690 9785377.800632082
7691 43600730.002627395
7692 36139416.87614766
7693 20389256.40411956
7694 4388935.121764325
7695 1450844.6277497206
7696 6988801.177324873
7697 33708788.92623175
7698 5086593.854910488
7699 167500.09031000733
7700 9117740.326108072
7701 2305059.678262377
7702 5346500.5661632
7703 34853580.68607066
7704 19085332.338271648
7705 10533817.421239948
7706 23886354.771129884
7707 2858799.1218901835
7708 21570793.630789682
7709 21149689.675919868
7710 4750765.070942729
7711 5450204.454214342
7712 9081131.802324725
7713 22405971.971707366
7714 37491218.46620251
7715 18391589.21786376
7716 18475573.764992587
7717 7034945.976764122
7718 22059757.794671476
7719 240333.0796684362
7720 5244963.65687113
7721 9908589.172412917
7722 7499902.024172806
7723 2896389.104735274
7724 32206999.481231626
7725 10535042.763487011
7726 33475823.910166718
7727 13511146.197120398
7728 29913410.542599488
7729 5939396.770128943
7730 2818338.0155077083
7731 20310440.969290327
7732 4469877.150067413
7733 5351844.454783847
7734 19966557.97684345
7735 813821.1767303105
7736 2036656.957693452
7737 5209984.866699781
7738 3535685.5611278526
7739 17878174.649072208
7740 22619782.45574688
7741 21162118.09021415
7742 20773406.39803368
7743 10944651.93725084
7744 9523748.229509588
7745 3022873.364770692
7746 18678990.184071127
7747 9634051.591118284
7748 14491134.643929021
7749 24957930.229463845
7750 19460104.04070719
7751 2247310.865411438
7752 17873981.237220272
7753 24097579.62719793
7754 3624364.452221565
7755 25888256.420067936
7756 20156769.196893293
7757 5652228.148836584
7758 4071962.4701375524
7759 20994265.44094675
7760 9041477.10546149
7761 12299767.33955444
7762 8363798.931768298
7763 20884680.24612757
7764 13468493.843315858
7765 19157404.78211323
7766 22173337.243144166
7767 4674098.5654655285
7768 2533803.35314818
7769 1442830.9999044072
7770 1239713.8345169793
7771 17531060.04001216
7772 6224243.940468866
7773 26695453.74787881
7774 25923545.0450455
7775 445790.9410807276
7776 11246391.101201348
7777 10327463.67103246
7778 20335989.281090565
7779 12301043.260085443
7780 13814821.168185838
7781 8204857.980098316
7782 24576251.829241518
7783 1568487.9326849738
7784 9502732.393080983
7785 7455551.632442966
7786 1126668.5905734878
7787 5032010.976195795
7788 21332364.239357427
7789 111578.8170831548
7790 4648779.909207019
7791 4442059.896211945
7792 7956234.933894632
7793 5115535.0439162785
7794 9034690.828275958
7795 5126240.523870736
7796 8534484.887160819
7797 27146480.742760316
7798 7871035.267252959
7799 2548884.6647206163
7800 9232787.169289572
7801 15673738.635223858
7802 3807948.53320634
7803 4346801.899716226
7804 46960450.687658206
7805 5708693.908449985
7806 13805402.555131327
7807 21765870.786351282
7808 20115068.91943776
7809 3429115.5733979754
7810 13059257.549163688
7811 6833309.329493843
7812 13612347.918297123
7813 26672230.310335673
7814 371391.631671838
7815 25552218.947188683
7816 10506002.399047593
7817 17607947.9127263
7818 8948054.171293091
7819 21377724.915633738
7820 1498851.2331139864
7821 2349584.7664939193
7822 17013276.149432555
7823 32575656.61955534
7824 6700883.628929533
7825 15588813.497442419
7826 668833.2015101411
7827 14176277.94864677
7828 26066530.75064592
7829 1335876.2160638324
7830 17265593.075995006
7831 7629041.074586482
7832 40405879.355062395
7833 3434554.8462763955
7834 24365476.391516753
7835 646958.3369847927
7836 32878213.23466242
7837 38846964.949883625
7838 22893768.10328378
7839 10460511.482823454
7840 11902669.429382076
7841 30367437.644673295
7842 34957281.41496074
7843 30952022.998253085
7844 9639475.359249894
7845 727624.6940161847
7846 7440303.749875274
7847 26424245.145778093
7848 11794933.159611657
7849 27551100.599279407
7850 7029178.814519428
7851 13971397.806730006
7852 19586048.429737806
7853 33829453.00498005
7854 17913447.60861805
7855 10150852.38153662
7856 5674981.279450484
7857 21784159.352564767
7858 36694767.619817704
7859 10178079.436762106
7860 24820752.618176945
7861 13492371.38999005
7862 12336369.662999632
7863 1411218.458799806
7864 686787.034687181
7865 17020309.109178748
7866 410572.7615036052
7867 16773795.166027319
7868 140630.81423887797
7869 12428356.904817326
7870 3765860.4661917817
7871 20754645.013222076
7872 20376137.30234144
7873 8230908.943309713
7874 25171.188830398023
7875 9020469.22700667
7876 14511972.231231384
7877 10673874.410807393
7878 11210997.069310669
7879 15470716.496812638
7880 6222233.317346361
7881 12841737.80858583
7882 28971621.041600533
7883 49076613.04080451
7884 8577523.492733875
7885 17750123.218389742
7886 6749558.73195323
7887 18134307.936291967
7888 6767403.355625926
7889 6707865.174364664
7890 13829636.734482536
7891 2483691.2392987027
7892 11678723.222702144
7893 7476474.9978768
7894 29920227.936330147
7895 4931590.338102801
7896 35201047.79246467
7897 4697315.145887922
7898 18930664.321449608
7899 8082291.955508273
7900 18509630.56940843
7901 34591695.293194965
7902 27869371.78873002
7903 20412728.161776446
7904 9137840.430397535
7905 18683935.424499452
7906 8749625.058422381
7907 8140930.975005025
7908 8595240.599633014
7909 4425769.702792167
7910 11748316.881799038
7911 27467236.79918966
7912 12595144.76517804
7913 2333525.406700328
7914 7719334.900577492
7915 3548256.3877135683
7916 5108065.7157102125
7917 9553392.94223398
7918 25928948.646695856
7919 30548423.779032517
7920 1471893.4316556137
7921 18339801.100923173
7922 5958011.049412338
7923 1900645.303733998
7924 15300806.271545455
7925 350501.9224325046
7926 21466273.847494148
7927 13597295.234134488
7928 5829098.797016244
7929 10468188.469057065
7930 9494908.009087149
7931 13795116.835226923
7932 9591933.869741742
7933 2261359.132736749
7934 23129202.83659802
7935 11361242.74418132
7936 14402657.677059287
7937 16446809.252755553
7938 15188091.887181092
7939 490650.3854374364
7940 22716204.218667142
7941 13880875.341775369
7942 7122628.573915213
7943 9911828.058174718
7944 3762326.2210367075
7945 3504516.792192623
7946 7755359.369827896
7947 25613591.2902701
7948 6718151.793650491
7949 885473.709148902
7950 11506165.372263681
7951 11240816.685698662
7952 1364830.449521075
7953 18896928.35868589
7954 12326115.182775242
7955 19079775.658917017
7956 4054702.8782102186
7957 10713212.20990115
7958 6608061.41070271
7959 218811.3096582857
7960 22780297.817133732
7961 523209.74153269455
7962 1147936.9460013472
7963 35420704.47992288
7964 9361744.46935069
7965 4609789.310711222
7966 12612837.055996336
7967 4426467.568179024
7968 9659157.69600751
7969 20729786.520460546
7970 32193171.596448343
7971 16744487.110917259
7972 7155619.307821281
7973 9473706.258162169
7974 19857540.961041376
7975 7515510.042430455
7976 34778898.692292504
7977 10188583.200631527
7978 7447134.016596153
7979 12583186.163964603
7980 3273267.444118323
7981 13397298.556214042
7982 20060716.639723524
7983 12664089.9842977
7984 7916124.304554199
7985 22041408.351344325
7986 10706691.839147836
7987 24741735.981601343
7988 16648431.166930612
7989 776118.9797890019
7990 16870187.122950308
7991 2216039.3189096046
7992 20562174.160667174
7993 31399882.67940698
7994 934444.5354423933
7995 24223415.8290188
7996 11556907.782531448
7997 4574654.747421699
7998 1092142.188333847
7999 1228427.9120003087
8000 21205098.707181484
8001 2389843.4073297605
8002 3944145.832999968
8003 14291242.041578358
8004 308203.6000660099
8005 22988758.42247049
8006 2608137.261693863
8007 17462822.92995784
8008 25949663.927898277
8009 14203451.064908115
8010 14769548.792381639
8011 1461204.416267638
8012 36780585.38133775
8013 5590541.3021337055
8014 7920509.456145606
8015 19570448.811624166
8016 21452347.54751706
8017 9397084.506148405
8018 6488567.562176283
8019 21493818.5113593
8020 12027796.447405994
8021 14247511.190341026
8022 4264040.570068795
8023 15590500.95964428
8024 36735902.07990761
8025 9020631.139323272
8026 33697959.41515535
8027 607643.7768528275
8028 2453566.179963903
8029 12881577.376116768
8030 1503246.2420016723
8031 12339375.309916798
8032 31870450.369187444
8033 3334375.3900478445
8034 7253588.623152777
8035 19216336.941500872
8036 17538262.862284467
8037 61669.92840883508
8038 15389711.757055935
8039 5249451.3929766
8040 6018665.228078188
8041 5247551.876392283
8042 17433590.13610727
8043 4626811.586391052
8044 2484487.6827046005
8045 547613.8716106908
8046 19761588.624203965
8047 16658719.062757853
8048 2642310.2493349668
8049 19886155.679194503
8050 13933285.687461002
8051 25894688.895533502
8052 35398776.47764484
8053 2089863.4896834465
8054 11065302.948670376
8055 7999949.871235363
8056 10660424.937625501
8057 21725106.284181993
8058 19157736.849068828
8059 1042420.0388921406
8060 12172889.996373465
8061 23583597.310905352
8062 16668297.392391842
8063 6151841.588576013
8064 17126210.591330077
8065 22177603.890602358
8066 18454527.98583155
8067 15525068.894845076
8068 8007097.721800556
8069 2024037.751892188
8070 6402190.804071796
8071 4822104.07389618
8072 12862277.73120863
8073 2381957.488779098
8074 7025946.146210317
8075 14485816.84444429
8076 26783259.05661338
8077 7886620.25270976
8078 3815434.2462244593
8079 13283444.87730808
8080 24168145.42459853
8081 2373884.1896070465
8082 4268342.711885875
8083 2937981.188354293
8084 1534698.938074342
8085 2266991.688392265
8086 5021393.157266816
8087 10790185.19939971
8088 8588480.210607173
8089 4523261.650611403
8090 20314001.106012378
8091 1581447.1357803866
8092 3852476.3838255145
8093 14152794.304925948
8094 3705059.589133708
8095 5337253.910493003
8096 2075378.3508933708
8097 7527773.83778974
8098 28217225.34143477
8099 41192.995226221625
8100 4731850.438060902
8101 11089161.636536589
8102 15999746.767802719
8103 4443517.801095145
8104 46792995.2126963
8105 5571083.933358735
8106 10618369.417723805
8107 38199915.82966765
8108 1546371.9695843223
8109 23546998.74959977
8110 10811091.334909102
8111 19788687.42870041
8112 3690862.1921425797
8113 3358831.3188777803
8114 36796306.17366885
8115 10948445.385166518
8116 2237588.2375112497
8117 25829786.120114695
8118 713311.5677642543
8119 3824226.7218600176
8120 7990949.173367735
8121 7120735.068718886
8122 2767464.838361241
8123 3397154.0372568853
8124 0.0
8125 7136878.517895176
8126 15422784.110381724
8127 17599488.78903894
8128 9699083.363797773
8129 3795450.8131390903
8130 15402778.556178443
8131 17007385.689447355
8132 3136597.9080377286
8133 4771603.060808378
8134 7437315.790908005
8135 19733119.49353397
8136 12642885.091093563
8137 39629513.48232141
8138 9022460.287399191
8139 18017033.96328353
8140 900898.8106884006
8141 1059798.9899012335
8142 7329147.2971919505
8143 5226398.427292081
8144 4532992.87667148
8145 14211532.991028938
8146 30321981.764907338
8147 48487218.18809794
8148 13838840.687449249
8149 27659090.95769267
8150 5573525.966599675
8151 6508777.602546411
8152 31599982.48148961
8153 16675341.657280037
8154 5326781.679445158
8155 9293766.962704927
8156 11418009.877164755
8157 10048456.833802905
8158 6874240.6406566035
8159 11684212.104313567
8160 10910391.458788607
8161 5145189.046995507
8162 22951922.121758543
8163 4835050.977286514
8164 31297574.878475048
8165 19206742.93118766
8166 12123336.960635137
8167 3342890.4775923146
8168 637013.9982665195
8169 24953161.15928986
8170 27972774.393961404
8171 10751127.601367317
8172 503748.37794534187
8173 8481952.72941032
8174 10321677.290079989
8175 1317621.431942176
8176 19534468.7809594
8177 14814486.543127067
8178 10524925.063706778
8179 6221917.521836153
8180 939868.623338853
8181 10008519.637668762
8182 6974884.588730883
8183 10668267.466125418
8184 9932186.572536267
8185 6368514.841361479
8186 18568134.14004665
8187 2120316.342276546
8188 17264300.03381861
8189 13506931.958180487
8190 5214478.442279965
8191 16559500.14381945
8192 3507325.177614793
8193 20228386.292137384
8194 1652477.8845610116
8195 9646340.382654343
8196 6276582.864830719
8197 16975756.226273112
8198 34755545.80894754
8199 3701477.690390149
8200 1180874.720515553
8201 1077159.4429507172
8202 5579017.441527617
8203 7732874.402356942
8204 6948355.586648133
8205 168027.24279650673
8206 18070422.68581994
8207 2309540.9429658684
8208 3589961.577737543
8209 4154312.69787609
8210 6466657.23511101
8211 24422872.492315628
8212 6771675.171601316
8213 2981665.5121190655
8214 11460298.779561121
8215 40053939.119172424
8216 425425.6136917141
8217 11850549.793273604
8218 15992702.261511438
8219 109032.89107748587
8220 9571336.268238781
8221 300842.64524504705
8222 2743523.491056131
8223 12895336.330371188
8224 32585683.569867447
8225 1951051.70379831
8226 2062565.8342211717
8227 11458982.989696458
8228 50805410.45833633
8229 34414182.65128707
8230 4584059.701679427
8231 9313063.995810537
8232 6996794.560631832
8233 15089956.258475387
8234 8593145.718067292
8235 6781133.259849234
8236 20042719.444507904
8237 7765689.316244814
8238 16205260.434662841
8239 21074568.62424402
8240 8438296.983533373
8241 5545622.733638391
8242 9096201.267366882
8243 1712240.6465590969
8244 10620471.01697585
8245 261762.36637482978
8246 11948485.312412757
8247 15340568.912314437
8248 55100226.251731284
8249 15724035.465483518
8250 7662663.449858595
8251 9101569.274018778
8252 9219109.600694533
8253 5035798.202620774
8254 14535477.181268645
8255 5669607.319220772
8256 22969478.127126
8257 18611476.138333067
8258 19329300.889693394
8259 5616515.566415479
8260 9374208.953126598
8261 20342554.60065499
8262 17141744.793827657
8263 7320250.468988669
8264 14251812.901942816
8265 6977700.6925628595
8266 20459203.45011159
8267 7544262.233727453
8268 14995350.873209886
8269 38401700.679364964
8270 8041837.842712201
8271 39460326.521924086
8272 21868735.879809618
8273 26332014.04921861
8274 12325386.033700397
8275 23235257.316250738
8276 13874991.190879313
8277 9771959.48801717
8278 11403851.580689179
8279 13460345.22219314
8280 4694974.003012258
8281 64267764.749192774
8282 13936335.823100533
8283 4974880.926008378
8284 31324914.462486576
8285 5981142.320779693
8286 2678588.056386728
8287 3232299.5645011067
8288 21234618.993657432
8289 9245129.370061547
8290 9935634.070275929
8291 26602002.25284786
8292 19335994.762654185
8293 25137340.316989202
8294 2544488.177644494
8295 5578238.682761641
8296 31815302.671108518
8297 6557308.413285388
8298 22050339.96685232
8299 8776166.417167671
8300 19917100.620769963
8301 6863322.092328498
8302 23844239.713807277
8303 11177278.159734037
8304 5105392.767413157
8305 39425036.27338439
8306 18103115.644054472
8307 3980219.7780916886
8308 954141.7293048128
8309 7115629.565476511
8310 5856837.920869476
8311 11954102.79719926
8312 7997420.461944338
8313 20888041.378812347
8314 5026495.819481309
8315 30145475.862065975
8316 33920815.38248609
8317 20820540.645234473
8318 12238232.735074425
8319 3083264.4128544196
8320 12622198.826148003
8321 23075367.95421273
8322 15873739.596549332
8323 23283700.669797767
8324 7605914.255309229
8325 26544547.167046957
8326 3549450.3440833176
8327 29878909.653151907
8328 16687552.9074932
8329 2658805.6520873015
8330 12458517.33692774
8331 27518326.94998137
8332 4323058.261690995
8333 33063530.884962946
8334 17190325.28449908
8335 24607412.212272856
8336 4782854.086744677
8337 11870217.491956731
8338 11243566.135572463
8339 5871459.528248813
8340 19376947.895434905
8341 13002821.780034516
8342 4556971.921971053
8343 1234556.8487490527
8344 1097954.3979843352
8345 32250910.92604242
8346 16242478.28298837
8347 2777636.232072209
8348 237685.3130527283
8349 11655857.332833696
8350 16823579.795806497
8351 10025009.4827776
8352 1942188.257335309
8353 12446385.398109816
8354 15252259.920586204
8355 12484755.168423343
8356 4891962.368625023
8357 1534795.9343152111
8358 860992.4557430907
8359 27287071.111481246
8360 5079533.222802492
8361 2421037.47861854
8362 14036666.367028922
8363 6596108.020107693
8364 18535542.476915427
8365 1560141.457259316
8366 2872023.0386096356
8367 11533488.186544351
8368 3136790.1105909124
8369 40662472.6179239
8370 1126093.094720859
8371 37192893.11035979
8372 17164904.079906285
8373 6989872.239443315
8374 3681378.9909161646
8375 6100583.076219798
8376 33867493.5568164
8377 1795838.5649415255
8378 476517.22247132845
8379 4785701.466276734
8380 3794596.126598479
8381 22997117.726465132
8382 14077734.73608714
8383 7483613.817958513
8384 14324230.141392613
8385 6731041.01949752
8386 14488229.56620039
8387 467458.82193338405
8388 14591117.64990817
8389 6174917.553899291
8390 18834694.956827838
8391 6761172.636896087
8392 1771552.0050110444
8393 14808892.816451887
8394 18326340.4609756
8395 1290876.0488374392
8396 17533335.36787109
8397 1740665.8740490102
8398 40921079.92121541
8399 4624694.199744477
8400 9775978.608097289
8401 19697003.6516829
8402 3800808.51021157
8403 9272096.017727077
8404 3557042.279876344
8405 7076804.363271408
8406 25786953.511055253
8407 1166179.0573393707
8408 6698681.342925115
8409 14087076.33490734
8410 47440393.7323637
8411 7031812.293360412
8412 3929257.6607121387
8413 20180038.253009602
8414 12557395.728337552
8415 4823937.647191524
8416 2629729.8835104248
8417 4646130.142069381
8418 5001504.219806178
8419 8062363.305707697
8420 12965142.996862805
8421 7584872.101046366
8422 8182054.385594553
8423 11825832.405691635
8424 39580555.62934022
8425 18828532.507568225
8426 8955509.13985046
8427 21082159.014620315
8428 4359085.558806356
8429 43195683.90056422
8430 6672487.944678618
8431 749253.9318573624
8432 3983483.004902143
8433 6976949.825555752
8434 19282515.921878435
8435 4949912.785133747
8436 4434091.790578231
8437 53791174.075749695
8438 2881759.815528497
8439 22298577.627270788
8440 24562177.535656523
8441 2931063.8049509004
8442 8113619.824949437
8443 13067690.067592673
8444 6509944.1035951795
8445 20368303.991721403
8446 14745013.166991688
8447 5780591.0910865525
8448 21113840.944518466
8449 4233214.221604947
8450 12868731.513854101
8451 1510842.2634823471
8452 12467464.577249886
8453 15051678.95419738
8454 18656952.456646815
8455 3984593.786314152
8456 17400034.12596468
8457 13981136.368941978
8458 12804744.657850238
8459 5234625.18944409
8460 2250811.736525629
8461 16005808.820469923
8462 26241330.957677737
8463 29737042.52894865
8464 16120122.499618188
8465 8768065.66013715
8466 5906186.810801037
8467 920483.156338559
8468 33745680.830957755
8469 24977265.1593806
8470 6884179.994684307
8471 21082960.85620846
8472 343538.51222624164
8473 2060472.6699814238
8474 5343153.06011987
8475 6907439.296761157
8476 11252834.255618654
8477 4134499.4434889555
8478 7989138.087251989
8479 7243700.857440883
8480 8174642.365530439
8481 21258632.51429221
8482 4136080.5146926125
8483 7451196.171803732
8484 10409910.267295992
8485 8663722.701580267
8486 10644205.14571569
8487 8702449.456010973
8488 50998611.862234294
8489 6612980.046847703
8490 3139168.4042414073
8491 6821053.473865321
8492 8453029.593298625
8493 6342662.695937673
8494 3595662.146222124
8495 8724829.595530342
8496 14955870.522504214
8497 15246131.651207147
8498 7328866.6289097285
8499 3961088.6645696247
8500 30114131.26973421
8501 25873733.89572397
8502 9696178.321535625
8503 2033924.224427213
8504 13180015.67679328
8505 12812971.353100197
8506 14508001.282527942
8507 20671100.408847112
8508 1976496.3175236671
8509 6943775.193626075
8510 3744478.8916139193
8511 7874359.09042112
8512 16948606.944745477
8513 1796887.6176157123
8514 8861108.643435704
8515 16720909.332560366
8516 3785171.2033594437
8517 8474981.946966566
8518 20659013.888384745
8519 1236478.412080714
8520 1614895.027565631
8521 21162242.932263374
8522 11405259.771734497
8523 6296728.655996674
8524 20541066.459121555
8525 5323357.014476847
8526 10926389.67157252
8527 2939987.286445304
8528 6371465.529570103
8529 12196036.019936757
8530 10977810.569065986
8531 8979559.897915317
8532 9406311.415997854
8533 24928820.883590583
8534 2148678.907765298
8535 17676442.34401561
8536 12562132.33469693
8537 8267966.636842372
8538 4572803.313780712
8539 991864.7007904202
8540 21704506.338813398
8541 3379117.337409386
8542 3107956.852008526
8543 10725034.796657607
8544 29623551.014170423
8545 9296527.564197484
8546 11185052.424626285
8547 17275042.36371947
8548 10530348.86378397
8549 9246872.60598113
8550 21727155.888934813
8551 4537409.408203884
8552 5334926.756304668
8553 10044094.279058412
8554 514942.903490874
8555 15351544.113566358
8556 2408887.0443885364
8557 19381257.894718133
8558 5965289.349553998
8559 27715976.53354647
8560 4061809.363172956
8561 806805.9397657327
8562 4381796.279917968
8563 21927512.944980398
8564 16395592.278725525
8565 28944319.164853264
8566 19465648.784535863
8567 54073937.3905569
8568 5184376.936113372
8569 8791207.063072467
8570 3063602.651256931
8571 23879049.56101597
8572 10518304.2803278
8573 29586097.376838475
8574 12762217.60840073
8575 4419721.454646014
8576 4450850.139272509
8577 2325252.398603311
8578 201530.6237493921
8579 8914724.132640347
8580 6439121.89498258
8581 790061.2451315038
8582 5997842.645343561
8583 9101664.172942504
8584 13244249.156812945
8585 22987653.047716476
8586 25837315.970705524
8587 8546286.322872316
8588 5208001.498850949
8589 11140267.571086654
8590 15916587.064331265
8591 11700604.068166045
8592 10285696.216225814
8593 13002428.674645118
8594 12807465.813821282
8595 4381611.9018717315
8596 12450811.250776224
8597 15914227.408419142
8598 8892863.765193557
8599 26393329.147817288
8600 3683254.6154909064
8601 3896505.2685699034
8602 8511085.163268324
8603 1105068.8878547805
8604 12112473.331204664
8605 24116776.07595747
8606 654450.5846377425
8607 24258588.657766446
8608 44077594.49381661
8609 2969997.362661832
8610 11960646.167157952
8611 5311939.312270404
8612 25129300.730268624
8613 3737617.05946631
8614 10164204.624717528
8615 12839943.836745925
8616 10856038.27871978
8617 8810004.303182915
8618 17575551.991282426
8619 26154060.298223518
8620 4246581.208525121
8621 1879991.876402679
8622 9243337.724446284
8623 7541007.661178336
8624 14943056.98213422
8625 11377203.104752913
8626 793894.6610551253
8627 1122773.4056437844
8628 17667772.595761817
8629 5154907.740792958
8630 14182751.612387711
8631 9518519.72106731
8632 10230957.542436007
8633 5214961.2664457215
8634 15580903.699235257
8635 17364274.95066305
8636 5060867.715023257
8637 11147875.301234977
8638 7264079.370562302
8639 18935333.24094335
8640 2726145.3881357824
8641 17113550.506771877
8642 21841317.311854802
8643 5660594.658980504
8644 12000312.777891165
8645 9678776.548051879
8646 4592614.4896861715
8647 14948927.995331328
8648 18608009.110115793
8649 12237957.490502786
8650 10793017.40912639
8651 18580471.412423763
8652 10904712.215059778
8653 26294036.271581843
8654 10605192.817368977
8655 8511517.604559056
8656 38028833.914693594
8657 1305045.3683783682
8658 15772261.293407664
8659 5100164.452845086
8660 5491550.688981609
8661 1883059.1857970916
8662 3559666.867276756
8663 25721576.72576493
8664 15426181.870443922
8665 25570738.10699337
8666 15002434.221083207
8667 19416117.035057183
8668 5721366.689905399
8669 13776455.93028826
8670 7789648.205642736
8671 23351752.795113727
8672 2374457.2021614704
8673 4065405.9287607893
8674 5239290.11655623
8675 2385058.650074698
8676 848438.5768304653
8677 3306421.69742937
8678 41174695.37005651
8679 2717101.5930586373
8680 14876981.779348677
8681 27028272.702495754
8682 3945558.2452935167
8683 24698808.943587832
8684 30842821.35301934
8685 14508737.935864892
8686 7152748.654523792
8687 10001943.169756562
8688 2350001.573982059
8689 11928712.523259088
8690 4846930.495728273
8691 5810018.062465388
8692 18422994.97624505
8693 11746699.793915719
8694 18899274.3529761
8695 11087650.86531978
8696 2867709.7065072823
8697 3430491.949441053
8698 19641502.699916855
8699 2525824.419953851
8700 3520067.067135427
8701 7537555.797139067
8702 30307009.482263662
8703 17673481.562116984
8704 12065390.972832251
8705 13965472.153576806
8706 36602493.94602111
8707 1596870.1046701334
8708 12087028.653922359
8709 5258251.294420185
8710 12498023.24580051
8711 3831771.2146957386
8712 3121839.635423627
8713 16204881.769435257
8714 970156.9890560433
8715 2827152.564437857
8716 4864031.889173558
8717 8363053.707982204
8718 19704913.609895993
8719 170334.67901995685
8720 2403092.2063277084
8721 4524696.6661602
8722 7245759.325243969
8723 43962895.872049734
8724 680770.0784004116
8725 12818555.494741915
8726 12333376.280631792
8727 18409605.172953278
8728 6918240.480683316
8729 5681232.083783423
8730 13964374.614831537
8731 30068496.13235397
8732 37305982.90432479
8733 8694087.68267162
8734 81872.85527718719
8735 2444117.562857045
8736 6236133.379896715
8737 2059612.0346899005
8738 3413268.7030143477
8739 25091084.339352544
8740 15717863.830034882
8741 27953518.60709843
8742 24777610.679759488
8743 2892427.003413684
8744 21249329.691114154
8745 14981925.796374531
8746 11908190.678094376
8747 17967837.7564412
8748 2179522.1936647925
8749 0.0
8750 746213.7659214754
8751 23440035.68543426
8752 7880118.773209816
8753 17130056.93674287
8754 3330255.651072244
8755 10336077.801288944
8756 28034067.603967458
8757 3399571.612792024
8758 8994649.318268962
8759 6498930.087424154
8760 7003628.849443939
8761 19376365.331976227
8762 30800472.229572102
8763 15874922.464494174
8764 8869161.328712186
8765 4873960.5934232585
8766 12894544.60535644
8767 8725079.534089195
8768 1565233.4645829545
8769 11115273.437322773
8770 4911692.289289121
8771 4279069.240240267
8772 19376579.35040749
8773 3700196.4795383792
8774 2724581.4256714694
8775 14616839.94818855
8776 9285022.455373172
8777 26742946.91840621
8778 9884461.397137567
8779 13673518.549932662
8780 11055012.688793665
8781 31805724.290552527
8782 47480817.36073385
8783 5404763.315981301
8784 14816778.34055261
8785 11683321.707255464
8786 15210916.32526807
8787 7230948.14598504
8788 1207984.5263621425
8789 3979467.3802395025
8790 9418760.395121299
8791 9865183.23464487
8792 5006825.584685871
8793 8590478.472950594
8794 11472007.938871028
8795 4755338.1822202
8796 10606707.763749033
8797 9673795.401749497
8798 18716107.17673687
8799 6250711.727799738
8800 16297287.78304201
8801 14213810.937743858
8802 9562267.444351893
8803 10120993.226509383
8804 7711256.3166562
8805 4763781.412602388
8806 2635813.80205298
8807 15306819.32625929
8808 13850018.881974975
8809 22578018.799748268
8810 21867079.786611985
8811 29059227.986059558
8812 2959264.06717969
8813 12714887.948794106
8814 10357462.188467085
8815 11102094.70875198
8816 29117131.305332992
8817 3564052.390215602
8818 8435011.573016476
8819 10896475.016761877
8820 10686906.32482974
8821 27123687.430126883
8822 9026801.172788749
8823 23763815.545142982
8824 10385795.818547271
8825 6366012.2981779305
8826 17120625.214418273
8827 4373452.010827554
8828 14756184.595354335
8829 12079611.429914823
8830 4703823.953744217
8831 3204343.1054242374
8832 10420086.215575065
8833 15332132.160381017
8834 27167262.546958167
8835 7822407.898790589
8836 29051223.77629695
8837 774882.6128403284
8838 8714291.256786492
8839 13769721.29913605
8840 11296463.515541531
8841 2733350.1551353
8842 13811887.032899719
8843 9519311.778333815
8844 681382.9357134998
8845 1165703.347064782
8846 1786246.072163863
8847 25777383.428644586
8848 5911870.7920078635
8849 6373306.1120017655
8850 28695826.474989742
8851 26099209.49720417
8852 1213861.806452183
8853 8297692.457046075
8854 478972.59876745846
8855 1406687.3741457872
8856 4235881.646302721
8857 1964144.741455784
8858 1180175.0762288924
8859 13963276.865950536
8860 9469382.36296418
8861 8332033.499153633
8862 13101522.316053972
8863 28857509.838469498
8864 19468805.86526109
8865 23753775.92251761
8866 7058286.895829385
8867 6205534.219129223
8868 35081359.45909317
8869 1754077.5383955594
8870 13377011.05892012
8871 3497156.654885879
8872 18334649.052279063
8873 9139265.865378503
8874 13805977.187866919
8875 2525731.3909751903
8876 15300072.780770963
8877 412773.7830729317
8878 1945412.3643046524
8879 14177027.974806426
8880 4904273.141164353
8881 10568546.17115017
8882 5052568.302894214
8883 15511473.587152736
8884 14302065.820482835
8885 14329221.030000897
8886 2098975.4443030786
8887 8239598.335751535
8888 10226672.000684334
8889 12860484.301708302
8890 9246112.801847717
8891 780377.7678378569
8892 4880622.051932078
8893 12399207.216717806
8894 7031794.991837024
8895 22207142.40376585
8896 1957742.9847033843
8897 15585462.418227326
8898 2152415.7121267505
8899 18255628.585830554
8900 489531.7876409944
8901 26663511.252224445
8902 7915348.948801724
8903 2509968.3125404064
8904 8352118.017725432
8905 8973994.053864982
8906 17302802.03292104
8907 1498199.9204600104
8908 169477.0087134703
8909 21140038.409976207
8910 3723447.533506211
8911 12786699.129452072
8912 25060548.462829962
8913 3343904.3955038097
8914 7318490.47503756
8915 24085901.55537444
8916 5232583.7880397085
8917 2487360.3909313176
8918 8102132.10592708
8919 10230685.975188594
8920 11240968.089162873
8921 25588538.079180427
8922 470572.24687442835
8923 8566235.565219704
8924 9268644.504457949
8925 4229668.562234886
8926 15049171.761367874
8927 16333976.266025627
8928 1370663.3970497842
8929 6229607.723837597
8930 6055849.112952494
8931 16608908.140742408
8932 9048487.242846735
8933 19445242.754112713
8934 8423824.202923644
8935 2675398.0376074505
8936 10577392.086654015
8937 475113.06674136315
8938 29928668.671461247
8939 4907634.308525799
8940 3202929.9292962626
8941 16763062.8256858
8942 688486.6771857268
8943 3478204.493882046
8944 9921369.171279326
8945 14771967.867220711
8946 8638820.797100835
8947 10014759.797027374
8948 20340237.122663915
8949 11567126.003296249
8950 12095659.920209419
8951 20044183.173759732
8952 4010700.154444011
8953 38312830.45619394
8954 3847281.122281446
8955 11525427.540135311
8956 4169249.105996305
8957 27994632.254351325
8958 183879.68728679232
8959 1303483.1559846397
8960 15247341.639979742
8961 18637019.710196577
8962 9315752.42607709
8963 208162.76194280572
8964 8702325.679986088
8965 29691864.159592632
8966 5279718.922133746
8967 10837765.527931543
8968 7899412.173451101
8969 197758.48290912388
8970 2918357.2114331555
8971 21132774.811415553
8972 14189845.976445153
8973 69771.16416866845
8974 8599534.542846717
8975 7599928.902855968
8976 19406063.626816332
8977 10453948.902113847
8978 9546310.070345808
8979 3151783.1881043194
8980 24676168.016611382
8981 613904.8869691156
8982 3915210.093061923
8983 9816259.879380386
8984 5894382.32049579
8985 50197305.47473482
8986 10309741.16830601
8987 27762770.071000796
8988 8519138.413224611
8989 13437889.478725977
8990 26329514.54775397
8991 16182709.354538333
8992 6895728.348943541
8993 2977628.8525306405
8994 21156297.918703765
8995 9613616.722197168
8996 4014848.51962012
8997 2992390.055535339
8998 12930199.918738972
8999 19421359.172505952
9000 18564997.428873107
9001 21326087.625904217
9002 5292735.3099149
9003 13209498.287388131
9004 8519191.906040559
9005 5960466.288844865
9006 10215412.6760126
9007 21300738.233214475
9008 3527754.180724889
9009 16923919.382919237
9010 36129215.671133496
9011 26001622.023468237
9012 5711444.500530432
9013 26740902.156983014
9014 15811681.567204736
9015 12747185.728809102
9016 273126.9485587366
9017 12788243.03813948
9018 7555189.874960533
9019 1105890.4515001187
9020 19302411.313310247
9021 10488821.100970004
9022 8701871.372988254
9023 30712840.456630774
9024 4950936.979909213
9025 2104322.502284147
9026 17447766.69770301
9027 3198674.99612033
9028 21616749.2570171
9029 20135595.72744336
9030 14650801.879476022
9031 10020962.311294759
9032 6802678.942639088
9033 8952893.424119594
9034 9988457.076054167
9035 3010378.5612055813
9036 19640636.979901552
9037 5426608.688437924
9038 35185312.96394785
9039 4030311.2798602916
9040 1880599.4643848203
9041 16650275.035349566
9042 16086050.478496209
9043 21641405.48467848
9044 24187104.956864897
9045 23597209.93183887
9046 5965761.808194801
9047 8490967.104461864
9048 15861091.157330915
9049 1691546.5268310625
9050 3243692.846084453
9051 8410435.126021732
9052 10176329.277390873
9053 9994941.977264117
9054 11503602.496237429
9055 21426937.823650025
9056 939030.7870577015
9057 5678325.482105837
9058 10695533.158162858
9059 10054239.382498808
9060 12458990.913541134
9061 6745785.686517071
9062 11079499.48249367
9063 816977.1661904342
9064 8792404.485846264
9065 11833145.049087677
9066 6862848.833636111
9067 14231680.21463825
9068 5033992.22947997
9069 39731473.9172154
9070 7416345.797376171
9071 8823802.636398766
9072 10791609.118012154
9073 14765070.276822846
9074 6163079.331629509
9075 10521330.59794571
9076 12590581.028487077
9077 13947106.812412815
9078 12476797.14533874
9079 8623062.386364695
9080 11104126.641441323
9081 17641591.579194788
9082 11212644.033193339
9083 8651018.29035195
9084 14630449.681992676
9085 7790948.968263014
9086 4608975.7284170585
9087 20347263.577174615
9088 43871470.7533647
9089 10120189.546934366
9090 131137.88236549124
9091 12039179.144633684
9092 6778802.867546922
9093 15093193.4245544
9094 14915893.426147029
9095 1871106.0488478849
9096 841000.2570438106
9097 2749676.0841355063
9098 4802271.303442255
9099 2304908.5573583622
9100 4221686.692686403
9101 36987427.20671566
9102 5849718.598174758
9103 34340011.52475003
9104 12120740.6304634
9105 2559806.94779695
9106 1519579.946790656
9107 28368944.419330023
9108 11877706.572485162
9109 11386998.39221546
9110 1346609.1415973064
9111 6222069.551763412
9112 17228056.811134525
9113 13298.719724971335
9114 20846375.62182038
9115 3254752.5137225483
9116 3895282.2425052724
9117 24831506.62781048
9118 8567173.243280178
9119 8384783.23403311
9120 2209860.0116618667
9121 12803951.70168532
9122 4386312.817983957
9123 20594502.396303743
9124 20298517.514344357
9125 9756515.251545656
9126 1269472.969557263
9127 22949211.497231565
9128 10070596.185710814
9129 1320771.4627527436
9130 10033716.076072078
9131 167589.92084338889
9132 851377.9479674231
9133 15666853.75876862
9134 21401038.687749326
9135 1013395.6442946042
9136 4716867.587388644
9137 21805624.500220783
9138 11414405.899883095
9139 1477645.2658999013
9140 8108377.595751347
9141 4842937.525873785
9142 25003417.826465312
9143 19448943.239961315
9144 2623944.864191897
9145 6369849.0085912375
9146 9706012.486086408
9147 24452334.421673544
9148 5567699.486721352
9149 5151363.553958905
9150 27846664.5967741
9151 1413029.2006104616
9152 23516104.765427023
9153 5207022.514730344
9154 13120528.622253764
9155 5005645.848894326
9156 24314507.81775989
9157 4235241.079814588
9158 15410239.928297495
9159 5719571.822239383
9160 26070810.299652543
9161 10847506.110630605
9162 25907850.114433765
9163 24749549.42897595
9164 31385513.605078764
9165 10968315.414622847
9166 8989801.951196011
9167 30027674.203903064
9168 21583273.442322847
9169 2379588.565782679
9170 13061895.768592738
9171 4564928.511684678
9172 16376339.960670553
9173 12368711.84530026
9174 5298966.816259502
9175 40355407.23384686
9176 32070227.643581636
9177 2383758.0518086255
9178 1105506.3301129956
9179 16645343.391372727
9180 5548196.868007462
9181 28655881.29272269
9182 4009797.5282652266
9183 13083658.51539044
9184 1894311.018586792
9185 8402563.297998713
9186 2760925.83465817
9187 7783042.437001033
9188 9289821.90427406
9189 24842511.805848543
9190 7302501.878314566
9191 11808056.362490576
9192 14284792.862778991
9193 3221320.586673884
9194 27922066.816891145
9195 24747441.30430586
9196 7031793.91029278
9197 9490231.011303792
9198 7959500.467837296
9199 4784388.155019811
9200 9746890.091759365
9201 21808023.635763135
9202 7089179.499262132
9203 16052786.726641607
9204 21496503.714949813
9205 9834330.030176813
9206 8583619.403536012
9207 9335065.196782881
9208 11646576.289112244
9209 10913169.090702944
9210 1116002.2023041537
9211 6151755.066902251
9212 839933.5981068136
9213 11221099.297170395
9214 10744176.604814121
9215 35733896.11156635
9216 11919232.485563427
9217 3160902.7916429797
9218 3372418.742114358
9219 28742126.390447907
9220 12702612.56564723
9221 5573358.626124024
9222 6791758.945190263
9223 13763882.776116105
9224 28483726.105917312
9225 31338001.258670464
9226 18086039.201896846
9227 25130465.714809507
9228 10991305.346150566
9229 5674043.030865419
9230 34540833.01285616
9231 10669156.486433797
9232 72324.38836799096
9233 7496037.815842911
9234 20368197.23058874
9235 6668735.185120283
9236 10703844.22789494
9237 17305951.01607708
9238 15330789.132150201
9239 2297605.756175708
9240 2286297.9555459395
9241 10176511.924724024
9242 10131675.726812247
9243 19022787.795476366
9244 13489968.49005083
9245 16049448.478672065
9246 16939523.726555746
9247 2843896.8987496104
9248 13859651.499139804
9249 10808040.124074332
9250 10074649.370475804
9251 21904461.466676395
9252 151068.10426845402
9253 9618895.554630902
9254 21294153.00595864
9255 16261687.706974156
9256 4381948.109653538
9257 27978540.822470337
9258 13759924.568986345
9259 28334681.85745191
9260 1325700.1547042746
9261 413765.3204014227
9262 13978887.276344992
9263 30337117.87206126
9264 5568042.122104625
9265 17246275.482164517
9266 7884367.851450076
9267 9434031.504613755
9268 5031581.6999940835
9269 21995.20177242905
9270 4303635.684368165
9271 8801861.922894368
9272 28747354.976211797
9273 24948478.491940394
9274 28923390.88400871
9275 2816372.1904024677
9276 5753742.601854852
9277 17579815.42063316
9278 13512324.396702457
9279 13565422.832337879
9280 6748087.08800639
9281 8325062.687863195
9282 12730222.720609285
9283 4968418.743900552
9284 135170.85618937016
9285 4508661.641947205
9286 24050725.669495285
9287 3200636.5957157165
9288 11766173.019906314
9289 15991467.151983356
9290 7781432.258719084
9291 22360276.198083177
9292 189593.69379287446
9293 9202060.431262625
9294 20594064.835968096
9295 4562597.468768072
9296 11959408.738480147
9297 666174.2776378565
9298 19457248.000638757
9299 3100139.251167426
9300 5065024.254613912
9301 5086794.287529938
9302 13061484.155486228
9303 15046187.78228306
9304 936241.6319286358
9305 21018769.551370032
9306 7443639.972169796
9307 638147.5036977958
9308 12160536.520574423
9309 14222597.026615957
9310 9544006.618896179
9311 34068859.52372563
9312 25272418.53972956
9313 16012954.361145614
9314 5436586.56235694
9315 22754745.38377953
9316 22782367.307681657
9317 17974690.89210538
9318 15708805.4847397
9319 8951116.014492283
9320 15167771.738070928
9321 8571079.629602004
9322 18465262.07742046
9323 17611276.16852481
9324 8333917.5411168635
9325 2901119.1133440305
9326 2899412.8076391537
9327 16609876.250820505
9328 7779727.080502013
9329 17425250.19510603
9330 30481374.24810513
9331 15106524.387731278
9332 15662362.777502518
9333 6479121.311376729
9334 3626631.8944269973
9335 14479953.543205377
9336 16162463.553111216
9337 22263721.045398664
9338 693157.9562205407
9339 443560.21290863026
9340 5988979.653791631
9341 7843070.752930079
9342 23537776.599012144
9343 5508593.62864067
9344 19307857.058846965
9345 2679092.242899796
9346 51993304.79349932
9347 3975722.9484196566
9348 2774756.378841389
9349 5941213.724677341
9350 6304637.245294707
9351 14257645.047902513
9352 7376611.980705371
9353 27432768.722805798
9354 9171147.850648426
9355 28897364.39839586
9356 13747421.983910553
9357 16584730.094785266
9358 23759.98781083664
9359 18784848.75893426
9360 36583807.46177336
9361 3925380.8719947394
9362 1811073.3151485128
9363 4859884.118852768
9364 2208691.3645133683
9365 1143292.737059934
9366 2320114.9535454903
9367 19549708.228703074
9368 5037120.515953075
9369 14014074.389780752
9370 1715191.001189243
9371 7044499.64969125
9372 10769311.13707333
9373 1642156.2498587198
9374 0.0
9375 310929.3210406229
9376 1163712.214940751
9377 20540912.113019288
9378 11086771.722698143
9379 7602872.718919506
9380 709585.1755833942
9381 14758045.035370389
9382 25212737.624264322
9383 1806970.8672336172
9384 5635776.101000207
9385 13087979.003864666
9386 23176959.388487127
9387 19208746.26545633
9388 27926049.529523678
9389 5120355.435579855
9390 6670582.275008766
9391 17711316.047850348
9392 1473899.494256393
9393 8390572.174354766
9394 3010129.3549438734
9395 12850673.055286005
9396 12092129.20732494
9397 24135030.70126447
9398 17968777.473648172
9399 33839878.88280574
9400 17816981.670638874
9401 7432838.928403598
9402 10069191.32449121
9403 7832237.976833884
9404 5099886.691109696
9405 27257465.222683027
9406 7359567.129293814
9407 10418668.545971889
9408 17723579.60750303
9409 16450667.521113517
9410 20212899.0667511
9411 18155962.930106588
9412 3526172.2466489933
9413 1261439.1801093442
9414 29077232.213176526
9415 13070119.48325874
9416 14941873.03771538
9417 2446322.0161691736
9418 1655824.5784887308
9419 24589004.956499066
9420 29372083.678259842
9421 5125520.287087389
9422 14466389.027992891
9423 15489948.232278462
9424 5546670.521302975
9425 7056253.596315704
9426 14672045.28327569
9427 7584919.893604783
9428 3618711.8122335346
9429 5160343.867436762
9430 23396918.174935453
9431 15257323.027980095
9432 6368263.088948216
9433 1174179.6170339538
9434 17234447.298105117
9435 8707657.51772106
9436 15464415.427439533
9437 16838175.202771857
9438 9033201.01874698
9439 16529094.2964917
9440 12787894.733763766
9441 1513534.5678331498
9442 12579758.737666912
9443 5106504.812970137
9444 10308652.358272966
9445 7639477.061061615
9446 25054902.48760204
9447 239377.8588401163
9448 9897990.111741599
9449 15296088.554841697
9450 1766080.5060617523
9451 6767723.513506083
9452 4597812.849264606
9453 15979046.59654094
9454 8145330.31537469
9455 44935398.064818725
9456 10235068.585277375
9457 3427822.6875078427
9458 34897050.22738126
9459 17249856.617721006
9460 6350699.636283256
9461 38123635.45827493
9462 9563515.9962678
9463 7292979.649789405
9464 614640.7694582064
9465 4620891.41881014
9466 11453007.175424747
9467 4680880.772849535
9468 11737264.547347568
9469 8976900.919026313
9470 24063544.264469285
9471 17842477.88730814
9472 5520108.198248641
9473 20871408.279537663
9474 20163892.68973816
9475 11619418.390283236
9476 2506777.3015973447
9477 3946894.6856089113
9478 20662368.94063648
9479 16989452.150131956
9480 20209319.406776514
9481 3950448.8676750027
9482 16620307.312649611
9483 1884421.3812961
9484 3924951.7609269116
9485 10298559.30651845
9486 5066573.499148517
9487 20856263.67156971
9488 14207442.007250506
9489 6295426.825272037
9490 3026657.116166248
9491 8007446.413113806
9492 7434428.999038865
9493 24326019.766177684
9494 31115371.228904396
9495 16900798.54309839
9496 2911684.2188398177
9497 1104279.2965950556
9498 6357541.943098672
9499 8635472.545829155
9500 10516342.767866299
9501 11288863.228921326
9502 2936659.7470538327
9503 10907599.189579882
9504 21333848.71888822
9505 14888493.346055055
9506 2078995.11347186
9507 1476213.2580494331
9508 38718403.05785805
9509 11930225.828964021
9510 3927169.235839323
9511 17131800.26714208
9512 10311140.66128153
9513 5568662.746519781
9514 29045330.052539118
9515 15492553.438989662
9516 13478359.923505556
9517 3420818.399294448
9518 4553838.509483332
9519 20888945.535845347
9520 4777730.894044022
9521 48807.223176250234
9522 1055501.8344820756
9523 3614336.802071452
9524 10563604.322022459
9525 27434708.29930304
9526 10883308.600188777
9527 21850211.069590926
9528 6612750.17674676
9529 20704057.923244193
9530 11026599.440769129
9531 2458058.0368425706
9532 40977307.00148744
9533 23032883.60433142
9534 12473504.209222835
9535 3248059.90356759
9536 4817116.649011239
9537 548932.2348469789
9538 6366711.344905464
9539 19049766.90935693
9540 1560115.7542105527
9541 1459873.3792542936
9542 4147450.480526114
9543 11101330.354943398
9544 11097131.544551272
9545 10788054.954385275
9546 13446221.416029584
9547 4857045.93988773
9548 4253790.816599613
9549 8243396.484678105
9550 19074967.463884275
9551 1411652.5480298903
9552 3389217.269422749
9553 30238131.942440756
9554 8106979.556699327
9555 9180957.72442042
9556 11935199.490919866
9557 203171.00080668787
9558 21064311.665542148
9559 678820.817695627
9560 9212520.971372677
9561 4231958.515964964
9562 25670200.373226747
9563 4272014.673181281
9564 10727226.07829392
9565 16429843.78679097
9566 16923805.1728907
9567 15742805.366990801
9568 10086285.670579579
9569 13202589.906636147
9570 11483702.941856151
9571 9494424.978178408
9572 24978912.732114136
9573 7114154.1187738255
9574 11700087.593704334
9575 20091300.64896539
9576 22614995.117425993
9577 7281031.081774214
9578 16376707.008853693
9579 10112335.605970925
9580 5207131.080974028
9581 12789142.09754228
9582 20115215.08914297
9583 1753455.2500530751
9584 757419.9523041481
9585 5403404.338398849
9586 2088078.8333405196
9587 7085235.021705147
9588 12560876.722715609
9589 1235081.6674963385
9590 7704731.3363380805
9591 36816802.262439616
9592 3227995.85482095
9593 15862077.452376533
9594 2200864.6774332877
9595 21607799.99223973
9596 6247315.911797896
9597 12203497.579337737
9598 5217428.890846845
9599 864166.1270535532
9600 8966995.981826
9601 15827743.648678176
9602 18665058.987340737
9603 334642.66571998224
9604 3384080.262335687
9605 3729180.0398694575
9606 35398168.27218581
9607 10898503.001720054
9608 14146217.055481467
9609 13838930.63669758
9610 666952.4502665885
9611 6834583.82917642
9612 17078332.51503391
9613 11017674.028577095
9614 3360117.682347755
9615 11813138.59972911
9616 22830921.456738643
9617 3510957.932568947
9618 3513211.6214481066
9619 4138055.3704344686
9620 14352887.011254199
9621 18980300.301986966
9622 9855127.351604257
9623 13759851.06823145
9624 5256929.087102603
9625 4745715.543331793
9626 43954945.352153435
9627 1377873.95140672
9628 15768713.810937155
9629 21238666.48293919
9630 8312199.364762148
9631 11062646.189094562
9632 16382336.017654851
9633 17344915.9748763
9634 5714935.045585567
9635 78937.89146088809
9636 12645669.9555874
9637 9083758.564118056
9638 37673469.29214059
9639 4217345.367240325
9640 8924761.445102204
9641 1192918.717768772
9642 22656144.211177014
9643 26896529.931032695
9644 5425255.386243081
9645 2791981.905243977
9646 9065549.669477215
9647 13578400.916060805
9648 19730039.07551847
9649 28241542.920463853
9650 40036689.374138266
9651 3410371.5504178666
9652 14801008.818827178
9653 12240712.873227656
9654 30045893.017413426
9655 24911463.88738872
9656 13539174.643165858
9657 2109897.610686205
9658 3036589.551929742
9659 14497984.66922712
9660 5207717.538794301
9661 7684037.434285322
9662 1626529.7208996024
9663 2188808.6686004074
9664 23237266.69275004
9665 12776104.690873593
9666 14205661.553203346
9667 21575492.60654802
9668 24631763.292688113
9669 14284559.85456665
9670 19464500.69900557
9671 1142775.2022900004
9672 10053880.383909527
9673 497392.61464240775
9674 370688.0074343453
9675 24943684.01968172
9676 17461040.17389904
9677 27539408.365701385
9678 11359461.347507074
9679 9969010.332753643
9680 776668.5242930395
9681 2216317.682033572
9682 11896824.560521547
9683 42437584.152905345
9684 1808903.5235732011
9685 9378307.182527274
9686 11365614.869933989
9687 27573729.61304842
9688 12059567.406249264
9689 1436223.8294595974
9690 33422301.551133707
9691 2717273.300865691
9692 4721791.893025169
9693 17673840.20119851
9694 1969289.5416388
9695 13471829.78894089
9696 9501539.890938638
9697 2336253.0496637616
9698 4211286.13103605
9699 13609158.32119419
9700 22495372.005102687
9701 582675.7063191284
9702 20823968.17651649
9703 15324007.645373851
9704 19029720.54774669
9705 290307.2614394885
9706 36714462.55794528
9707 3966539.7056469237
9708 374157.9581589736
9709 17985153.96097085
9710 265977.8718053205
9711 9659935.054105017
9712 2275252.3290532604
9713 2240594.5938591245
9714 5344885.600991139
9715 15826587.101567488
9716 1794018.0811369685
9717 5153637.387107564
9718 32458442.058824845
9719 6230461.652657213
9720 20600493.277965453
9721 5382927.7999883285
9722 7972092.182508603
9723 9096563.64480691
9724 475823.7746915779
9725 7539921.2788630705
9726 8947927.974958016
9727 4778105.515466282
9728 19026677.251386724
9729 22557400.70706922
9730 1171875.7762665073
9731 13325253.838118898
9732 6361530.527078947
9733 34165273.87412129
9734 13926972.128115427
9735 1337792.980483408
9736 11282207.158436406
9737 9369700.782548022
9738 11772441.05031466
9739 4128838.058598805
9740 18376875.45787734
9741 16501246.8775103
9742 36026854.92252032
9743 26536513.375191085
9744 7997609.997959152
9745 9633440.475973606
9746 23390112.4675555
9747 7326518.334869103
9748 21382522.92627252
9749 1522329.8866808964
9750 448714.40830696747
9751 16494590.061942238
9752 21122439.19592174
9753 11500127.194831189
9754 3279841.168391768
9755 21626788.42446594
9756 4507696.026896058
9757 25369362.662411947
9758 9033178.015265135
9759 9542775.72202929
9760 29281549.657159656
9761 14899884.682416424
9762 11230043.82478136
9763 7078017.690569768
9764 2301147.724180069
9765 4136024.0330575183
9766 6409599.23514429
9767 9832267.651313346
9768 32082527.37289657
9769 13643457.087071482
9770 10275775.148543721
9771 2200715.9272915516
9772 9420584.679949725
9773 18130808.771973677
9774 588973.0776666892
9775 16240418.561899673
9776 10744891.24006122
9777 904093.1776069575
9778 1011262.1889842469
9779 8864400.622083133
9780 7389190.367395591
9781 25714610.44833733
9782 705016.4246215126
9783 12598991.974081973
9784 10638082.99328755
9785 10498340.600779913
9786 28320007.202228986
9787 17523071.385015592
9788 9310167.641393155
9789 1884223.0479574483
9790 12937104.879308928
9791 9196797.79886888
9792 17674132.884867825
9793 16478584.551125579
9794 11016978.562251724
9795 4438768.074286539
9796 10077266.340561109
9797 5519847.992590241
9798 7837226.269483339
9799 22374985.348314233
9800 20397842.440251075
9801 2376900.8782409513
9802 11204596.409138782
9803 3999238.731729325
9804 14725527.608018575
9805 2306802.921264897
9806 9122002.010237794
9807 32851988.508716043
9808 10758676.9082116
9809 2597533.4772772603
9810 9599876.987031791
9811 17888282.325500406
9812 14786529.394079307
9813 21431293.89038416
9814 10651150.121652529
9815 44839349.797337756
9816 3266119.5202681543
9817 9047153.148649946
9818 11311403.601776693
9819 9494428.839899838
9820 399834.2273298353
9821 1617101.416261766
9822 23810059.80064133
9823 2051619.9823244363
9824 8866947.255354483
9825 24260470.739818923
9826 4624397.3226151
9827 7041863.582033032
9828 24266244.832988888
9829 15112312.554469302
9830 31663702.296520114
9831 16815764.932591684
9832 824415.0786518678
9833 1573421.0194549412
9834 116938.9353040168
9835 16481033.773270171
9836 16285498.388318215
9837 6882745.20781466
9838 12800086.699398376
9839 26683761.414978206
9840 2839325.354219648
9841 26194084.231038854
9842 10890926.002129208
9843 24928002.490565397
9844 14264426.136228014
9845 8247448.33554814
9846 18780875.26226416
9847 8879118.596779231
9848 24915102.335807674
9849 31484245.928143263
9850 4960205.98274368
9851 19695566.055744193
9852 18385568.323366575
9853 44534228.55655419
9854 3849864.8206485463
9855 29922800.92183236
9856 10363170.517138487
9857 17884293.009226993
9858 34200826.11163554
9859 3752969.4218419977
9860 8740018.495134993
9861 19883817.31696762
9862 11208414.635713376
9863 938833.1356707099
9864 2994007.6196231646
9865 21315293.117934078
9866 3688587.861211348
9867 14166868.006773686
9868 1014801.4299806925
9869 4186852.245000571
9870 15378379.80104075
9871 15339772.534438498
9872 3854924.3626326937
9873 4942721.821479768
9874 4699996.691984028
9875 3437226.5544061344
9876 8395991.698619422
9877 4131365.9464689903
9878 28964624.698804438
9879 22968888.397336103
9880 37196968.332521774
9881 17830697.67358384
9882 17804969.983187478
9883 36157438.003859475
9884 19292862.25776839
9885 17415268.040933017
9886 16887781.53267934
9887 29719000.863292567
9888 10769840.627495026
9889 15879779.74829617
9890 2968880.7717386596
9891 7261375.017906422
9892 31303843.093333926
9893 11011808.836618725
9894 16527548.181324575
9895 2269716.8063943163
9896 23472918.104789183
9897 17444388.748862993
9898 22295526.49260415
9899 3406126.654993816
9900 28421301.38240482
9901 34637540.36300399
9902 16056141.65746596
9903 26411653.28187813
9904 25009265.317307085
9905 9084807.538672136
9906 20628910.82567151
9907 1920382.2333411193
9908 5318651.315511633
9909 13332832.74785772
9910 10000872.445780866
9911 13531444.509180844
9912 63049119.69154917
9913 57910245.16363045
9914 30629800.48150423
9915 25112527.640744485
9916 16927774.399727505
9917 23391109.946471587
9918 920449.1424350366
9919 10925611.659301575
9920 24256514.78273075
9921 2072083.5114957057
9922 4034026.2638721326
9923 7811986.537837042
9924 27094351.736943237
9925 11963712.522984363
9926 5783011.458993377
9927 1418748.3135779104
9928 1756473.0149957761
9929 10441219.862777416
9930 10751818.342169913
9931 18238134.935663532
9932 2797242.0499298247
9933 2058378.1790973954
9934 6605217.174965853
9935 6026802.590550397
9936 40256000.560702994
9937 15503024.791611578
9938 4324879.3245716095
9939 7746821.03181576
9940 14809886.941528022
9941 42699279.50673566
9942 11532756.121043865
9943 15343966.32814392
9944 5993050.675054951
9945 22622931.194562033
9946 17582405.756556652
9947 41094315.41730613
9948 20152653.355265275
9949 36839487.47405958
9950 14066745.067029748
9951 11955738.393959507
9952 1927214.676750389
9953 15011805.480666157
9954 6655492.563415907
9955 17211543.824064925
9956 16298397.5004855
9957 32183104.29230775
9958 21350710.522784345
9959 29643828.36362347
9960 18766478.520035263
9961 4491144.148322685
9962 1599557.3712592004
9963 3425132.6193835116
9964 4080052.5566286948
9965 11508229.537088556
9966 275617.74051880836
9967 366712.5118978871
9968 19896745.93259487
9969 53591859.647061795
9970 2539631.629415619
9971 10807201.361518372
9972 6571395.584582746
9973 7945155.215866432
9974 54182897.816367485
9975 88954321.08648773
9976 37592632.6062706
9977 44317126.16986931
9978 65949785.290359445
9979 43541658.79408176
9980 43543257.3411808
9981 41295789.83895095
9982 11277155.837906096
9983 23009420.386215936
9984 56712900.54102288
9985 74085387.60178354
9986 58968494.52995508
9987 46675364.54588309
9988 4633769.530870937
9989 17262025.04081872
9990 51196841.63468679
9991 84509137.7155708
9992 44218648.13546407
9993 41642366.17481994
9994 15584315.97688891
9995 140525653.49152833
9996 278346434.06983966
9997 289662312.43799436
9998 33557986.82020599
9999 0.0
période r= 0
calcul de a**(r//2)
=====> Essai avec a= 482186
0 2903826391.0
1 136382032.556741
2 219240340.93377218
3 389456184.65080523
4 92072918.84121749
5 89613929.38967034
6 33030331.4328854
7 20669335.495037295
8 77539292.77535835
9 92549963.55652773
10 75927082.02808271
11 15124095.192526463
12 41585774.79204438
13 58346428.307698436
14 87399942.80283546
15 150767614.44267333
16 52457795.912765205
17 67350189.0675017
18 53996947.54391149
19 38908201.40237488
20 39750952.66449779
21 19728436.54256106
22 3364371.246612953
23 8525790.000074726
24 56196016.74781303
25 33703239.45189791
26 29476526.206957083
27 36631205.00098767
28 9369748.082422117
29 11010723.091254115
30 11112862.230945526
31 27286094.02689366
32 178296.47660820745
33 18012658.918850675
34 9385413.71286833
35 28388944.95940351
36 39173943.34481071
37 15360546.821763322
38 42437519.04272259
39 11814181.474456107
40 6614396.342719967
41 746152.4813782377
42 24052212.962913595
43 7621131.871245954
44 17876000.89783019
45 28875649.34706948
46 22806325.566206187
47 51970658.080893286
48 36623910.38389362
49 12274857.471602814
50 15056193.988634337
51 15235720.871725317
52 37514198.805493064
53 16245622.99867329
54 47270092.88377323
55 17819532.365331378
56 25252512.220916815
57 12318784.889371313
58 26931807.05508746
59 13796817.660531458
60 6788746.856494538
61 14728745.41979407
62 1757430.5519484282
63 21301278.04512495
64 28682832.15077909
65 30099881.29030591
66 2466085.14761281
67 23400754.879418746
68 6489384.181249283
69 15771102.882231485
70 42606096.14494012
71 21045037.650256515
72 21455317.78047725
73 13929974.553947728
74 36886572.398792475
75 22574476.665700346
76 7591931.388440993
77 42520924.830221005
78 4208061.877215665
79 30973339.418226883
80 2395213.8729637647
81 12932206.928583533
82 17256975.46484086
83 2159806.934996642
84 19072108.474833887
85 1907693.3149004374
86 9504338.275515366
87 8440718.179378394
88 4572978.039970061
89 15291800.972232189
90 8645530.245085793
91 6656741.293417343
92 22785948.725543752
93 8075300.558564969
94 38807752.166085996
95 10182423.507059364
96 12989128.740266543
97 12290166.495677842
98 46632837.985183224
99 4281607.4007235775
100 190010.38186694263
101 20914590.706035644
102 8669923.542075552
103 2686680.098113456
104 2006785.2382861683
105 6618707.989254649
106 8844562.831199408
107 4397566.426048564
108 17944275.143060118
109 2933865.105711624
110 17380143.7820503
111 7121505.600464225
112 27691006.517082937
113 27712394.970791474
114 8286340.400587303
115 13422345.860932916
116 40442139.05179489
117 10381609.808063604
118 6825936.002173463
119 12294729.198799621
120 20561238.44465746
121 3392447.4805409093
122 22849756.671654575
123 21644074.118444934
124 10377935.951133372
125 36112732.311247006
126 2461645.396128224
127 10611437.351700075
128 17730239.089940637
129 29519513.984327853
130 51241923.417597756
131 6621851.304429957
132 15049019.652917635
133 22130619.438768547
134 1715328.2373486068
135 6194747.335903341
136 6953428.791673008
137 7501836.139690765
138 44330228.71498746
139 17624684.226196617
140 18668724.482586846
141 2885227.065343708
142 8860623.561493678
143 13901190.463653756
144 2774348.295512708
145 14578297.156489704
146 2681849.1402099133
147 15886292.824144907
148 13760206.373880278
149 11830075.939824648
150 510172.3179162936
151 14283356.2597384
152 23444869.151563827
153 8264919.265948609
154 13399419.418168185
155 36464819.71743858
156 7071523.9174716845
157 9443081.082888152
158 25445714.208095796
159 26303157.911501735
160 7653796.844480623
161 9448772.137008328
162 1332755.92824745
163 5592991.963909963
164 19918486.434152976
165 1596338.4562272308
166 8808410.023693167
167 7404844.581517493
168 11879972.131399864
169 9127178.459099386
170 6248171.364471338
171 3758559.5737970863
172 555233.0472729704
173 18808474.93371342
174 30268051.69512601
175 406995.5229883306
176 863119.0269021131
177 13445974.03057637
178 11289712.60318308
179 13995839.240298413
180 10173404.30857773
181 17265237.1118839
182 4912456.506825931
183 17490821.394848533
184 13827779.576396901
185 6220788.6855954
186 860505.6290788474
187 9715745.101975737
188 6276715.433301955
189 437505.50314854085
190 11075220.153662715
191 30234458.136895977
192 1163507.6244670842
193 7102412.291603459
194 31000649.85614597
195 17778040.934692472
196 47653933.09391859
197 5937370.683525521
198 207801.42979049776
199 2325656.470861747
200 3655430.4970397092
201 21131709.107293062
202 15269243.398780037
203 18730642.13807957
204 9813084.76569823
205 7589195.293276172
206 17422198.983459704
207 4932902.683006372
208 11371206.677780038
209 1440360.6209038217
210 11229974.830066452
211 10825984.351882698
212 115033.6246325802
213 7822027.017250799
214 29539964.72173911
215 38031137.478133574
216 12299589.168334687
217 9731190.140917618
218 14475262.865482144
219 4217605.183839738
220 2667729.4501193147
221 13587446.24511559
222 12124077.09074747
223 6530075.126439715
224 270491.9732022118
225 13082358.453809004
226 22688517.106063373
227 8131713.063752773
228 2766708.340034509
229 6194370.857531539
230 9041330.291849805
231 11734477.403176194
232 28821032.828847174
233 24565547.473713893
234 2463324.0766733754
235 25081130.51667802
236 31480124.1739721
237 2371332.5067345314
238 9674058.85596582
239 6681359.812168124
240 12312592.672469735
241 31411331.078742605
242 6767184.302437082
243 7345013.57107412
244 21343011.524678987
245 12878538.763884807
246 172159.290442165
247 27370793.33664066
248 9391218.09584702
249 14840043.029453453
250 7083120.649157686
251 4012375.38561056
252 3772658.173306075
253 11020253.549019797
254 12780298.50913607
255 8956878.282398302
256 16515766.799120996
257 1666618.7783354956
258 7134767.2974878615
259 843722.074288088
260 14917528.273293313
261 9227018.685272556
262 10294924.008302066
263 28885131.690046422
264 16685947.2636809
265 29930776.158456795
266 16481093.837286199
267 191525.84370346554
268 8109789.641544587
269 20800582.88132994
270 8609080.686178092
271 11873869.656220874
272 17727231.175786987
273 18316583.279918343
274 19894433.701608635
275 12446351.852137417
276 27677071.450475633
277 2437046.2917870097
278 5668133.75085283
279 2884850.5372910937
280 34681565.89187452
281 19548500.900623217
282 20566946.370644987
283 5063774.891472727
284 5045863.887393521
285 9765477.322260305
286 21425842.24718788
287 4909280.0479062
288 12288807.166895412
289 8958107.862866174
290 12764242.41592012
291 3285435.348111025
292 2116171.623431775
293 4764638.58898831
294 22232226.695833452
295 5697659.592418287
296 8169234.726246358
297 16728583.202807141
298 12625731.525261192
299 5557466.408175954
300 7076150.016682472
301 1155584.5583888302
302 12729893.597829686
303 28932383.136015482
304 23857877.329780012
305 7512526.487431116
306 7165818.440581055
307 10807486.790979546
308 13003487.901657103
309 10805294.822681703
310 14451439.644057918
311 11049831.268753018
312 6522769.896302115
313 14539564.104785092
314 1477776.6413819059
315 1508608.8166359132
316 5837413.042247236
317 2163085.925492998
318 19575910.372249737
319 6208242.029265843
320 7245183.955733208
321 11728421.854500704
322 16776949.004620321
323 126807.52450605202
324 591183.7196315378
325 6523998.239747677
326 18674477.65366963
327 6704834.812101491
328 531746.9493665686
329 3539864.742173668
330 19118681.29051715
331 3213815.786362472
332 6445352.10227487
333 7411909.583387634
334 33161178.096407242
335 9490104.828668874
336 20499102.332519017
337 2452802.262612693
338 697871.6182411425
339 16343780.273710042
340 3891370.668374667
341 7184794.027415045
342 14129007.27391154
343 4660475.182214747
344 7693841.729850894
345 19032932.34003478
346 37995598.830430746
347 28383970.47688234
348 2420968.456067344
349 18554312.967576675
350 5041371.341037009
351 11283881.258833257
352 482723.01600595005
353 24856911.503758173
354 6941591.761122392
355 2213996.0721678846
356 3820441.5726265647
357 781578.2299312148
358 36298465.7155993
359 14594718.772343006
360 1326366.2460999899
361 13127736.926792359
362 9330252.564967148
363 17890019.452721663
364 3544528.468182599
365 9213217.444658495
366 10368810.634745121
367 22165373.221861646
368 19579274.07155458
369 24681250.663426504
370 1352242.846181782
371 34468107.53881773
372 12814371.158180991
373 10231632.111198276
374 1390899.2421635063
375 21063649.778992757
376 561325.4967392739
377 1440076.4063028384
378 3442232.657559251
379 11897094.398576254
380 7418340.526070344
381 6338931.520419389
382 15846731.168683846
383 13372263.460261444
384 1823374.138033945
385 5048680.893778227
386 2004765.8177690357
387 10159759.632987926
388 16288218.789528716
389 109435.1918251533
390 12681859.189919513
391 12295475.536122639
392 6367187.824985445
393 10586112.501979921
394 12558797.874820374
395 1307109.9699993934
396 7401926.331983633
397 10227832.215390734
398 10312911.96664945
399 2947739.391509679
400 4190531.159926791
401 13672761.38991052
402 11643331.289638516
403 18194102.479559742
404 15857074.93723384
405 8581241.466442343
406 30784945.12562918
407 10647698.257288966
408 36427533.32838377
409 2174887.303860491
410 19893943.56378201
411 6141246.828070007
412 11088544.764792625
413 3969102.8306514192
414 4680018.737045411
415 23380342.78453484
416 1520231.352661754
417 16835856.90147847
418 1142161.0360594727
419 37293779.01709496
420 13304715.083169105
421 24237658.07110411
422 7422328.2597959675
423 3047528.76964542
424 19752986.29357267
425 14109126.009247992
426 1453609.3518652348
427 12840586.955341086
428 3470745.419811584
429 9692922.037642933
430 9405631.677270891
431 1904891.6600665646
432 43076918.86459662
433 9123872.307747092
434 2982116.3836015286
435 14444930.578822747
436 28768608.9516247
437 20266143.15690168
438 1863113.9545705048
439 6712303.118753625
440 9238365.958367359
441 3519004.156385189
442 32248339.31240924
443 6062177.889055789
444 2537850.127250418
445 14716877.349720081
446 8711525.833851568
447 3572706.861684143
448 44725876.69865453
449 19188914.016810127
450 4422721.955836438
451 1015480.1259947121
452 15644398.780467656
453 12602101.33970604
454 3098791.645103991
455 35361033.461105675
456 18630310.20498178
457 4006601.4623272754
458 20067132.40493411
459 27159398.93814963
460 5871635.986640232
461 7925494.891637795
462 4432561.91888828
463 15617224.902807757
464 21124934.653852277
465 33748541.86579666
466 706481.6257017534
467 5573055.761638585
468 16683573.35620001
469 4424170.320046336
470 6132232.59982804
471 827988.3414802961
472 4890879.941764413
473 11818552.079956051
474 10240201.503433116
475 7163603.642931674
476 12480948.970813574
477 2724282.135559188
478 1032557.3655991545
479 3733074.074906298
480 23435843.67728842
481 4723170.480807254
482 12381081.895126166
483 4674962.120955469
484 18481137.455032587
485 17594552.206485573
486 24914839.286925808
487 3450460.1505769864
488 10595898.835145086
489 22029211.612604544
490 16500154.232568046
491 19420425.96202016
492 12086237.722929142
493 4997578.327613478
494 6290190.947521593
495 10567484.468149118
496 12808575.183673428
497 10620270.84742334
498 25827601.88769062
499 2084030.5623543365
500 26954545.89639058
501 14955348.290184757
502 42980890.287582636
503 27328551.955211677
504 8071039.656715256
505 10332612.047025787
506 6221142.94467243
507 13319346.59693431
508 12214839.003714755
509 1085161.1138086459
510 14589538.007505178
511 7519840.975427043
512 19965969.757585116
513 5621527.113051401
514 21568680.401690565
515 5830908.292222361
516 21137997.924309067
517 21188914.241445173
518 692750.593082929
519 2800960.4644135144
520 3214111.567386559
521 10007688.361974522
522 1428125.6146907546
523 2798930.1462316024
524 298643.19368748367
525 10895848.008994292
526 8708691.52674688
527 16242682.691337112
528 13591589.17930469
529 81209978.059605
530 3010422.1720021497
531 10275899.098753411
532 9501475.686298637
533 10800370.923001107
534 18359828.811016947
535 17407468.592265233
536 7572826.733663136
537 48768745.18978007
538 29014765.657174997
539 2509978.2056190656
540 8129901.951734348
541 881268.9391318657
542 8022299.455569074
543 3464877.8404723154
544 24784234.03788917
545 5573758.1153582055
546 12063809.987553496
547 643733.9927462153
548 8019895.966525197
549 4521607.38364729
550 4212444.044141616
551 2915657.8381236065
552 466452.692988147
553 19527132.720882718
554 2829394.477977805
555 4611603.790762914
556 3294119.885533247
557 10641597.237905137
558 11299687.192551281
559 21150058.286429904
560 2159296.629780204
561 12724580.554402662
562 1242049.3705564085
563 4412241.943690726
564 3494464.9900248274
565 23539348.799296986
566 20524380.533096477
567 12143604.934119906
568 36210478.13707003
569 823496.8264196613
570 16787735.52622412
571 6067351.525648551
572 4209855.162905244
573 11614566.03490498
574 1032509.6229615044
575 33124347.47070182
576 14146965.541298952
577 1955891.470587167
578 14717312.2937221
579 4022521.101354285
580 646141.9515657555
581 12026128.363005918
582 17600680.468408894
583 6989281.840687612
584 3897235.9902427746
585 14670971.789743539
586 14301493.082608294
587 9979926.340261685
588 24341277.540240552
589 4162268.1251981114
590 5735862.067027738
591 22037805.404647343
592 6213626.819440595
593 11733264.824827772
594 5867787.642066745
595 31329609.911605887
596 3671761.6310240254
597 3886245.576240629
598 6077854.376979662
599 14873103.74028999
600 50055157.52852382
601 7667896.96343985
602 11743492.452738008
603 15761362.006711842
604 5807429.54699614
605 13408002.397017166
606 8291848.954493121
607 36128026.84843751
608 3182288.4630852398
609 15317283.992019925
610 13109548.603736645
611 2432198.307586098
612 8059302.772884715
613 5104475.745219077
614 2215030.4221122786
615 11609300.939815797
616 15354903.239486082
617 16787424.80502705
618 6196610.994485211
619 16144344.021322679
620 15629163.734274723
621 40584.212061442435
622 51006.08145717718
623 1528827.888036028
624 0.0
625 12183943.517397758
626 782904.8682508748
627 850971.6244998933
628 16227939.59362768
629 3078388.1723035076
630 10675351.823996585
631 10079265.619516946
632 12479173.366991859
633 15957706.439255197
634 10710888.415864537
635 22229397.750236157
636 34663145.40066756
637 8151497.133012801
638 17996813.321993694
639 6828532.771322169
640 21951285.646025114
641 1420841.0181140173
642 13436682.185074385
643 91868.12916972768
644 28367065.573988393
645 29105410.612593736
646 13529590.840305734
647 11403779.05105194
648 11760937.101860402
649 30265676.562348127
650 6999106.485192252
651 6210222.249118071
652 2953848.63691663
653 9525087.861888982
654 13046253.986743668
655 4626990.660336527
656 2956444.5063846777
657 2212693.8106005583
658 6511591.045348071
659 13349343.842494417
660 10749741.72636976
661 28503480.038178034
662 8019628.700110788
663 1234702.2404702983
664 3521009.0957842544
665 11600766.71612396
666 35942462.701599
667 5090402.359678881
668 9014785.934876258
669 14628456.479795212
670 27041648.878757916
671 12347297.273113621
672 17926978.749767367
673 13825324.700310543
674 22565482.200198933
675 29247791.034517054
676 11194775.466889285
677 12066662.80490713
678 4644743.85703725
679 14045251.453342404
680 1949143.8630764
681 8789361.343304042
682 1420631.6692434077
683 11887516.086026182
684 9630895.475687495
685 2550681.710354219
686 13711461.755322948
687 7416995.065258244
688 26404313.90982323
689 8206466.640457332
690 11854151.50235185
691 29950423.250358783
692 2836857.3345022053
693 41756308.337232195
694 20161247.86461499
695 9701705.108141981
696 9150673.641069908
697 9820837.291433124
698 19876213.721322637
699 818703.5154499486
700 16272691.180556916
701 3431876.5801517377
702 3892729.473835422
703 8437265.397303253
704 7415951.144721585
705 12946720.935871374
706 13777045.377633303
707 10950493.205355199
708 6722337.883090105
709 1555018.8206147347
710 4195457.563390007
711 107040.57541168248
712 19653159.36382035
713 23265208.003410406
714 3952224.255601654
715 14845435.36455774
716 18223205.987945136
717 12740854.915107463
718 24691827.693535615
719 2385017.8668453037
720 2837515.1017568023
721 124943.51518189395
722 19421231.991987493
723 16489959.721234161
724 5684280.021456685
725 10081642.667313049
726 6434332.92238423
727 35297298.69447195
728 7937340.130194764
729 9519165.366402272
730 4767450.160089912
731 6887609.979078739
732 5786328.788754014
733 14518860.6870972
734 1330466.2742755204
735 8640408.14689333
736 9056493.48816343
737 18590018.514680628
738 3425784.664953526
739 3459314.572883576
740 5048489.77821596
741 6206269.263179685
742 8005400.732589854
743 41047901.94888171
744 22781661.123547282
745 6152417.102946026
746 1739626.7128016925
747 23395557.89627307
748 9917489.46304809
749 8761924.600833692
750 22902612.399503417
751 1876896.1933987197
752 10063685.81920518
753 17891172.09190933
754 8444779.626135597
755 21918587.2577205
756 28677685.76721856
757 20947125.986620843
758 26548378.004614383
759 14831878.239407277
760 3595796.5128604025
761 4936484.372467211
762 7583094.5557984635
763 3151454.6709163706
764 10732015.24823958
765 4130301.488477376
766 26315478.791587934
767 1623051.5577175915
768 12696106.43111686
769 11894223.866699364
770 9485343.203279423
771 13522224.143190082
772 24685264.186912708
773 3642432.660264829
774 2043011.756867405
775 1857437.2277826387
776 1424358.5053521516
777 8226796.460426968
778 8878343.848087206
779 8574495.18937467
780 7946755.702713385
781 8700819.573176138
782 2795444.951563834
783 8814529.03651197
784 10753157.50038458
785 13068849.433909582
786 16709586.583650576
787 5841704.113705682
788 14809847.32777868
789 2500292.3025014014
790 17599087.98282656
791 3222635.0784430224
792 11076791.615909204
793 21255896.059131965
794 9048676.255642343
795 20251966.870720476
796 9130412.530315898
797 15822085.584171716
798 2587292.9360046443
799 13703895.210095925
800 808168.0456347382
801 20172242.127332583
802 10645704.82256965
803 19315996.988982223
804 6837461.503621002
805 22213947.57030714
806 28400384.870289728
807 23312160.982497312
808 28201662.549186133
809 3945283.7795536695
810 28823701.651565626
811 7559617.341839716
812 11369529.23035999
813 3403631.5576477936
814 7870387.467032958
815 3694468.4811191317
816 26433757.370463394
817 2220475.3303418746
818 4105796.9031469664
819 8979830.83662555
820 6337296.848155597
821 25019950.767035127
822 6049336.886067057
823 2481324.452052105
824 5074805.026719155
825 5441953.586110175
826 3020658.613866088
827 17890001.420376815
828 2847075.1637391346
829 15830883.537793731
830 9494579.38030552
831 14183798.62828412
832 20544700.02728732
833 16829897.31412396
834 12779801.863812461
835 8538102.446082752
836 7148961.615182869
837 6929419.213561574
838 1150039.1141255833
839 8112412.624484383
840 12018808.40776274
841 24945269.15175276
842 16154331.195754278
843 3132973.9438942103
844 12465484.164639441
845 28982699.53755623
846 12560041.057334512
847 2512912.2065508775
848 14941182.165281292
849 4067388.3871087357
850 14713896.239810804
851 1310589.4753455594
852 12580406.892312987
853 6731722.03828428
854 5915622.287825335
855 28144573.928157695
856 12388067.103658846
857 5684393.0294080265
858 9270634.985837098
859 11643597.569551796
860 1955397.6083564404
861 5025779.629668887
862 9038340.53046869
863 328721.7727399478
864 13164626.587646663
865 26069763.33697191
866 33168276.049981594
867 136419.37717137067
868 19351964.14407832
869 10874243.371528057
870 21344251.11462044
871 3802446.22269579
872 5868602.632929924
873 5443597.890216996
874 2073889.2765881978
875 2792804.938899507
876 6967811.940064717
877 1521825.1251578033
878 30379370.822289187
879 4179878.3424312733
880 20347322.228320904
881 20464124.407458827
882 2275931.266502784
883 9744404.943193164
884 20096247.758158043
885 1893033.1171195842
886 22160549.01746808
887 7767595.170457438
888 13833444.427754972
889 17506978.708880328
890 29271462.469224826
891 10209727.087300852
892 7737653.155106447
893 616843.6475294437
894 25279487.32491666
895 5459876.190523541
896 6397392.044451725
897 8877511.8498618
898 30105966.490923226
899 20480126.8940894
900 2729702.7460345356
901 3842650.1267732084
902 7578811.668547528
903 21836268.050976537
904 357367.86257588584
905 20444456.993155703
906 32851373.454236686
907 11211049.490076488
908 1455211.8285145154
909 1565890.6923734108
910 8183695.506501399
911 22925897.93240705
912 6282843.402288201
913 1234169.4395915698
914 38242698.93611121
915 45505830.06067099
916 10150929.146755055
917 7523799.2424333
918 18384568.148631867
919 26095748.81145594
920 10639080.366466535
921 9523990.538261244
922 4971874.932120044
923 9363797.536683239
924 1232507.0791931525
925 1098752.5674141645
926 23409089.827671807
927 11153469.48437666
928 15179353.225736553
929 13963666.81576218
930 21050659.920743942
931 10000752.66784636
932 14411950.659903802
933 18562899.731568906
934 1304650.1392677994
935 4476565.536114569
936 7935761.68433919
937 20456621.78399838
938 10703487.687289892
939 9260534.57673397
940 18207663.155268088
941 8071365.856054895
942 22719938.431883447
943 14529722.026164535
944 23325587.90631429
945 5238497.853710268
946 8472964.794959906
947 5510230.310602166
948 17153664.760496918
949 233814.8528726427
950 45929817.770747095
951 7740827.844282236
952 26080422.331118397
953 4144326.7768352292
954 19668681.577616565
955 13687389.58097763
956 726497.5629910156
957 5925555.597862138
958 1600970.4611089863
959 2024589.4479906876
960 15891398.836501148
961 1159761.8580286843
962 11285722.292580333
963 8468885.665401865
964 11899.494765133597
965 12999319.2639897
966 16142729.973747794
967 28579793.1433813
968 16721548.36133587
969 16800840.11235826
970 5040323.601520595
971 2531661.0510563664
972 788354.4859215778
973 5325044.657203151
974 27050836.805345614
975 6634098.592361558
976 27202673.091145374
977 9608929.530636828
978 3888052.8540773294
979 18010137.799675833
980 4391936.601747935
981 26017000.470631275
982 4227401.65017363
983 9493108.437023442
984 9732483.026832093
985 23973293.17995105
986 7282599.538748111
987 8767780.828760155
988 1056844.527085729
989 19334738.166381363
990 4852900.097971214
991 14052109.659824729
992 4297013.471261745
993 1461313.3138959333
994 16836002.03239236
995 7228983.831449831
996 26740055.570268173
997 15932423.89372847
998 9399769.93295249
999 5487992.492962273
1000 157578.10790691152
1001 18934610.490164667
1002 5172760.332101615
1003 9236284.127047343
1004 6141050.995197304
1005 21592200.22319136
1006 20189372.577685338
1007 23689704.886803158
1008 14312587.25329858
1009 13795477.409810165
1010 2288994.527571911
1011 1090740.8846024503
1012 8962242.60222726
1013 1266503.0196950007
1014 5187111.317345799
1015 22868003.9359433
1016 15648605.627869956
1017 4762100.581465252
1018 7334122.441380357
1019 3576289.0010201545
1020 6001405.964541598
1021 15552225.607942095
1022 12825585.634822065
1023 14162388.401576173
1024 12476826.864236817
1025 3302933.2378820833
1026 11595156.612504639
1027 3946010.770733081
1028 21226178.751548808
1029 5865973.459071839
1030 28117445.159887165
1031 24759023.614800867
1032 18393355.47678278
1033 3689288.3953017336
1034 26501951.266526446
1035 19230216.15256367
1036 13279403.726750607
1037 4657119.088923214
1038 2948142.399027421
1039 18637730.60539963
1040 2067818.3549402459
1041 18862731.021627642
1042 7344742.9190889
1043 13181033.331106368
1044 4766128.824180251
1045 311849.92506698705
1046 3850028.9496828606
1047 26227228.744499847
1048 2354001.225490719
1049 5406505.878770228
1050 13947704.354223419
1051 10871233.898397751
1052 11822166.85911908
1053 3807237.779183309
1054 109875.30993488664
1055 766029.4698024131
1056 19517502.943637908
1057 2202065.969091877
1058 8741342.922160622
1059 29908783.986975797
1060 4627634.686150603
1061 1273918.207087895
1062 20580168.438556544
1063 3195046.10584615
1064 18046763.37346924
1065 11247238.420817532
1066 37563138.32616125
1067 7094356.759480694
1068 19120045.51635413
1069 4887196.311476758
1070 619500.9555811891
1071 11007868.464435749
1072 4248263.860259008
1073 7677306.471921445
1074 4871500.825914709
1075 8267402.480544853
1076 20400356.15647646
1077 10938865.753470296
1078 8150063.093969332
1079 5403410.778766302
1080 32993819.935259063
1081 2140181.1517622797
1082 8410948.187322501
1083 7881030.165104383
1084 11638824.6495719
1085 11298874.998319045
1086 7193437.428790972
1087 15883031.272778103
1088 5341271.129020105
1089 14706432.014112825
1090 14819564.907822907
1091 16206913.127592169
1092 2679544.335892154
1093 6964476.778858082
1094 24448043.19126618
1095 6695660.24809376
1096 22301211.164084382
1097 3132086.8806840014
1098 12729905.735814609
1099 22286555.60004133
1100 20221038.32680422
1101 16554858.058346221
1102 26464856.892147414
1103 24051181.63673715
1104 2475602.056403296
1105 6870053.9667478055
1106 5275590.668494064
1107 15204561.534297653
1108 35974720.59470257
1109 19954425.91946312
1110 25713618.457422577
1111 13630126.786130939
1112 11766158.669174036
1113 16447493.41242686
1114 6245836.226050357
1115 4513724.762348854
1116 22842082.890475504
1117 5079850.989845378
1118 43287771.6344243
1119 3588532.5117453663
1120 17493466.885908008
1121 1404071.968974174
1122 12740898.046103349
1123 9868467.549747707
1124 6753529.627963858
1125 20593006.714454528
1126 12159207.433939446
1127 322150.16416782234
1128 6202218.102625053
1129 16503401.547928253
1130 31491313.636636626
1131 1942006.0719878916
1132 3171995.8756345175
1133 28001.478368693963
1134 3035884.5390796014
1135 35269537.50817689
1136 3524010.698869075
1137 29423958.510387696
1138 13879089.881249726
1139 4366789.273855908
1140 5886840.806716052
1141 19351858.48186044
1142 7872815.98047733
1143 7865673.276383676
1144 9122738.220975216
1145 3970221.609954951
1146 439775.37151202187
1147 9164510.920254644
1148 9712364.796419121
1149 2949884.3140416536
1150 8483826.907229092
1151 8761811.498611668
1152 2025612.0306943916
1153 21122379.554940492
1154 7604288.473616401
1155 3632195.0971068926
1156 44741275.7710378
1157 20262213.83068272
1158 2649224.568626513
1159 5823363.689966347
1160 14059792.667396113
1161 2569222.5747329444
1162 2089729.5212771213
1163 9509952.577515472
1164 7194217.432561023
1165 1708257.8272098636
1166 10844707.790784104
1167 26584204.652459826
1168 31568395.435039084
1169 6956114.0635723
1170 1673111.7454836643
1171 11546123.120511327
1172 33927782.42451769
1173 8655942.660647795
1174 2533988.2124863816
1175 1324865.1702183334
1176 680232.4959329544
1177 4661356.425611669
1178 21060398.817203324
1179 6317167.653769208
1180 10756528.732909743
1181 24336132.10116995
1182 14590527.395926327
1183 40651433.66538346
1184 35916579.43063071
1185 18068494.956546962
1186 3474298.834332741
1187 9403069.47872239
1188 15630808.50145836
1189 3650040.470925892
1190 4483217.709224103
1191 1747630.702139455
1192 14387647.342412217
1193 14207214.112309583
1194 2564076.909475628
1195 5530983.2357597
1196 47338204.43672884
1197 23337506.54421308
1198 11313832.779686794
1199 13729850.243908007
1200 29157931.5790383
1201 2123612.921572881
1202 10106942.202580106
1203 805263.8774652798
1204 5264541.751100438
1205 38490972.539684065
1206 19608458.91128284
1207 10104828.813958062
1208 947314.1665870307
1209 1887592.067885202
1210 15696953.824884154
1211 26952728.22521942
1212 12646971.417171665
1213 38442308.32002304
1214 1773894.3831266873
1215 8827095.199130096
1216 25283654.025781594
1217 3655510.7204356813
1218 25391157.66258112
1219 6771787.163982669
1220 27322345.556835525
1221 9898310.483026315
1222 9386250.972655075
1223 26798858.311983444
1224 17165301.97706028
1225 8360531.360119991
1226 6879050.086868934
1227 6479866.558613676
1228 1690212.1218099827
1229 21124507.505316064
1230 347205.4230581587
1231 21256176.70326201
1232 31475257.044575352
1233 9501974.930836458
1234 10630803.258732347
1235 10122109.452873955
1236 19035380.22823107
1237 5777586.25868817
1238 6948048.916004056
1239 32033635.557567224
1240 4295826.443216998
1241 27472021.91074549
1242 6066145.441103346
1243 2804717.4942429634
1244 3787674.761024311
1245 25170016.138967365
1246 11059031.631335868
1247 13941226.698585004
1248 2540029.385275009
1249 0.0
1250 12654304.072668556
1251 632502.0686937142
1252 1311694.2871949468
1253 11220916.674193082
1254 3287336.838952897
1255 24903220.96592393
1256 2525513.166165392
1257 6903254.349498074
1258 25310997.583342075
1259 8714406.77624809
1260 36939810.27876985
1261 19316432.33884663
1262 45781046.44284271
1263 1155692.5757427458
1264 5176754.213221139
1265 2983125.1922430433
1266 2178552.924484764
1267 14230686.443530604
1268 5362288.5786838755
1269 3007314.919055762
1270 20192694.77874505
1271 13479460.9363251
1272 9635589.395151118
1273 12283923.746323433
1274 13772358.18213273
1275 10181021.781309474
1276 3755083.85839306
1277 20677766.5988897
1278 16560769.379025146
1279 11441440.757239593
1280 17449862.417965494
1281 774363.5685158912
1282 14422532.104092715
1283 12983740.477754371
1284 19911825.86001166
1285 6830544.468334894
1286 14738765.897971189
1287 9410812.4513289
1288 3564102.3236611383
1289 17169233.215026487
1290 6996469.771234965
1291 52383688.79775639
1292 961790.9126270395
1293 10442341.592987165
1294 13342093.867979825
1295 7129441.870149357
1296 14157513.095794322
1297 12251448.495435674
1298 30638144.47957446
1299 7277182.295166549
1300 33441390.442509465
1301 9999506.397759836
1302 4133294.960601844
1303 4470957.868632858
1304 2332585.54020579
1305 14423615.873489683
1306 19418769.36196674
1307 21488110.027749248
1308 2705958.6843249425
1309 6436696.796317318
1310 6124810.821469258
1311 8487261.40506465
1312 3267271.085694339
1313 14898736.773034588
1314 2347984.388474594
1315 16933403.89092208
1316 11245278.143426506
1317 11877522.660225121
1318 21532659.957350273
1319 11039707.402177572
1320 18739951.98001311
1321 8195247.273265295
1322 12753426.587990135
1323 10112360.368612114
1324 38672145.25834611
1325 10732694.669933729
1326 12753406.271783201
1327 4775617.572688131
1328 23041230.28343239
1329 35116596.15042273
1330 3918430.3649880644
1331 24503473.560173847
1332 4273718.741748362
1333 7516473.497271461
1334 17402086.257368185
1335 41526591.251995295
1336 10497766.699796759
1337 10017577.22420305
1338 7002231.64719618
1339 5458442.513937086
1340 1364523.2633649525
1341 2060332.0787883233
1342 16064919.23490308
1343 13557390.859787548
1344 11390388.87004927
1345 17196995.527982287
1346 6752468.434346233
1347 1946314.7205506293
1348 21051738.326780353
1349 3715301.1754354946
1350 23144512.27834419
1351 16952210.93922722
1352 21923924.901223697
1353 1334166.02444354
1354 25212515.035063453
1355 16959701.307768658
1356 316518.72315817885
1357 25085651.5611935
1358 6006659.639511723
1359 5366301.059442248
1360 20203504.577353623
1361 25477155.80711193
1362 11346809.026157994
1363 17449368.023002654
1364 34201964.656808876
1365 4732576.870848212
1366 6049252.934728919
1367 15169096.20517855
1368 3039900.6452435255
1369 11906700.440440737
1370 7595858.0322485445
1371 415830.3538113567
1372 6022627.298117429
1373 8413636.459622107
1374 8409444.633985832
1375 1082673.1413640883
1376 8277041.105171036
1377 247778.56261354685
1378 12207164.120958392
1379 931081.3393552667
1380 7294965.854997044
1381 22027675.469602697
1382 3190037.547992814
1383 31896325.640337188
1384 12085253.329475962
1385 11651898.297002833
1386 21451633.352000155
1387 11948009.19540812
1388 21308904.409157813
1389 15625996.518939108
1390 9054107.46901421
1391 17180348.189176403
1392 24280124.470865555
1393 7245091.537092474
1394 12310327.006409783
1395 18061834.53291514
1396 42212486.829828136
1397 27175334.025537714
1398 8533730.230949935
1399 4326005.059043861
1400 3413117.0950330747
1401 3024151.3317322573
1402 23280749.05903457
1403 5509640.144153784
1404 23153998.62168719
1405 7239330.103361878
1406 17204194.50597018
1407 3558345.0316887284
1408 14077935.887839712
1409 1280153.4408113398
1410 4832715.497561695
1411 20216572.26157029
1412 20027731.509282455
1413 17435151.899323642
1414 17930423.79241413
1415 3771202.0495866807
1416 8949566.238035524
1417 2321444.351582298
1418 18383065.425829194
1419 1745763.2654837668
1420 6369072.115612049
1421 7541202.290434009
1422 37404853.552656144
1423 240307.84566484764
1424 13104981.52065367
1425 10452539.075188484
1426 3208979.909387582
1427 166846.65192230744
1428 7655676.043936918
1429 7403211.365471596
1430 17078645.428796403
1431 22397324.055111274
1432 7852354.736250566
1433 5802814.275849799
1434 20199981.819397733
1435 26713757.45406561
1436 5237972.352955857
1437 30820488.691310715
1438 10734690.623061568
1439 24271827.030107323
1440 9613858.959198184
1441 5117435.041048139
1442 12916021.781082124
1443 18268298.74029109
1444 8217367.149907452
1445 10804974.1461537
1446 22199383.93770969
1447 8255573.559821136
1448 9012732.312893318
1449 2663417.3823792576
1450 14535936.780198382
1451 7470770.881163653
1452 5445141.674702803
1453 19593757.36314923
1454 5437750.020668648
1455 37369693.706099644
1456 7820360.688773766
1457 22840820.901559036
1458 24173518.80203212
1459 6926043.325211404
1460 7130166.6547988765
1461 6932909.87416197
1462 41157244.41774488
1463 2210613.0472861286
1464 18536250.34711101
1465 7147209.127376262
1466 8232382.979113936
1467 16181963.708935903
1468 2553497.42371547
1469 13681614.604911923
1470 36924980.60188327
1471 14317374.911279462
1472 11579246.67483091
1473 5393879.976806635
1474 8251318.799468732
1475 15630573.845183231
1476 4990955.685838649
1477 23879694.095098484
1478 1487300.8008086365
1479 17724739.074004613
1480 3463364.0874759583
1481 18619109.84438435
1482 22498577.54756865
1483 8884182.450773312
1484 5645296.063677532
1485 3036639.9464882873
1486 18783474.11694555
1487 20420976.720621437
1488 14389883.357441477
1489 10818432.568162061
1490 1368399.0102706766
1491 29683553.476963915
1492 23914695.849737242
1493 7729610.26109827
1494 19073407.361312296
1495 1269450.5595066808
1496 5887692.421152793
1497 12949356.785310818
1498 5012959.149323
1499 12176294.440252183
1500 1375728.5733474027
1501 1731439.614413903
1502 1931166.515281761
1503 10785304.919450978
1504 15778258.62171102
1505 8443031.967063319
1506 16746087.721908016
1507 13493986.391919686
1508 9721283.25281138
1509 13188106.246809069
1510 652108.9882573457
1511 6097666.43106497
1512 1136352.1547659761
1513 14118339.984629447
1514 10639283.876033135
1515 16976826.827732105
1516 9310051.261106772
1517 10167067.356784588
1518 19270831.7788707
1519 2274697.062243188
1520 22094008.593753505
1521 4085380.306938001
1522 9177250.790178144
1523 1296591.0524387397
1524 6072944.90384599
1525 3328344.7732153554
1526 15117137.847174227
1527 2197760.0860168952
1528 9078309.478699405
1529 3486920.1489331992
1530 3652449.835237354
1531 1432713.4485656135
1532 3750054.9684527153
1533 3980276.2084959447
1534 14707826.02942227
1535 8236621.837739459
1536 7551181.943281144
1537 577585.0026238407
1538 6638873.306735767
1539 5425111.203571512
1540 5232260.118762665
1541 9980385.16938394
1542 14447097.846058466
1543 23705962.688897923
1544 29872348.289536707
1545 19007549.299263664
1546 6013019.66354442
1547 3155699.824380841
1548 22569411.682465002
1549 2539627.42542921
1550 19992141.677830756
1551 7748884.290795435
1552 14076971.809312198
1553 12096082.284402015
1554 3814099.868094191
1555 2264799.2004217324
1556 10359787.726269912
1557 9947436.027399627
1558 4095310.1381310523
1559 3778736.4339785296
1560 12256222.53551244
1561 9072996.728652714
1562 546666.1033253558
1563 9844172.170467071
1564 26012165.937800065
1565 21170153.91550842
1566 1418594.1567229251
1567 30625759.66993217
1568 8768558.853907896
1569 18146922.38923266
1570 11630474.86846925
1571 4573711.432556244
1572 21798277.534227196
1573 4194640.062765874
1574 467299.95474244654
1575 447377.45588940755
1576 10830684.007502418
1577 1159202.8411927503
1578 5645954.628886495
1579 17643715.13680116
1580 17377552.43989893
1581 12817955.387165627
1582 3354662.219975088
1583 8832317.810107652
1584 5504850.466494115
1585 8269629.33640987
1586 10857653.674900226
1587 26964197.239142805
1588 925280.2754932791
1589 15848511.127759922
1590 13614079.136123426
1591 5351652.892151738
1592 44170719.23168519
1593 2189810.360628266
1594 11242672.49773959
1595 1550566.5001983475
1596 859962.3038482424
1597 9054002.989587598
1598 11515858.332196236
1599 11255909.565753635
1600 8584395.352264693
1601 19070919.183022127
1602 5124337.126106499
1603 1709460.3554785615
1604 17709958.02190616
1605 2109655.467130026
1606 21921064.219549485
1607 17750084.499969453
1608 4566852.274823999
1609 2225987.9598652553
1610 3897006.667440191
1611 23239085.355594285
1612 14492310.929221818
1613 4003750.2043408137
1614 15622372.913824871
1615 6511093.512472535
1616 31824629.450286895
1617 21900505.108281076
1618 37082186.348733485
1619 8982904.804269621
1620 2508033.740422936
1621 6819363.723145794
1622 25102256.28912137
1623 8450434.703158539
1624 13477282.919167854
1625 16377280.455051702
1626 1698023.524257687
1627 28436932.332363263
1628 1526426.485711012
1629 17874217.216623902
1630 25398202.150704324
1631 12298495.539327245
1632 19866544.370757043
1633 17595262.08893347
1634 1769767.7666153577
1635 17169491.27452622
1636 18265082.78880071
1637 4709761.316057721
1638 16813576.684806854
1639 7754814.932344069
1640 8510192.502184343
1641 11173762.785900857
1642 29022134.70986824
1643 9783357.437640548
1644 15627420.695145095
1645 7472471.361350823
1646 30374181.973080046
1647 1311360.0555720371
1648 6699284.369652144
1649 27072808.185440958
1650 8957420.726615299
1651 3942523.252120184
1652 30198178.3453851
1653 6818715.624942035
1654 446085.0239064377
1655 7123562.624692171
1656 18720712.165895104
1657 10256531.461950656
1658 5384852.692180149
1659 30846953.136859924
1660 476368.8953983616
1661 20185218.008010194
1662 16533849.638012234
1663 7965629.5326977335
1664 22902500.252219588
1665 2886122.6159295756
1666 10576333.638447044
1667 14730716.30892929
1668 424217.0899149347
1669 12084458.716876138
1670 906693.316543417
1671 14571370.88033135
1672 33416894.6291656
1673 34505928.64461011
1674 2230842.0904960353
1675 20101269.526706934
1676 8133400.774644618
1677 10101910.031813543
1678 6649413.652380927
1679 1668054.697749829
1680 9071116.292147549
1681 4397899.7508209385
1682 35626145.06168847
1683 2168165.091379369
1684 10822029.027200125
1685 18107379.80576907
1686 10789350.37342399
1687 4890744.599627754
1688 3495823.726549075
1689 1942143.1274943855
1690 5390486.7589241825
1691 1003060.7190697165
1692 1414460.9634014363
1693 2613010.997857309
1694 5423767.929354757
1695 16472071.629408225
1696 5759891.721391782
1697 5890700.676792639
1698 16636146.596190635
1699 32888274.607204407
1700 24795430.232206218
1701 18944226.888131097
1702 1687871.2731339983
1703 12523534.7766379
1704 11342835.366774272
1705 20445936.37951462
1706 18578490.72043477
1707 16518853.51894492
1708 22600716.274166934
1709 9223369.435987046
1710 4779781.49416355
1711 17959982.79648534
1712 21368870.633727353
1713 10076052.45663194
1714 14203904.238568999
1715 19350903.90468458
1716 9697276.518793095
1717 5345558.126825315
1718 7230656.876694199
1719 12226335.589024944
1720 9408512.760421168
1721 3567686.202381859
1722 5619779.276794047
1723 13657911.116901949
1724 14089826.19322727
1725 9486253.137569323
1726 15677965.344613988
1727 19084888.27064347
1728 33579132.48498286
1729 31275055.278857246
1730 1981978.1726383404
1731 26664981.987836115
1732 10767959.102943217
1733 4641695.350595947
1734 18588195.630057167
1735 816874.8676116287
1736 12299282.34293533
1737 16967271.92886945
1738 15455280.760723513
1739 12441235.655466165
1740 8982409.095971595
1741 5330761.456067477
1742 1098717.6824092986
1743 1741203.9614978186
1744 13209048.463055078
1745 12351420.4412345
1746 7103262.9637618065
1747 11204781.176421123
1748 3708755.4625919377
1749 5721755.271009464
1750 7184961.719475189
1751 1220760.3545239707
1752 8811163.03533359
1753 2107046.321248932
1754 9765086.734607833
1755 151746.7566425167
1756 3923663.4994658595
1757 6993685.047721114
1758 6177670.7176869195
1759 7615417.302842088
1760 20780450.139132448
1761 1182530.417333684
1762 6089511.465563016
1763 13007454.749951877
1764 418739.50524511933
1765 21955459.069463275
1766 958476.9545928128
1767 13576203.842321549
1768 33356915.48190584
1769 5964228.528045782
1770 18807292.41654986
1771 698984.4289159272
1772 10180705.54524432
1773 6168990.048349941
1774 12506034.577931035
1775 12030345.009265533
1776 7565388.508016903
1777 605041.8537592627
1778 11804574.907888478
1779 8610187.209584933
1780 385344.1750637719
1781 4552953.680218607
1782 2528843.078852309
1783 3247977.090611471
1784 10324166.302131392
1785 5552247.312212145
1786 2354475.1580829527
1787 15754190.26478051
1788 2727775.163713283
1789 8727246.509239431
1790 3939642.672209602
1791 10616379.146129353
1792 27311303.47333744
1793 14358694.623873182
1794 19476302.931627605
1795 2459593.8897389816
1796 16513548.465675471
1797 13198961.914738584
1798 5632859.615389962
1799 12871480.541578308
1800 5423946.118963378
1801 34001071.07363602
1802 14409188.037396016
1803 836194.1187368166
1804 3580425.9830561955
1805 10730220.177060965
1806 847285.9132945538
1807 1718874.2275082264
1808 16232564.345290266
1809 211537.91954006068
1810 10986379.406479761
1811 3982810.5340745356
1812 15564460.285838543
1813 10991985.218664363
1814 223114.4051466845
1815 2471486.745379932
1816 11762627.756460508
1817 5112139.468545211
1818 9828690.095291683
1819 13088018.586685386
1820 14590673.517116122
1821 11132389.706356522
1822 15105541.541921763
1823 22051460.45273555
1824 20805601.915496692
1825 10630429.442930918
1826 8313592.467838529
1827 686331.9313321114
1828 21829815.967855126
1829 18390091.312935494
1830 13712045.171076005
1831 15502556.489920402
1832 1047093.8974434081
1833 1753866.9183918326
1834 1019363.8126805639
1835 10785592.679548549
1836 13931834.085018113
1837 10767138.067518467
1838 9695002.63480326
1839 20573262.367732584
1840 14645110.970634757
1841 16032703.926403625
1842 33645954.60820989
1843 10595678.202227596
1844 17691071.712994915
1845 10803242.08469796
1846 29324637.682640783
1847 10233992.528722223
1848 154734.08514126763
1849 5523748.923754085
1850 6123483.0068180775
1851 11317196.025719354
1852 3603515.3609930594
1853 12271196.787548453
1854 10943268.76920155
1855 11443439.059619274
1856 3872360.325302614
1857 18881607.97075507
1858 1483404.887232795
1859 16583107.115745934
1860 1054268.7328061461
1861 151088.66546166316
1862 18901713.143704146
1863 1352422.719890928
1864 18478953.923648786
1865 1502260.5617517568
1866 3352868.765674331
1867 4442963.546507175
1868 10695234.910450865
1869 20324261.027090628
1870 18604781.420455
1871 25937507.210457
1872 438552.4286385169
1873 343582.1991089601
1874 0.0
1875 9713913.309262667
1876 5644238.70928039
1877 4106604.959922351
1878 2800235.6911551086
1879 7323218.048957558
1880 1162035.9915040415
1881 16802394.777507085
1882 32538039.979126137
1883 24469588.003031373
1884 8190244.946962001
1885 32623643.81267728
1886 28522972.65022739
1887 20312890.074314646
1888 13632216.540141968
1889 1600600.5940766074
1890 4610850.778935116
1891 14191162.747622741
1892 14304748.790965836
1893 1243019.3180415742
1894 15683513.606600743
1895 3987319.545136424
1896 1810104.2465247093
1897 7483955.84945097
1898 299673.56449571205
1899 13143192.856356772
1900 30438185.74107979
1901 6871840.0000181915
1902 18240388.96406311
1903 1290612.2505075145
1904 12012160.117096022
1905 10287161.876650052
1906 4216780.854249217
1907 12777573.512650114
1908 11728779.445174735
1909 16217825.829229798
1910 12434794.90583888
1911 23776689.722992633
1912 15056672.298334435
1913 1618782.360438726
1914 3657713.6826119237
1915 450137.70861110184
1916 35297973.03483386
1917 6255542.131136209
1918 2328734.1525927875
1919 12389794.809602631
1920 3391067.8544780463
1921 10577868.360834345
1922 9831322.073096942
1923 5219037.963878515
1924 19646363.388404977
1925 4927843.674643114
1926 17679928.765181642
1927 16068247.876196314
1928 9836618.401456613
1929 29378951.798934568
1930 3120615.7444813745
1931 6825434.235194132
1932 7387223.065414412
1933 15146492.279868875
1934 14142775.051561158
1935 20877.744546024594
1936 53611619.07851601
1937 10530587.965305649
1938 32432644.529907867
1939 7265239.787421476
1940 1506077.9423370734
1941 25913595.75131625
1942 7643289.55831529
1943 23826315.343398016
1944 12617781.205004804
1945 10856910.628519775
1946 8111012.190715646
1947 13694382.360705951
1948 19944382.874673348
1949 41035757.90436911
1950 4162421.094830754
1951 905856.3803497134
1952 2712765.7891851915
1953 8697574.460554797
1954 3065419.788487076
1955 2591699.732147086
1956 28058904.420978718
1957 9765162.713393899
1958 20813097.02217849
1959 14691841.720203862
1960 19380400.870805934
1961 9046490.176754069
1962 5601768.866221241
1963 1433633.9715269145
1964 11207953.088025905
1965 21658845.292020395
1966 222008.9146219436
1967 18848851.415841095
1968 5117495.435293277
1969 3870519.0164626297
1970 17725347.636101544
1971 3696619.9739080393
1972 4695949.900692051
1973 34528368.00884939
1974 24461400.831413038
1975 20464228.963917747
1976 4561666.635875797
1977 12212547.283424573
1978 27089786.54013131
1979 8290135.865231561
1980 15860848.357308319
1981 13632803.271284811
1982 4250059.980399504
1983 31588018.894364893
1984 17405984.524403084
1985 10853585.997009087
1986 7415109.688297853
1987 26771141.989722755
1988 1811850.056294661
1989 4155511.4138634373
1990 4101594.616279879
1991 3638792.9088298082
1992 715337.8840195457
1993 3333295.1831963286
1994 21323643.124219276
1995 15590134.702876698
1996 5911429.000779621
1997 2430014.4629501887
1998 8520799.25122502
1999 13195844.89667685
2000 13868592.69355468
2001 10793410.819041856
2002 1315676.1431162022
2003 10543798.042122409
2004 21190128.99228447
2005 20056757.311353225
2006 6411946.948665474
2007 17174786.537689697
2008 9963942.972502206
2009 20902601.962252013
2010 4475977.516185466
2011 27583327.833550084
2012 18054413.73380101
2013 5899822.42512154
2014 33692862.816031285
2015 630444.5936331647
2016 25598496.87694519
2017 10514903.788352001
2018 13002249.394949947
2019 13945744.75229027
2020 9121787.903131086
2021 28997177.821870115
2022 18001931.063499883
2023 5478509.593450025
2024 8835013.832089413
2025 5167528.985561169
2026 172525.51429754868
2027 15548455.151291495
2028 7234789.575382985
2029 11367455.595115075
2030 4382434.79512016
2031 4308963.567351133
2032 15035038.432937494
2033 15269500.363070063
2034 27718028.320736956
2035 8348257.578924049
2036 5790030.482919313
2037 28436468.865094326
2038 21404818.488489293
2039 29708945.477154605
2040 5876603.120512565
2041 4056090.0576283396
2042 44289875.16001147
2043 12390095.190862926
2044 5094022.290687985
2045 15522132.468382875
2046 3024957.9797735475
2047 10718146.743318878
2048 9128426.785482626
2049 12305458.389649581
2050 30270904.990871817
2051 5022785.678033238
2052 1682568.3278781604
2053 13971814.793341577
2054 1369374.2553227562
2055 12210188.863492273
2056 5522339.007260177
2057 7574884.122390155
2058 855662.44415252
2059 24051006.877699934
2060 4888308.19304874
2061 3909638.931208536
2062 18219160.365724962
2063 3752518.684744501
2064 7232025.119941898
2065 731391.7719802009
2066 56114346.5970573
2067 6068805.58370737
2068 12979101.407060863
2069 4932896.989903847
2070 5426966.54728091
2071 9539610.9142498
2072 28764860.228923
2073 21673656.682337966
2074 6204939.173146968
2075 24700666.51873373
2076 37370201.06905674
2077 9398228.407405633
2078 8541414.590137918
2079 2619786.336187711
2080 4990625.1236906145
2081 7138661.121198781
2082 19839168.19583576
2083 7191823.840990577
2084 9332032.043169701
2085 11570788.933833312
2086 7495125.116187559
2087 3579876.4217484556
2088 23472629.567832686
2089 14757921.638524616
2090 8771399.383419301
2091 30543895.697486177
2092 13061190.885982057
2093 1845043.003188291
2094 5081515.014563622
2095 16396271.194384724
2096 22406230.979559075
2097 2316637.8973085443
2098 18608314.397013184
2099 3123294.5178774465
2100 17610055.609219875
2101 12940020.716763575
2102 4259432.250922105
2103 9153802.891569188
2104 4345380.259932584
2105 14986836.573650809
2106 2659795.3933919435
2107 5606478.40136551
2108 5281937.679352635
2109 45486714.89663401
2110 8205373.987403924
2111 26474706.699898798
2112 3165151.6682725735
2113 6648479.752628426
2114 4757841.573951386
2115 8219312.42745691
2116 43131318.22237691
2117 10795931.994009543
2118 5408126.340270931
2119 4873437.717323786
2120 18410060.577780765
2121 2545808.027583003
2122 136342.15302671562
2123 19308599.670261763
2124 11880224.733174087
2125 5034729.985112419
2126 25253197.84754563
2127 8240540.215622351
2128 39574258.56748153
2129 9632345.599143637
2130 2638266.690382012
2131 7566340.738894459
2132 701598.9313878361
2133 21460029.44859074
2134 30383443.987498105
2135 979352.2125524054
2136 4625767.676355926
2137 22697421.764747046
2138 14546821.765741704
2139 5932746.782683687
2140 1779780.6978076512
2141 10399095.670799438
2142 9622604.749020316
2143 15310228.276668027
2144 14088279.626449058
2145 12039505.5076737
2146 13679941.138513872
2147 5424158.246123702
2148 1120602.8802388413
2149 25702589.178390447
2150 11365032.394028906
2151 10237953.629519312
2152 5506626.211510229
2153 9762888.956492415
2154 24784577.032045197
2155 19250178.181403562
2156 26550390.821943276
2157 6511274.461098428
2158 4774843.958035447
2159 7557045.764486348
2160 28705640.670486927
2161 9037088.476285977
2162 20348921.938751675
2163 1305997.5400177352
2164 14065032.30114881
2165 4603744.868074141
2166 5573125.238919038
2167 9010523.78508813
2168 99783.82106955908
2169 46480531.23311062
2170 16826260.91881926
2171 7605894.966653353
2172 3536697.4004906677
2173 16091751.444668535
2174 10531097.157405544
2175 19687838.52326059
2176 7867753.845646068
2177 4931639.492701953
2178 20095785.73698112
2179 28827438.76524145
2180 13511379.490726106
2181 19829792.01255001
2182 9115471.237228569
2183 26042126.039393134
2184 10255002.785151765
2185 11468942.333892232
2186 5358553.173751565
2187 3867227.026522437
2188 13539738.542157125
2189 14030622.694039019
2190 22832038.49959526
2191 15228192.686133975
2192 10085870.956244256
2193 2722063.827235589
2194 10994075.425243936
2195 13641673.815530557
2196 2275245.231868646
2197 13958016.032163464
2198 1418570.1322411206
2199 8949470.150428772
2200 7074417.2088243645
2201 11644160.23376333
2202 19444109.713715967
2203 4689988.041981189
2204 12467367.421872508
2205 17370632.50974275
2206 7518768.392213177
2207 11788370.05417254
2208 5388889.000198626
2209 21254250.64511819
2210 15401000.892864317
2211 21238400.96883337
2212 378762.3975933846
2213 21220375.65619617
2214 21406247.28388547
2215 10672168.662540019
2216 26121051.357324712
2217 8594542.806136513
2218 1063182.525719515
2219 41725484.961592086
2220 15921692.75558703
2221 10932409.668162525
2222 21983715.476961
2223 18207444.59265295
2224 6152784.479622072
2225 5090891.773990894
2226 26139347.259975567
2227 18294109.600565143
2228 10179622.889273753
2229 18099857.547344938
2230 6320069.143084185
2231 9638444.777508669
2232 5677832.228043367
2233 22285651.52450551
2234 15248265.713569604
2235 15907599.677470783
2236 8511568.324932834
2237 18296342.441477314
2238 1604350.916954942
2239 23225486.104423974
2240 15708782.126080714
2241 24150492.209255658
2242 9148458.19703053
2243 38237721.62813094
2244 1098945.8945804937
2245 11969376.314772543
2246 23395986.702781744
2247 5459480.635108164
2248 16699178.356109727
2249 12435309.066659488
2250 2895819.522973924
2251 4477402.752525529
2252 24057773.76260587
2253 3782229.5588532276
2254 3576555.2365500294
2255 30978923.320820343
2256 27694626.593291722
2257 18533516.27938196
2258 17634678.754399084
2259 22249514.967814285
2260 8368889.471412549
2261 8423134.850918263
2262 17178898.711450227
2263 28368559.516624823
2264 4636277.5907799415
2265 4435897.905674494
2266 15728254.718891308
2267 18172145.62387699
2268 10690220.43441118
2269 6724921.567033423
2270 34802732.249016285
2271 20722684.071622424
2272 1506968.8917389996
2273 2494061.9947192017
2274 11114702.762658082
2275 557129.7886174312
2276 14224938.777453326
2277 157939.27391336486
2278 3677481.4519962324
2279 13059762.835896518
2280 36963812.02585986
2281 4752469.263823599
2282 11504459.636792257
2283 17099149.574347503
2284 20650928.582829885
2285 5774802.103010527
2286 16865663.51373701
2287 7293813.7145997705
2288 10034293.61662623
2289 18591753.563191168
2290 19664370.873359755
2291 20941861.011255164
2292 6022861.4483031
2293 29545045.778406255
2294 14446291.948423907
2295 216425.83169488795
2296 10890183.42790544
2297 16396184.589698233
2298 1485641.0602471093
2299 17252411.05749368
2300 12021289.97560072
2301 13269011.628788892
2302 924630.9014981075
2303 4021132.901143821
2304 5075540.460047459
2305 7611272.474297712
2306 2092243.2395161726
2307 8954995.011955328
2308 9495812.69516098
2309 2862513.821983194
2310 15518274.444352398
2311 1906941.8703241553
2312 32120389.503362115
2313 192240.04009169154
2314 11861070.436070854
2315 24913731.87171941
2316 1764275.0522155464
2317 25171673.01382362
2318 2209529.0579325873
2319 14703282.895110082
2320 26290012.575667016
2321 240071.22324170417
2322 1284682.767821809
2323 5908977.155935641
2324 3699834.076222283
2325 7765543.909369645
2326 10502110.169585831
2327 2364677.407603494
2328 18882245.692793258
2329 39740.275491817854
2330 4261807.521691082
2331 28697104.18629477
2332 8078816.368734032
2333 10497837.1164436
2334 16350990.42368494
2335 2701180.3248802964
2336 4943032.854101678
2337 10428078.887268681
2338 15106829.523251487
2339 32483519.211189047
2340 12362859.341007527
2341 9031137.194820397
2342 3283903.922084067
2343 19251119.462881275
2344 12066535.829108
2345 32981546.690666
2346 7714698.885928931
2347 5818094.857715216
2348 32503320.188768003
2349 24352519.094940044
2350 4832102.980347063
2351 3407985.8188494667
2352 4243800.2904179245
2353 1642168.5293372772
2354 1725887.1773509933
2355 33545495.030926783
2356 5428991.913467178
2357 7835320.614344973
2358 16534271.98597543
2359 16990035.44914609
2360 10807666.213494219
2361 2351702.1983829984
2362 2966433.197744038
2363 31707481.127379134
2364 18092875.09118504
2365 15351918.335113779
2366 2391777.7350837523
2367 17847190.311144847
2368 78434.20538694598
2369 6368584.182098648
2370 3522712.233223523
2371 7810026.858487471
2372 39904241.0577894
2373 1079090.6328793922
2374 10061624.622822342
2375 24429062.342933953
2376 16866014.89009437
2377 15742824.499672033
2378 7614816.831543588
2379 1245276.5580232712
2380 11033109.688013183
2381 2473970.9409606894
2382 13652565.205261169
2383 16354875.150312968
2384 618613.4713232447
2385 1386794.292579336
2386 4381676.796801926
2387 11892451.794859432
2388 29062502.79861709
2389 26259293.03041984
2390 10711616.52544716
2391 3130576.707851583
2392 9414047.05885959
2393 18704404.930736225
2394 800000.3921784121
2395 8995341.519406293
2396 21734306.9023789
2397 4022169.524106063
2398 1096922.012656875
2399 6241208.220252225
2400 10318668.350906443
2401 42011470.08122974
2402 9075752.625184229
2403 3507093.496306737
2404 8552954.672979064
2405 8892601.833344199
2406 9206136.103333505
2407 24539567.262174085
2408 2832819.251303296
2409 5937987.074581407
2410 1694263.1014190256
2411 22869383.473405015
2412 17543295.680074595
2413 580635.1139872475
2414 33497839.57162153
2415 4805851.744007243
2416 13877698.414391002
2417 28838862.073483977
2418 24923896.312226236
2419 23363123.82642954
2420 1648546.8235928405
2421 10163690.675918603
2422 19011640.57331463
2423 23088524.580431208
2424 29569406.484807428
2425 663088.1717036888
2426 13307968.066129321
2427 9544.410433372483
2428 2260076.0601055836
2429 7988672.984502133
2430 1751838.0376950754
2431 29136148.035739273
2432 7302840.933410791
2433 27555385.274811164
2434 5776365.689891186
2435 14049750.559437856
2436 25056295.71335536
2437 1532254.5395522378
2438 11928706.402103148
2439 10623494.751740634
2440 21778212.26276473
2441 31112285.69511231
2442 15040594.903996024
2443 38786.49244867079
2444 6454217.957572688
2445 287242.61063128244
2446 23943312.13976337
2447 27518864.16802188
2448 6715627.97229849
2449 13250798.615403619
2450 12992317.551172268
2451 35934610.92578378
2452 9970651.391671427
2453 6987353.174222097
2454 16616077.207845984
2455 11926489.87538702
2456 13999750.086702444
2457 16503488.343600398
2458 7175478.283628449
2459 867708.5396106215
2460 22766290.165485494
2461 11822529.203139806
2462 14385288.500691231
2463 1438810.9308256414
2464 3276255.8475409313
2465 13314603.135713924
2466 20343897.92035673
2467 7858831.108280449
2468 4931978.810586609
2469 12447095.623491311
2470 2898141.17419206
2471 26163765.35402418
2472 15472939.758781834
2473 769440.9733501608
2474 9011940.618786512
2475 13372488.759367641
2476 3671368.1415089937
2477 17084115.10494262
2478 6434931.4901523385
2479 19287938.38608311
2480 7719590.14793711
2481 12375529.29321118
2482 4304446.093326969
2483 124622.54553387593
2484 2708407.92088823
2485 28534808.82147358
2486 33802500.09214488
2487 31210139.301031485
2488 5264142.461706547
2489 15342775.791736359
2490 21172012.76454599
2491 31386411.05937499
2492 1120747.2708492596
2493 9102498.342044251
2494 5795778.756066656
2495 55312817.40084794
2496 2441549.2622484025
2497 511393.2776506338
2498 188069.53434996586
2499 0.0
2500 7451723.0
2501 15676009.386895204
2502 2966699.0075587705
2503 872351.1055554539
2504 62955.574902930995
2505 10695766.744260132
2506 7286899.286152778
2507 14646943.778504767
2508 23212792.730829865
2509 14061031.158987109
2510 74074.98866400495
2511 1679947.4102769494
2512 5525853.644565255
2513 7958256.290575378
2514 6612406.408387354
2515 10199481.087670814
2516 3074648.846623878
2517 47432744.17489715
2518 15361695.510441523
2519 9027024.679732444
2520 715243.2331343757
2521 12594881.801170478
2522 10234077.240291147
2523 835334.015852449
2524 25530308.33094775
2525 36903458.37049187
2526 2575109.4039567504
2527 18483942.397882637
2528 936749.0118829906
2529 13015343.386933781
2530 20419706.565804742
2531 20156733.85112956
2532 13114619.903458793
2533 2240643.633706275
2534 17223255.712169863
2535 24074025.82578405
2536 9416220.921393175
2537 21612849.72225935
2538 355496.32481775247
2539 11268644.745495167
2540 4774421.252304044
2541 20531337.29943709
2542 7652439.247374151
2543 5521899.800861474
2544 16001094.231412316
2545 9887217.939280078
2546 39552098.66544845
2547 7247911.43499225
2548 3824470.0014430787
2549 3739015.9081861377
2550 1906544.0837834273
2551 23838532.32648869
2552 8348502.647387178
2553 11386501.714386921
2554 9688617.127760436
2555 5469795.307409568
2556 13831531.391013604
2557 696127.8372574411
2558 2588900.4946941305
2559 2558991.0036861193
2560 12185530.25810207
2561 17428824.28687512
2562 5639637.170305086
2563 8628694.187379334
2564 21737274.849450562
2565 14920477.521165527
2566 25515477.42107146
2567 4471794.574176347
2568 6954530.37671871
2569 18441831.02894013
2570 30714206.144729517
2571 4317945.666671911
2572 6954535.22962242
2573 8445348.162464108
2574 19567761.500076875
2575 14234006.070734568
2576 5144123.677197011
2577 705934.1006458299
2578 10453591.843068503
2579 13790777.127967548
2580 11347988.492453754
2581 8355292.017404322
2582 15727877.338223517
2583 23551603.56656947
2584 21520160.321569398
2585 6009561.676806303
2586 4414262.779392192
2587 6696689.885693096
2588 16775052.881732643
2589 24382870.020923987
2590 2504100.237459872
2591 13230129.927008409
2592 8166219.453966944
2593 11508376.953945369
2594 10241934.2462952
2595 9676370.344692547
2596 6371945.283910915
2597 6963720.300134467
2598 10563140.319119766
2599 13431865.534537874
2600 2960277.427126618
2601 5491802.46209548
2602 16850946.100899868
2603 7156122.3751687305
2604 8343342.863757543
2605 2875945.652332149
2606 1415121.3870789623
2607 12884962.632619936
2608 11589958.076688707
2609 3346584.915520223
2610 6280916.681543406
2611 13269455.66160708
2612 5176501.815100165
2613 2066166.3072634544
2614 4227461.011835841
2615 14531406.032486917
2616 871678.8489966425
2617 4207388.83401086
2618 5507630.110663759
2619 54921030.69511007
2620 11618940.308253486
2621 5901656.120965259
2622 6710937.30198974
2623 10585095.83839877
2624 5922117.470376052
2625 7908643.168227233
2626 18233945.065112617
2627 24567681.00684845
2628 21082282.304765016
2629 19300532.39139148
2630 2319904.3323796038
2631 942316.9763069348
2632 7377061.9004145935
2633 25722802.809363045
2634 969481.9898690912
2635 19844847.11278199
2636 970893.1502968452
2637 3137743.227910874
2638 8140272.165027538
2639 4938857.208599225
2640 7877798.683684231
2641 9191252.186758708
2642 3653208.989868555
2643 2283008.493014437
2644 6930989.594726544
2645 10304171.694835579
2646 20532054.42074523
2647 7097935.103435633
2648 21624012.86727201
2649 14943142.29723449
2650 2585937.90536769
2651 18672662.308197614
2652 37666945.02994658
2653 8974445.783391604
2654 12543308.414800767
2655 869757.5833272494
2656 28546174.27778604
2657 6561768.0156101035
2658 10763910.547257684
2659 6998734.267269107
2660 3214585.5065497668
2661 7119410.967251599
2662 25231232.02247028
2663 8875598.2405877
2664 679161.1032083686
2665 38348.68628446292
2666 2365247.922990555
2667 543887.7274667136
2668 12537638.761959407
2669 8635919.424546542
2670 1168621.8369985353
2671 11564656.261223428
2672 10828942.162716255
2673 13355750.646922585
2674 1707248.713311716
2675 52656102.129094094
2676 36166505.9495174
2677 4833371.329188108
2678 4404078.857624922
2679 6583058.849209762
2680 3622870.4113815576
2681 3456528.682761945
2682 2413549.0745535977
2683 350878.09720337205
2684 12643805.712756336
2685 8512339.45541774
2686 8489239.685331823
2687 14341675.232008839
2688 1107470.7609467274
2689 6855232.180736316
2690 16295531.15402266
2691 16956332.969073903
2692 14568463.990854368
2693 9303401.394190615
2694 740853.9764959452
2695 3655251.900225402
2696 9677252.695419097
2697 26156698.476615164
2698 3730669.835542344
2699 6103217.458923878
2700 6896508.84072106
2701 20149513.7505302
2702 7987681.120711327
2703 18484184.82857335
2704 1807793.1076543974
2705 7693965.355287075
2706 19871725.94654468
2707 13696499.408638222
2708 16435778.288126074
2709 8615013.282135587
2710 14323701.31460513
2711 3794674.576690577
2712 13161691.685574621
2713 7340868.044150485
2714 7331826.48366645
2715 23542191.621452734
2716 27535206.535110146
2717 27913460.22434853
2718 1121992.2755940699
2719 2106749.6121939076
2720 14113686.606466219
2721 16420903.89794688
2722 17539900.871269763
2723 7924708.076013049
2724 20876653.269384198
2725 1536042.8445384633
2726 15875541.583840892
2727 13101335.008291394
2728 26107116.910935383
2729 7145934.615704238
2730 42101697.126793995
2731 4972101.171434548
2732 8502028.914946428
2733 545458.9633897967
2734 30434640.469552882
2735 683735.3531072817
2736 9100275.943393106
2737 17884541.475193314
2738 9900202.346131371
2739 6030697.433241859
2740 22615087.165834725
2741 8901227.53602364
2742 1239192.8736186149
2743 1367291.8200693782
2744 8620745.034294283
2745 12454512.467921682
2746 16457952.927486729
2747 18079592.652371198
2748 9607881.864682024
2749 4515226.736884453
2750 14987539.080181992
2751 14894721.342366561
2752 25179035.67365303
2753 50438292.406055436
2754 32584203.36393461
2755 963751.8070876636
2756 35359964.94217418
2757 9018033.810570693
2758 15375786.08694615
2759 12386829.433908347
2760 4671585.994992105
2761 4477752.965573796
2762 12972740.07787937
2763 13630821.405742137
2764 13847577.64281356
2765 6044123.324449092
2766 22089885.21661665
2767 14455134.597501356
2768 2555655.06618403
2769 5050079.775706882
2770 7962157.587517453
2771 25642518.17716808
2772 357012.2759383244
2773 10503859.152833803
2774 47754170.01365663
2775 2293465.4328731634
2776 2656352.5552283768
2777 317088.013637336
2778 7890254.612489223
2779 37714227.69516116
2780 18804950.875230104
2781 7218984.233477582
2782 4524791.642903641
2783 24532888.812186025
2784 20371235.222009785
2785 9314626.048004905
2786 2019113.3091604835
2787 12096078.297468647
2788 40167278.97713219
2789 6306163.190894239
2790 12870683.437733086
2791 507862.152948875
2792 5038361.114205349
2793 8137046.0732695535
2794 10538910.048472552
2795 15380574.926349394
2796 3786041.465300409
2797 686305.5743266828
2798 9783382.11923539
2799 2298338.6365241
2800 13410758.478542024
2801 4117592.49521762
2802 17663551.072518762
2803 3693291.5785838095
2804 21117175.467894427
2805 3882845.146750765
2806 1789928.8818759173
2807 8110276.427248589
2808 7145836.683952736
2809 13830054.666375132
2810 1384025.8583398145
2811 252747.8181510619
2812 48433962.474134885
2813 13804485.533237401
2814 4002705.031875886
2815 26549452.44459329
2816 6021003.4409001395
2817 6613759.341623506
2818 9278163.405432323
2819 8945387.177522771
2820 3449001.64835573
2821 1836852.985909117
2822 116443.76246662065
2823 4702650.918726984
2824 5616555.501995462
2825 1338265.1123647979
2826 21943734.738208897
2827 8835823.975984782
2828 19873965.976889133
2829 6621709.078297102
2830 16659416.000981197
2831 28041169.4536385
2832 3483185.0568794003
2833 2655214.2251652796
2834 27931611.50106017
2835 6481341.57479939
2836 5156992.828504319
2837 3891602.2918276647
2838 12105779.201242996
2839 16235676.960592357
2840 5320608.7665406335
2841 14391694.378434025
2842 10754624.866518006
2843 28461258.39930082
2844 5909904.971302036
2845 8730990.586500894
2846 22464757.441867724
2847 9705089.236942885
2848 15471119.918685442
2849 1516776.6646200544
2850 303342.51230439125
2851 28117384.05500155
2852 15070151.572134271
2853 7831302.907512673
2854 88104.17556636967
2855 2412744.4119655127
2856 28734713.1527948
2857 2515887.9846395487
2858 2106807.9859079514
2859 7768564.387179281
2860 4034767.8364522783
2861 1413780.5235201009
2862 40327847.515882134
2863 12191745.063326256
2864 13739618.086270869
2865 6689697.71497874
2866 9166730.894043691
2867 2789554.039836741
2868 1108368.0745371939
2869 1772674.2927992828
2870 10014768.329992406
2871 24261614.021390006
2872 21116640.58970025
2873 19614298.019476637
2874 23747322.527172714
2875 10847160.77031128
2876 21250061.573939197
2877 8669410.795091208
2878 8538062.338747185
2879 8180997.960801665
2880 776060.8349908106
2881 27873571.37003544
2882 1204800.1597329918
2883 17131519.76658027
2884 7695301.27122082
2885 15711975.77375063
2886 13269078.829560883
2887 10506172.909647696
2888 6253517.034181818
2889 562718.3756037618
2890 616248.3201784431
2891 16080234.68955565
2892 3708729.2039860776
2893 5346529.436193449
2894 11568112.641426425
2895 6622455.565757582
2896 15758847.677161288
2897 2982769.7106504515
2898 3846751.5983895785
2899 8892012.517519332
2900 17718145.27834689
2901 18264997.357736718
2902 35485873.59110671
2903 10953902.37462333
2904 7820819.939195827
2905 6242312.649262881
2906 7475438.472079396
2907 26513167.71557372
2908 25773030.092054006
2909 23948634.268975385
2910 549921.580959498
2911 2791059.5687491335
2912 14793810.044339642
2913 196370.15956475865
2914 13040896.423900116
2915 18707578.1092729
2916 8629524.231511299
2917 13702695.085990332
2918 7534722.024878649
2919 14793579.401789937
2920 25744753.928849176
2921 7191891.873668997
2922 15440834.123494435
2923 1902102.8812739737
2924 25543110.047619246
2925 2610664.7401307337
2926 13934771.482006827
2927 1777372.371664213
2928 1059417.1840217249
2929 2865530.344483195
2930 56230881.27935515
2931 12571286.914417714
2932 16031013.177870866
2933 12160702.723010764
2934 15535254.789645903
2935 10825727.206872867
2936 23052287.306358304
2937 5686855.026199263
2938 21233430.98345861
2939 6950226.658848901
2940 195237.57541980222
2941 6377937.314094027
2942 14075665.39258372
2943 1882968.888783629
2944 15750894.55255407
2945 2694854.4406704735
2946 34540964.84002128
2947 12269883.279188814
2948 9931235.239724135
2949 6284123.953240102
2950 7777118.68262289
2951 5168959.940312543
2952 12147753.701044502
2953 25574228.09071678
2954 4893411.895161774
2955 4737626.291496307
2956 13519046.277034514
2957 35320517.12184647
2958 5085982.189498818
2959 20599534.28178541
2960 48646143.37926621
2961 1078984.754754928
2962 15158967.379618857
2963 24313998.98820097
2964 10889475.96065333
2965 1739520.9074824974
2966 2514882.194556346
2967 1790836.88013045
2968 6502211.465479432
2969 7408543.597690487
2970 6007302.914006939
2971 29115727.660618503
2972 13430639.583954472
2973 2157615.2480524504
2974 6587474.468814519
2975 29792028.098160006
2976 2547847.5288661304
2977 27894453.269330528
2978 17894553.45028864
2979 14885132.481405275
2980 21994936.420299638
2981 11691898.370539226
2982 12202089.579593344
2983 44899681.59567921
2984 20161331.584471
2985 4193598.7467156798
2986 13450956.380268559
2987 15170615.512312045
2988 15844382.651799435
2989 2709402.1923472574
2990 30581285.938441344
2991 17698732.681061376
2992 4184230.936195741
2993 15602632.777998667
2994 28021484.71762576
2995 12516587.420290843
2996 20863643.01449857
2997 19783714.78721145
2998 18584447.039585292
2999 4212641.7317531295
3000 17706.046594284475
3001 3341997.878744699
3002 6416606.00807015
3003 18880386.065540396
3004 12388585.321170913
3005 33397205.266693957
3006 2721297.910614535
3007 30432970.618615143
3008 13104259.794472985
3009 13667945.160344874
3010 6873129.03884675
3011 632218.9013746139
3012 2999653.7750185095
3013 11671379.934356647
3014 1971154.6463967096
3015 8868445.311045121
3016 4299043.657800052
3017 9854339.919138255
3018 18364573.21199058
3019 1163553.4366434626
3020 9936136.184953542
3021 9355792.179575263
3022 24027477.840087995
3023 3003385.8345732484
3024 10995310.598499946
3025 1061071.0447028112
3026 19744115.50077442
3027 12960289.073282173
3028 5609329.494836882
3029 21633226.888385236
3030 2617927.759630009
3031 12316871.92975767
3032 7604106.987774886
3033 13743283.914968953
3034 29733069.783638187
3035 10608793.508389201
3036 18380505.09941719
3037 9238257.934263412
3038 2909517.8298530774
3039 8271126.262667632
3040 13447173.55149015
3041 35868800.74706579
3042 17598555.629692763
3043 7963847.755303878
3044 22944950.54562642
3045 3784432.873716237
3046 18692858.799460597
3047 31781289.17798469
3048 19264026.068506613
3049 28294509.987744406
3050 4717573.184188257
3051 5825537.669330914
3052 52839067.89414728
3053 965752.4696542751
3054 7899036.729716175
3055 7732521.50566289
3056 16340482.939529827
3057 12313925.167219406
3058 936796.2733723316
3059 16687112.282200864
3060 16012650.920500673
3061 39353636.64932836
3062 23734736.93383117
3063 5307448.376461624
3064 32232951.259129226
3065 6115460.86499681
3066 12654576.365989525
3067 2531235.433050433
3068 15056719.179845441
3069 5567437.994236924
3070 24449964.061679382
3071 5283192.494318156
3072 23682108.90398191
3073 4206278.271990681
3074 2974045.462620628
3075 28381033.836727288
3076 14075757.748780182
3077 3185286.023901336
3078 7235837.365371073
3079 32516278.886104092
3080 20299022.423727486
3081 17216746.5853262
3082 1855049.8931997288
3083 3479838.9449369228
3084 4889824.651723139
3085 40220508.295506075
3086 31276842.315878384
3087 2548032.214190929
3088 21794721.772027902
3089 7135097.239738354
3090 18634176.934596546
3091 13655548.899875624
3092 24096134.750082232
3093 82573.26692274865
3094 9868535.917624157
3095 22930816.40100802
3096 10436639.639378734
3097 10774163.353366194
3098 7931270.312824409
3099 13438920.297969274
3100 5875268.197740188
3101 10761510.709515696
3102 20508423.839461662
3103 15665376.431245426
3104 3642073.576466281
3105 10188986.389456462
3106 6213812.5199834565
3107 2009221.8084727777
3108 13367000.11738564
3109 12836089.270018902
3110 18427474.13887623
3111 1281813.8579768222
3112 12411067.17639723
3113 3095494.420748311
3114 14825535.07326483
3115 4513571.799894646
3116 8650034.270547291
3117 4172172.5465192944
3118 3946856.7676923093
3119 11638985.423086768
3120 23438681.784865968
3121 6222456.133437492
3122 17304612.38745942
3123 5933232.634204819
3124 0.0
3125 103667.50913281925
3126 35095875.82464736
3127 13451980.642224375
3128 6987738.883258831
3129 2434582.0000062985
3130 21703537.221937537
3131 27741415.359120876
3132 6796293.068705964
3133 6950840.756341043
3134 3916338.633255383
3135 22247833.38796875
3136 9741141.939772634
3137 28749183.451968864
3138 12805405.123978985
3139 25724291.655890375
3140 352002.75654476974
3141 2965304.987665225
3142 14228103.607342329
3143 160289.86400021985
3144 19868115.70490343
3145 3532271.7480383357
3146 32020396.30921665
3147 3677310.8158731572
3148 1963496.7066864576
3149 9676225.591248497
3150 11861898.79532725
3151 28820525.71371808
3152 751033.8814262655
3153 11963191.643271666
3154 24054218.18449566
3155 6784216.164589271
3156 8194912.392693001
3157 11214705.700161267
3158 16389093.863309436
3159 1551655.6359354816
3160 7786637.161172815
3161 6719378.886243876
3162 24447334.35029225
3163 6828614.099676661
3164 712124.0128952428
3165 16053330.876058627
3166 3776182.8082616087
3167 20399614.086557575
3168 9372126.47440147
3169 20673811.86069504
3170 22335736.4884827
3171 26654181.432219196
3172 7721386.300006882
3173 16518065.315876823
3174 23547275.8025571
3175 21341673.875805467
3176 395781.3718554219
3177 7530320.344805444
3178 16568435.356651632
3179 132978.34552615508
3180 30986404.576863896
3181 18834408.63708674
3182 1907864.7901901547
3183 1351150.7124417499
3184 7276500.710725691
3185 2406467.5691199303
3186 80105195.36956194
3187 1632704.0998966396
3188 2722321.2724084193
3189 4685401.875623091
3190 14700595.784528282
3191 4173286.155525415
3192 3790558.2823281307
3193 1281230.905727542
3194 32931091.98229688
3195 9500285.10988874
3196 16641697.697424755
3197 8885811.346453741
3198 10796734.982539214
3199 3113241.7688813955
3200 4670788.733917577
3201 15215718.03141699
3202 7436331.970734622
3203 15091022.926105285
3204 9333929.943447381
3205 12664131.41417516
3206 5085088.972284864
3207 3645527.9826973765
3208 17335497.594936196
3209 19288738.705174938
3210 2824068.626998376
3211 11062929.633579269
3212 8358134.446996495
3213 19443595.2647906
3214 17423813.285663854
3215 48662127.07242024
3216 11324384.50696782
3217 4409179.0829077605
3218 3368211.0422503706
3219 26968434.958659615
3220 16255143.33985632
3221 7471875.883698778
3222 5940017.912486292
3223 17187593.656559926
3224 42730956.27123424
3225 17074302.153202385
3226 11221562.456972852
3227 4268885.922951032
3228 21746308.921612874
3229 9128398.510602308
3230 5155057.894233614
3231 7720930.68138006
3232 7145992.240260662
3233 5077074.550883166
3234 14327703.092019752
3235 2026143.4230840635
3236 4417513.121955906
3237 21107046.15238195
3238 10379055.876762966
3239 22172.836822738405
3240 17321963.31886481
3241 7713856.503514126
3242 4347025.282827457
3243 2383582.782177356
3244 14703655.33244609
3245 768818.5280284924
3246 7357368.884618409
3247 10557164.94910277
3248 3054846.7110013114
3249 28207915.20639318
3250 8247810.363716064
3251 11091774.052530892
3252 13927677.789643738
3253 3770312.3808773346
3254 445622.2371504037
3255 18170061.20129793
3256 8743265.193609482
3257 11028523.798642818
3258 5907874.270220537
3259 3677892.947524676
3260 9348111.376377001
3261 22686556.17699271
3262 23983521.166843154
3263 13827662.722956225
3264 12112216.97798562
3265 8925494.514426325
3266 10329816.285943195
3267 46762432.27710743
3268 4644696.16593067
3269 1151371.4984228618
3270 5357862.588893013
3271 30328589.655422006
3272 13462678.298304498
3273 4182032.525626663
3274 14661115.526765361
3275 10651095.28595151
3276 1970765.3621759908
3277 4001479.080758295
3278 4579434.773172979
3279 12492417.078149416
3280 7628681.265276446
3281 44808782.90876788
3282 26788102.36485357
3283 2402002.828945905
3284 28142618.242235612
3285 6625186.8332106685
3286 23393553.47254306
3287 7325641.252160557
3288 5704576.950676167
3289 2854076.96137903
3290 2318577.3976352755
3291 8171127.22100578
3292 38893237.042614415
3293 10778803.957876155
3294 12087557.207601694
3295 19434520.762175813
3296 10364299.346304685
3297 2997678.0201007538
3298 7687094.36511856
3299 6704180.924408757
3300 1186342.3330214992
3301 44174377.200863436
3302 6891776.88503603
3303 9649339.453471918
3304 4399390.007548036
3305 16385418.959068362
3306 19939959.687114153
3307 1384587.783666608
3308 16246723.087528836
3309 29044908.177715246
3310 7407357.517505797
3311 26351715.59276551
3312 6347388.596298265
3313 18263408.534668945
3314 16732537.32398695
3315 10932018.95230858
3316 12543645.37749154
3317 297562.32956528664
3318 1558768.8450234644
3319 7189110.446090799
3320 4666996.0790786585
3321 5479673.655559793
3322 2160701.8071341407
3323 23317044.539398573
3324 8800265.724094905
3325 31197652.524853222
3326 3947433.331645041
3327 11633165.768240783
3328 19957043.915439755
3329 18234514.861467317
3330 16390035.18313396
3331 10553335.470017046
3332 3994761.113880164
3333 30699268.98189362
3334 4109084.142869749
3335 19574603.16169969
3336 19251322.77767758
3337 1569891.9701540116
3338 4186382.7796701435
3339 43181651.45802572
3340 24185313.76767061
3341 30437330.547426447
3342 13089554.485476349
3343 8091099.021010873
3344 19397989.057286844
3345 134536.31883511972
3346 28229828.422414906
3347 13883304.772398796
3348 7132919.653981245
3349 11339814.036358967
3350 26015391.48435681
3351 6629794.498478851
3352 19469586.861503415
3353 2831099.152899352
3354 230090.49856409337
3355 15409740.636928884
3356 4434052.293964168
3357 6918684.1868186435
3358 6445060.103846379
3359 11615641.035697468
3360 21880463.26906344
3361 2466410.4351662477
3362 20757301.7014017
3363 12342684.60225362
3364 11149490.43746249
3365 12684841.207004286
3366 2404853.1483206563
3367 14043679.232236192
3368 10480506.913916636
3369 22738314.950591728
3370 11604560.367887732
3371 28212155.92780511
3372 12135388.522698725
3373 3332698.5065443367
3374 14023563.49014996
3375 5501255.247942531
3376 10804401.368807174
3377 11034141.765109556
3378 20773752.56868719
3379 1041945.5495360764
3380 947149.5471254978
3381 12950331.982864503
3382 5650911.855999236
3383 13316054.348609967
3384 8322987.11898301
3385 4812223.1967978235
3386 11784731.770503836
3387 8566174.752224801
3388 19277533.9647822
3389 40893012.682031855
3390 2007767.5044525415
3391 31137004.564989094
3392 17939167.626940824
3393 2823969.2600052226
3394 15595037.403190333
3395 9984585.985050458
3396 4408443.68180942
3397 5483558.245326348
3398 11349262.157703055
3399 4610377.6196382465
3400 15026452.754809707
3401 8383644.091993717
3402 1530268.909226627
3403 15092462.077271756
3404 18615534.77184857
3405 9598000.65787971
3406 3936272.4237024686
3407 10228194.403366935
3408 27842841.204095893
3409 19161749.577196606
3410 19559941.898596983
3411 1134836.9836918502
3412 26162305.278326333
3413 2936731.0830759294
3414 660963.1918619261
3415 9750292.276998093
3416 4077163.140607437
3417 13366030.313781396
3418 39007399.68743262
3419 20709657.108409382
3420 16558251.483046032
3421 8659519.680181084
3422 8728437.088897962
3423 4800308.680599475
3424 3221115.9742887327
3425 887572.9086624924
3426 11009616.617141686
3427 6098800.872104887
3428 8983512.704216763
3429 7242419.015983988
3430 18428614.373204153
3431 25753118.482061863
3432 13993739.724649679
3433 23823759.10030574
3434 19940794.59381394
3435 3147332.9529570565
3436 4419329.973501216
3437 38112919.600858204
3438 10734773.557963926
3439 5041987.984786941
3440 8090795.412178103
3441 3899557.587360126
3442 2195947.551722139
3443 3068868.576139603
3444 4328052.732521191
3445 30604923.09297908
3446 8585048.04298853
3447 8674345.158018364
3448 39404716.64125632
3449 16673410.731385486
3450 2764226.627540215
3451 5851089.278680254
3452 1471738.9516608645
3453 31188465.50599539
3454 2605168.7993354136
3455 1751458.1258534444
3456 34137195.416552
3457 26421172.25369762
3458 18509122.0227034
3459 21254931.27682981
3460 2853245.6445869515
3461 20856191.47874838
3462 4238898.804148351
3463 10993867.470528813
3464 10452310.585872954
3465 12060514.908467796
3466 2535816.1446186546
3467 8954743.879397439
3468 18634317.091959994
3469 2503043.3939248873
3470 10580220.106671656
3471 4704410.299375478
3472 24688605.74806466
3473 8433277.504995614
3474 3157615.929146779
3475 3381513.7276723776
3476 12984699.603476748
3477 23578947.676198862
3478 22242657.449726153
3479 13269809.954914672
3480 1235901.7681904114
3481 19519532.989313044
3482 1731148.9061592957
3483 20174215.982790045
3484 24363041.19179212
3485 7495631.869190173
3486 11433531.229972996
3487 13895320.85619063
3488 12359266.940362819
3489 24943069.72059832
3490 1163697.5605544485
3491 524851.2484797365
3492 5008163.554919238
3493 30292167.78365401
3494 1473817.0835204888
3495 19521895.082585886
3496 9522374.074578345
3497 3338439.4315125532
3498 677721.0932193482
3499 4705042.193539346
3500 8498572.828123901
3501 14528659.513759775
3502 9559020.606682757
3503 7118100.731077716
3504 7046038.287828997
3505 12229677.796634663
3506 16340252.679613966
3507 13274376.039240506
3508 12393698.021799121
3509 2929647.9380198466
3510 8314781.968158871
3511 9642784.87387652
3512 20018333.543004386
3513 16680085.351298397
3514 2498095.591075108
3515 12590392.115238946
3516 7139661.419942576
3517 25356312.68789815
3518 460176.32544851303
3519 7429387.549369224
3520 32199390.106451582
3521 20693240.326764733
3522 22445194.567798853
3523 27027606.087736104
3524 704646.2679320765
3525 13289611.802553974
3526 19903029.71218446
3527 10986330.976057483
3528 18186919.35167862
3529 5347114.449092282
3530 8275075.6007369235
3531 12233349.079424767
3532 2949094.0917732753
3533 25633175.74218137
3534 16360177.322814345
3535 390567.3649365809
3536 16930562.715750404
3537 23359138.825529292
3538 2512874.3119975533
3539 3635251.933345369
3540 7757.769411312882
3541 12414760.837407464
3542 25243115.02404073
3543 19721584.040890537
3544 12725238.5997586
3545 9910892.771491224
3546 9707803.07723602
3547 5249856.981208956
3548 2299927.273640007
3549 1091017.1074900217
3550 19788925.460431334
3551 10964399.171498792
3552 7314469.970996872
3553 1879995.0191720487
3554 16021173.757505829
3555 6857295.078067372
3556 4287651.890287133
3557 1484328.888529705
3558 2813973.683543092
3559 11358019.768605188
3560 10354393.445419468
3561 4044580.1890762337
3562 14418066.316570088
3563 3196330.6743244044
3564 13956138.074345965
3565 12711249.116641926
3566 5215336.581123056
3567 10689697.609979138
3568 7473706.5367293535
3569 14592251.468118995
3570 32544158.862532005
3571 12480153.752297878
3572 8277430.339445706
3573 15591439.148366045
3574 20802020.48535328
3575 18080441.23066871
3576 6802849.606457241
3577 2931676.8886654726
3578 11159116.816586958
3579 2202255.6587345526
3580 28972677.37802423
3581 2563124.2220105166
3582 4872490.912802444
3583 14122664.015192268
3584 17524503.015481766
3585 1457451.0765634011
3586 20809754.38486153
3587 5426771.747699146
3588 4437020.82477169
3589 1219396.9618903948
3590 14182391.23980239
3591 37808277.38227551
3592 1606835.8224448846
3593 14568403.578906734
3594 3888748.014354962
3595 11535663.43059171
3596 37917647.202636674
3597 5174477.035292139
3598 14963115.227036763
3599 6948511.447999269
3600 99852.02527731005
3601 9220931.284412244
3602 3477817.6811106526
3603 34312045.602826715
3604 22852296.64064353
3605 12318286.169003582
3606 4843621.978346394
3607 3964116.2241679197
3608 15144285.021598006
3609 17621655.180902332
3610 16404574.609764177
3611 18191805.410106175
3612 18433207.225013506
3613 5586991.747179792
3614 3073066.731328624
3615 11561711.183531892
3616 7733552.434718996
3617 14434843.215085309
3618 28853855.757470746
3619 14116696.674263177
3620 23694305.56133321
3621 6068200.308148129
3622 5719750.7949025035
3623 11920866.681000937
3624 4224373.77603124
3625 14445640.239207862
3626 7492050.8920369325
3627 8143298.365605906
3628 50487832.28006334
3629 10392151.401441343
3630 23468223.937761284
3631 1716271.3679702252
3632 7609126.35265603
3633 32361422.638924737
3634 10074219.890477989
3635 210726.96676264517
3636 6669249.710176566
3637 1295118.7228811653
3638 228141.00491544232
3639 9822195.781231165
3640 3466999.4933959637
3641 13478111.154664297
3642 15585168.089043656
3643 13892200.691046674
3644 8913746.657373276
3645 19190972.631602615
3646 6222345.226780078
3647 915352.8271127231
3648 45681845.31098984
3649 3864858.024614513
3650 23799606.96556392
3651 14068476.093501102
3652 10339199.272185769
3653 9284559.495628249
3654 13476950.569565773
3655 4130095.1292836345
3656 30465355.26185494
3657 11180326.648102257
3658 7147422.713119816
3659 14702811.790801235
3660 24614882.292726584
3661 11884001.686774291
3662 4094329.367502873
3663 29667421.66586367
3664 16583628.353996588
3665 10942543.199624825
3666 4205788.062593285
3667 12933005.514573898
3668 19873636.276184395
3669 18986246.621815242
3670 2198318.4590411657
3671 23241729.473623607
3672 14286926.422037233
3673 24849720.605945207
3674 6750694.084765087
3675 3027439.9200557806
3676 4522499.969968326
3677 24788661.6339988
3678 15630316.067728888
3679 10007624.586704561
3680 12097979.911396232
3681 14030027.227202361
3682 15507506.529814495
3683 6596310.790909
3684 35253388.297557995
3685 31074413.001000702
3686 8477725.122315072
3687 14227549.742838409
3688 35419.75755067123
3689 9719431.498109166
3690 8398030.577476557
3691 18813362.072948754
3692 23520474.591062594
3693 15932518.40955602
3694 6673389.08102599
3695 13657261.549820699
3696 128394.37158935284
3697 2653803.5381071568
3698 9826830.502500596
3699 5977967.266183043
3700 32569286.70064417
3701 4071645.2579650665
3702 20830952.685759082
3703 6990804.346547483
3704 1941785.9049650673
3705 26544061.844160628
3706 44246102.447953224
3707 4586993.502178073
3708 3284598.373133151
3709 2995539.6696266155
3710 11975806.143173723
3711 8455212.34146764
3712 9505839.307937033
3713 15329959.26164515
3714 3528219.161901293
3715 16173524.297156518
3716 16588606.796393503
3717 19215490.522799462
3718 24529466.999803796
3719 2274703.618667699
3720 18215392.591610685
3721 12662680.538287371
3722 3659098.477984621
3723 19309339.592316903
3724 103491.7454456999
3725 25780291.773817115
3726 11869427.869346071
3727 8010937.577440792
3728 12915751.231164332
3729 17224456.94163596
3730 17717578.401606057
3731 1768395.980554516
3732 30775506.229022384
3733 4990180.825589923
3734 22336199.013705254
3735 23240120.043396384
3736 39356148.142783165
3737 50881685.883700155
3738 1607862.6437142259
3739 24245714.713315412
3740 6158649.408160401
3741 7102003.241863327
3742 6888566.402829669
3743 10937141.464309908
3744 10625308.003081974
3745 4814604.13881769
3746 18507917.615034778
3747 12073138.33211198
3748 4009176.2332788287
3749 0.0
3750 16391245.702974688
3751 27869116.934109084
3752 114388.45375174517
3753 17180588.717830457
3754 9064170.048989573
3755 40341215.41407962
3756 37528852.762455866
3757 7538573.701909037
3758 14519689.587108007
3759 881046.221524779
3760 2190721.4945376646
3761 15282402.768333392
3762 5511804.540993793
3763 8748491.044446182
3764 1070635.7362081613
3765 21208567.59874533
3766 4435038.44439997
3767 21614187.9464755
3768 5849239.47147526
3769 2728226.9069124376
3770 19908307.58368271
3771 5967046.0692978725
3772 19187099.978970364
3773 6653456.018761505
3774 16715976.596837467
3775 4767000.268031716
3776 5299873.052488289
3777 959835.814520495
3778 6655881.808998703
3779 21581342.793605212
3780 396574.4636720624
3781 23194609.13766841
3782 1557916.8643382885
3783 14421043.176901197
3784 6110138.175117788
3785 13387459.558691792
3786 6116772.305185515
3787 12519375.423559617
3788 5138700.230097667
3789 19922313.298954338
3790 7019917.634174388
3791 20105495.43439591
3792 16161843.709437894
3793 5504976.127936773
3794 10236249.221774891
3795 18684403.381195284
3796 13395104.066216303
3797 21953893.047773704
3798 9204525.42773708
3799 6007064.031737689
3800 6915257.886248669
3801 38237374.03191388
3802 2195709.09123684
3803 16764170.555866754
3804 2956089.6879158486
3805 954864.8364852974
3806 12988806.826881768
3807 8015790.421983969
3808 14897376.115546169
3809 3280204.4258684693
3810 18063716.468919996
3811 2467445.7570368843
3812 4910490.001439345
3813 18957320.016346984
3814 15169054.506105976
3815 11430078.835852299
3816 22409343.217714235
3817 11616589.349052431
3818 12851801.086536152
3819 26597328.73665519
3820 540547.6932130558
3821 5292637.58895372
3822 3339065.3364079185
3823 9839740.37046561
3824 36404263.74618307
3825 28677096.848895036
3826 12604289.79402101
3827 6181317.508621376
3828 17763405.417855475
3829 6042633.468699275
3830 2985403.981607076
3831 572466.402097825
3832 1287204.7229315024
3833 25423018.098313272
3834 209247.55411486886
3835 25518895.293559536
3836 7290079.2347302325
3837 11020675.534890682
3838 5377325.19489634
3839 5961829.955876714
3840 20625351.106344927
3841 14524249.388150293
3842 132081.35467886017
3843 8974806.550240025
3844 12970261.761787014
3845 8918586.682933064
3846 1495748.968887474
3847 11535112.149699498
3848 6575767.548670005
3849 4962130.2665606
3850 17500142.596791826
3851 1057459.5700018932
3852 3205340.406930452
3853 13051812.221359955
3854 5975049.873512704
3855 429230.5914015195
3856 4634736.672406944
3857 16789923.132869735
3858 3833639.078356238
3859 31014479.58585473
3860 8325112.653951387
3861 1861883.8729277547
3862 24737526.204539593
3863 14855130.291744735
3864 1699085.3483395604
3865 12474565.126370389
3866 7024706.668814321
3867 3963038.8633477967
3868 2655627.419852284
3869 4343427.952228917
3870 34565249.835505806
3871 5233633.488591215
3872 1465839.0411231574
3873 17480417.392967906
3874 38777570.63387256
3875 7749786.204710204
3876 9351463.407747734
3877 41155032.49554382
3878 2293913.8663154636
3879 16139557.725324016
3880 4045582.4823357873
3881 8343316.588027835
3882 2732817.7070963504
3883 4085704.6047490723
3884 7000874.64640396
3885 2793123.2647925382
3886 6379539.840784136
3887 1933954.679618407
3888 819459.9664222747
3889 3458239.1363598793
3890 13867095.649637438
3891 6939899.914936081
3892 1639955.8826524015
3893 1268474.4701199858
3894 9186861.109078176
3895 5560415.262216079
3896 582969.4821606427
3897 14529822.935810935
3898 12679782.615637038
3899 9087552.569822067
3900 17932085.601271283
3901 2765518.377596289
3902 8372616.216751002
3903 1527947.0610356182
3904 11967352.441443011
3905 7549337.93372092
3906 21091963.390722446
3907 18580192.818794556
3908 6057811.654829797
3909 9807283.276999582
3910 9764300.648500359
3911 31465339.5476937
3912 31390508.56032551
3913 8835531.845099092
3914 14315604.658990774
3915 4357537.814655721
3916 3113582.8395120054
3917 5776200.070779859
3918 19961296.78324981
3919 19405020.595966145
3920 16052582.347594775
3921 6691959.978413974
3922 2336787.907452888
3923 25946510.64340039
3924 8096822.5262873145
3925 15912395.315168362
3926 5657909.75153318
3927 22736306.200097214
3928 1121528.3148478442
3929 1350544.2677868865
3930 16976067.459214617
3931 25806834.215599623
3932 9863432.74033931
3933 5091166.9594481625
3934 6920934.362505486
3935 5847580.092124725
3936 22674939.788554847
3937 10902639.214137152
3938 653867.2616046201
3939 9002118.896249633
3940 12706917.650961146
3941 10614680.848789843
3942 3934955.0334968194
3943 3266710.4542158176
3944 7671074.111093506
3945 4515495.638019209
3946 23898059.547052976
3947 6351539.582231816
3948 2825558.986720478
3949 9788582.289783232
3950 27541507.01741723
3951 26720653.854772113
3952 13548539.52777572
3953 3819549.3267273474
3954 5775320.005781133
3955 5208128.275458081
3956 22494232.03191106
3957 34642788.19085187
3958 7284087.137064459
3959 7098931.699909035
3960 17295206.558159444
3961 19979077.594151586
3962 2687785.7834255206
3963 7405127.164261002
3964 2580928.9020670215
3965 8709295.867292652
3966 17202759.262315728
3967 7750206.994334814
3968 9209868.640919097
3969 36393362.00564305
3970 9663728.897670317
3971 26762416.06231182
3972 7532253.102714682
3973 8274091.802343647
3974 1717788.9344137786
3975 11648715.159242019
3976 25223381.864764906
3977 8753009.544608459
3978 10805469.092082512
3979 2052422.3559791967
3980 27111581.471005216
3981 36016248.12043756
3982 13644143.297421865
3983 7351754.320674504
3984 27050497.745482363
3985 20494974.298973434
3986 5853705.673105533
3987 36774206.01969886
3988 6201128.500728014
3989 2609274.86950331
3990 15754937.624303352
3991 13700521.280572265
3992 1515200.3359017596
3993 970034.1699555591
3994 4245620.673930816
3995 15222078.055939531
3996 13352673.180690456
3997 9676739.96760393
3998 10743088.739244733
3999 4553382.347130016
4000 7748846.801988196
4001 17775622.014178813
4002 5733366.979806223
4003 41268108.55279176
4004 17178716.824138567
4005 3857249.6914161877
4006 21802198.9078536
4007 11414335.230819957
4008 19646665.85206947
4009 365613.84746921156
4010 11210466.117712758
4011 24431327.937962882
4012 36774723.70250425
4013 24782480.480930075
4014 8812624.681558061
4015 41947260.66417378
4016 26289466.217968162
4017 21635296.150455512
4018 2090369.8293852569
4019 8764679.379935125
4020 5728849.799508467
4021 16635266.327203332
4022 6604124.799421042
4023 4490328.414715549
4024 36379879.99774081
4025 7680130.425403159
4026 11505875.178041868
4027 6179502.326235654
4028 3368689.2561897878
4029 12827743.117980532
4030 6697204.541390903
4031 1747064.6123967953
4032 6566794.598232903
4033 6631407.033825092
4034 743875.7883206
4035 6906969.22158745
4036 20968644.377665296
4037 1853670.816822885
4038 22321104.616682433
4039 14259875.151432823
4040 3884274.9895406887
4041 14938289.380804148
4042 12913180.602266
4043 10988832.642079398
4044 21523519.37422738
4045 5726917.639294688
4046 16737077.00985273
4047 1728743.0840496887
4048 17224649.064718872
4049 21144212.039677966
4050 10340960.82651253
4051 696053.6961564384
4052 1741135.331481522
4053 3824196.1884005535
4054 2934661.8324812865
4055 16626824.721720926
4056 4414328.648959547
4057 5466819.73402451
4058 23311373.97113143
4059 13503295.11335938
4060 3416581.5023558326
4061 5490455.197771456
4062 10775046.290019663
4063 2930892.1203668527
4064 5455798.9063943755
4065 4922310.999940073
4066 1993836.5701214238
4067 7322285.815820935
4068 6760936.198006396
4069 8752657.307327408
4070 23183081.234329518
4071 22218473.42089318
4072 4487944.846163687
4073 11879483.453377008
4074 11862767.925329655
4075 2792198.5072491067
4076 9844207.22626857
4077 21139488.867441267
4078 41505018.57508874
4079 669508.7167270435
4080 73912.05117166974
4081 1748130.0930929617
4082 22153663.340043686
4083 18387979.767495237
4084 28588452.012884885
4085 10097800.603120267
4086 40911729.394821234
4087 33569160.08802139
4088 1193525.6497562835
4089 12783637.621177718
4090 26101182.45676983
4091 16018959.479588771
4092 17321165.623349078
4093 11667445.429752901
4094 435890.89322234597
4095 12511818.970730174
4096 9434334.689180987
4097 20632580.312393427
4098 6800712.073705615
4099 30894190.793694627
4100 4114985.2544786585
4101 5973610.999272071
4102 7615075.483542427
4103 10088177.84085384
4104 6925729.2560889125
4105 2257670.449575536
4106 23474549.734086692
4107 2900174.045671801
4108 3047401.2085329415
4109 2054058.4881564728
4110 1638639.2068790346
4111 14782593.39525504
4112 1283055.0996105084
4113 13676501.502437122
4114 18802022.364023738
4115 16431074.857313536
4116 7321628.802287485
4117 5748361.297253558
4118 21419662.5068387
4119 2152747.3841800503
4120 13322295.874503374
4121 12645768.93391575
4122 1780040.7342984
4123 9230228.070752352
4124 8845425.596027091
4125 8851361.000817718
4126 8245399.876695695
4127 19142496.507407807
4128 24080838.7515287
4129 9989069.92957944
4130 10989024.957548987
4131 3660762.80535941
4132 8189103.2672478575
4133 11781268.32414864
4134 1760315.683791902
4135 3957310.672960953
4136 10693475.974054758
4137 1070829.5953518413
4138 17468497.027179554
4139 2611140.82666488
4140 4322622.14601608
4141 4478356.301979074
4142 17645151.83979837
4143 16042049.609618858
4144 13868315.666969871
4145 3441853.1511123423
4146 20630077.384056576
4147 2958248.8847954543
4148 13869159.612558587
4149 9151770.421777565
4150 9664233.129416833
4151 664818.8650648929
4152 10296831.112175759
4153 27164455.971129715
4154 5485327.7442139555
4155 16665140.864937536
4156 21839943.786569953
4157 26838457.56947429
4158 5348997.591644211
4159 6594412.487936618
4160 8483363.506312063
4161 4416135.50863378
4162 4698797.035656599
4163 10334042.867304085
4164 14943899.75413668
4165 5456185.923736757
4166 404949.92214694433
4167 21494269.976826787
4168 3809559.5910315122
4169 16493093.624898925
4170 13062492.736867229
4171 16175577.655268151
4172 13291639.410552263
4173 24341073.03984325
4174 4532210.262394879
4175 6229688.3477677945
4176 20298068.002353538
4177 1157882.76877526
4178 1125135.7450057724
4179 25514852.885027766
4180 2080501.002594539
4181 4407842.092029747
4182 15695422.89865242
4183 4677088.733025167
4184 21491614.725454897
4185 18632347.207369532
4186 10170590.350050056
4187 5870975.674892738
4188 6709833.819393825
4189 10875267.03057068
4190 6915182.662934498
4191 9706061.40032554
4192 640346.6855839975
4193 2040704.0272528995
4194 27107897.58887235
4195 3500582.152180925
4196 13012370.493118012
4197 529391.7835585172
4198 15439546.341499943
4199 4803354.830579897
4200 30568198.76747417
4201 200100.16254789662
4202 3126757.8415206918
4203 5499478.455023555
4204 17195894.111747034
4205 4652805.9164999705
4206 23517364.1316678
4207 5562376.192551336
4208 8125016.019426527
4209 11892467.612142658
4210 16466475.944163568
4211 16973038.641077332
4212 7197787.146590928
4213 52957461.89961114
4214 2965739.0552919023
4215 15935093.677340755
4216 16597725.813992143
4217 201952.86089980789
4218 2627208.136503161
4219 6883116.073507389
4220 32838716.94220537
4221 5353378.245952575
4222 2212758.426230883
4223 8070530.212349312
4224 1022985.6167266332
4225 28949663.004107237
4226 9864092.305437647
4227 10205213.69448337
4228 29897248.762620375
4229 22019611.10092709
4230 24420681.82519123
4231 20155836.36395252
4232 4753458.426830716
4233 1659270.3490301445
4234 15365199.65817156
4235 9577932.975178074
4236 11165020.303025309
4237 13993163.300065441
4238 2452325.955204374
4239 1398849.69521592
4240 31961708.67782567
4241 6903020.327950975
4242 9088916.110840257
4243 30424084.771087587
4244 7921470.405780371
4245 13068737.407905461
4246 10209406.843866568
4247 9119208.778200127
4248 9813203.091157595
4249 15792510.898342758
4250 13746529.80420515
4251 27186965.849859744
4252 10638995.980351329
4253 15251216.905187245
4254 15868770.679226192
4255 1878308.6426782385
4256 1251346.4590955158
4257 7213447.939351566
4258 4563529.7264816575
4259 120709.27212516917
4260 6089846.8917512065
4261 6697107.388196779
4262 22987692.2844487
4263 4873816.702186759
4264 6419842.673863743
4265 11994691.282869304
4266 11277046.402841836
4267 11313272.123922039
4268 138247.45822636597
4269 17407543.348466925
4270 30347177.8206438
4271 22975628.415104393
4272 7877652.184537538
4273 1233327.5179205541
4274 4752671.756694591
4275 13165319.12088442
4276 740916.1918127304
4277 15587172.378620526
4278 8399984.41937384
4279 819987.2192914346
4280 6460463.971571981
4281 14077037.312262543
4282 24660457.260597203
4283 1626132.2450657059
4284 680201.3150963839
4285 15246643.912568942
4286 9631061.445160097
4287 5420334.262239624
4288 8529272.917068008
4289 42667372.27524002
4290 586688.1263145227
4291 6795104.014934605
4292 330432.0157519076
4293 12877933.081737433
4294 11745901.974284269
4295 1940770.8365716827
4296 10399748.807174034
4297 7587793.432784143
4298 29521607.583010808
4299 10451584.944733802
4300 3148463.5157069163
4301 18086415.84999232
4302 39454734.560165666
4303 16581162.106760181
4304 2718234.5564942937
4305 12297546.872616295
4306 6003258.160432538
4307 419368.6391291693
4308 10207100.33638167
4309 9626604.818157773
4310 8458803.79159306
4311 2036920.1521705622
4312 6726857.5390367955
4313 4983734.600011598
4314 7322251.515499115
4315 34351055.058553815
4316 10346101.968574805
4317 2530593.8153180126
4318 22369057.986009523
4319 1178649.6053727255
4320 7103350.204447831
4321 6721890.647873696
4322 2253965.7900858745
4323 11077483.54222203
4324 9506299.756165609
4325 91669.31296289433
4326 311545.53295078315
4327 232120.49872059422
4328 1036039.3763407147
4329 7373897.737948187
4330 2237026.227575673
4331 42211001.27881867
4332 5246134.669599362
4333 20825228.53115075
4334 2233894.670518931
4335 8590738.87131425
4336 23655862.35410907
4337 8413269.150451764
4338 30770556.651505914
4339 4549253.0348299015
4340 21797966.181338377
4341 662031.5385730374
4342 15280831.028437048
4343 27314819.954889838
4344 6385780.157479618
4345 15360688.802335806
4346 10050947.220536936
4347 7887811.83555983
4348 5137138.887786135
4349 9564486.728259379
4350 24039465.150007486
4351 13539690.638268605
4352 12689726.853395492
4353 19236908.598101486
4354 24980917.027595416
4355 28748083.14046712
4356 24169062.757628173
4357 20032671.231518574
4358 5782086.959164862
4359 18729227.178497933
4360 16159638.576694882
4361 9919623.587633373
4362 32807150.064063612
4363 8344392.719425544
4364 18262140.32271618
4365 1419118.4255867992
4366 9706901.335042862
4367 22872899.34688476
4368 13703685.920270165
4369 655600.4649821892
4370 22953378.576181706
4371 23466749.200864434
4372 5383085.097374221
4373 2143809.919842091
4374 0.0
4375 9037904.787378864
4376 23052232.81161062
4377 25297471.471569356
4378 5347977.637789154
4379 294304.938344677
4380 12719787.31863527
4381 22131166.193056524
4382 7304614.479337857
4383 23725806.04624066
4384 125969.56755173462
4385 2739191.8863379396
4386 16377799.988863625
4387 3616319.567977231
4388 16917208.315734357
4389 2490489.1178435422
4390 7958981.054089895
4391 6348686.409095047
4392 16299046.334594041
4393 16168082.177711591
4394 5758980.342778277
4395 14312238.320281424
4396 7667446.376905158
4397 14758774.720067153
4398 7991964.427139396
4399 25320903.334307127
4400 6988488.424205073
4401 12362539.780922303
4402 17554377.56349711
4403 10263040.179613298
4404 22698907.136796452
4405 12422754.229445487
4406 3369141.020785138
4407 9854235.537931457
4408 3090770.9833985213
4409 19929230.709357385
4410 11261073.13877526
4411 10236143.789608948
4412 280353.3078260273
4413 1716076.6020707507
4414 2035765.9171936586
4415 3624242.0176669173
4416 5819901.076798753
4417 13284471.823702235
4418 9773719.280653868
4419 3920932.2127728593
4420 9295746.857020434
4421 7130216.389332606
4422 11251761.52780151
4423 2371861.1266876194
4424 12466514.46455445
4425 6275168.86087238
4426 14900234.727930576
4427 687903.8339440259
4428 10400688.615902176
4429 6114051.275560867
4430 5600259.714205608
4431 3675837.3780638305
4432 10531875.034159575
4433 4921586.571547779
4434 7013552.026911164
4435 930433.3555490924
4436 7473105.773424817
4437 403518.07334074937
4438 14830641.1770853
4439 10682397.85583677
4440 1503401.074303151
4441 7108794.737207258
4442 985498.759490659
4443 3405961.1110002734
4444 7363526.796312091
4445 2408186.470793751
4446 15923413.514351938
4447 3013631.274679298
4448 25706598.557536338
4449 2381722.498366151
4450 11473927.876108712
4451 11288765.124056742
4452 1071854.414898289
4453 15067981.334617637
4454 48159410.93562613
4455 5855449.352818776
4456 3561761.7651186194
4457 6722823.24348013
4458 38919.915574034676
4459 2686848.849834878
4460 15360318.597390233
4461 6235891.691561846
4462 21452198.488049343
4463 10029052.424901325
4464 5957300.900342479
4465 15427395.947353074
4466 18278212.17268213
4467 200782.68438027147
4468 4988997.47350809
4469 10811754.009363102
4470 1442241.250528168
4471 8293504.255536369
4472 9615745.125366863
4473 3241118.1887177397
4474 7402054.454557093
4475 11439474.143059358
4476 639489.7200359819
4477 8319605.805887397
4478 19137342.28845133
4479 9706538.686357452
4480 12044487.671063732
4481 4012798.875847332
4482 883000.335808089
4483 15179573.373418717
4484 11032419.678271422
4485 9412387.696437184
4486 15891556.506505921
4487 19787935.797504835
4488 21675989.7314295
4489 1044146.9074896257
4490 3596539.078607074
4491 326026.25876620784
4492 7640969.4017528575
4493 3453499.4665873973
4494 31810218.723942354
4495 1324987.3213760853
4496 2716436.5918134963
4497 4723712.381962027
4498 22179021.548100956
4499 1640434.4472286198
4500 7910103.320059323
4501 773676.7594618602
4502 12703684.212516734
4503 18828403.680225775
4504 5614996.0619482035
4505 125815.1430146955
4506 6733266.837157224
4507 31842703.90944162
4508 36330082.8514671
4509 8249570.215673701
4510 23043228.410015643
4511 44643948.60135305
4512 22760151.273680545
4513 16600192.42664392
4514 6685114.4867146
4515 4806240.476658118
4516 3575103.5549267624
4517 10132206.07555412
4518 7578725.269906914
4519 1582805.6075857952
4520 8329329.791922741
4521 29170903.27415362
4522 18138926.06665986
4523 2781297.8060291065
4524 9785333.871625897
4525 1244211.0262565594
4526 6863929.612726332
4527 22141818.78844356
4528 4217561.789881126
4529 4087324.509345453
4530 392530.876121602
4531 14904851.550970156
4532 23856853.031340502
4533 962573.982019633
4534 11974114.800254684
4535 2739638.058173492
4536 12411743.6740314
4537 15031927.833593775
4538 1541560.4769996954
4539 13960901.75470221
4540 16726017.173682746
4541 2563799.7834712993
4542 22939944.47410993
4543 20406729.378957275
4544 1628995.4774504835
4545 3374639.3172720345
4546 10230165.05316509
4547 607320.6786884093
4548 16221971.359441422
4549 10435535.21892123
4550 6814964.712683734
4551 20591667.279796503
4552 10116868.733991126
4553 17145431.33544354
4554 829501.8683459386
4555 12249867.229134912
4556 4674516.382445209
4557 10014503.835266339
4558 17951467.98371303
4559 5576309.68658662
4560 20760462.423008766
4561 17575488.897848092
4562 11072400.599088686
4563 2947832.601353618
4564 8984271.633967038
4565 349192.36009832285
4566 5706354.104455963
4567 4584450.437111373
4568 15713093.883365953
4569 965144.708503414
4570 24860227.7742536
4571 5057035.271641634
4572 7092351.939110056
4573 27542440.13487693
4574 607142.5806145389
4575 2275420.8986183554
4576 3121527.001515176
4577 4102079.251883601
4578 4318337.662850957
4579 29949826.86223323
4580 13486883.778177656
4581 34716328.6083637
4582 14124407.043242676
4583 3499693.258457665
4584 2970812.2193008754
4585 4508220.998785207
4586 12154807.70663884
4587 4940303.962376319
4588 11937318.32903563
4589 14933508.641886618
4590 8885064.465220466
4591 5020979.462887818
4592 33834066.355172515
4593 1306424.6322752964
4594 13433045.38670979
4595 11604378.319496727
4596 852736.8367842026
4597 24350117.18882417
4598 4728486.571227118
4599 15792684.143081486
4600 17228838.387380112
4601 6176662.846843459
4602 14551043.242837533
4603 11822888.044941306
4604 12639614.92266139
4605 11463705.530273698
4606 9456498.398275787
4607 2172205.8801992587
4608 1299040.4557898357
4609 49629867.92250683
4610 12810803.10496309
4611 17840028.32551839
4612 29000745.91507318
4613 8528992.038064107
4614 4547002.3895518035
4615 5195726.333479168
4616 4437915.1385125145
4617 130902.69982796162
4618 15528531.791961877
4619 19795514.625395015
4620 18156884.83997465
4621 3895684.093429683
4622 27362359.107096467
4623 13035959.177647695
4624 1539251.7588495128
4625 33898284.85581902
4626 18048796.782660216
4627 1957331.046003675
4628 2752836.409341217
4629 8542796.935723089
4630 24221864.672759004
4631 35287917.307893634
4632 13620544.126306076
4633 1731921.5504623568
4634 13174112.230103508
4635 9128234.567601224
4636 8147174.428056292
4637 2572748.287854733
4638 26131863.174968656
4639 7834943.793313123
4640 13899168.234758306
4641 6639310.810168106
4642 3577011.444993525
4643 3263175.2408811375
4644 26577504.912628785
4645 21526369.54211785
4646 4054867.2912959596
4647 1339373.2629891243
4648 15831676.724757781
4649 7702607.320719713
4650 13579150.600438261
4651 25707933.000344463
4652 636082.1671810634
4653 6422746.321869494
4654 10240403.987884317
4655 1405354.409743878
4656 8545380.845216451
4657 5117343.042963661
4658 31333021.94204896
4659 5595946.98896289
4660 10326608.760965087
4661 17356529.254134428
4662 3313417.0249336744
4663 490556.18283900805
4664 23929794.29400988
4665 22998137.811544143
4666 1787188.9892985253
4667 15988512.659564305
4668 19263068.262483403
4669 38352659.56773189
4670 1126459.5585410353
4671 2477845.4598115133
4672 6473033.716515332
4673 20404848.35473938
4674 13379101.979062065
4675 13468052.10796278
4676 3040861.4310928704
4677 27840857.1015959
4678 7339868.69568495
4679 17209046.264096595
4680 7895506.928457035
4681 2588631.470685154
4682 21669266.140644588
4683 14725615.55663056
4684 140105.1135152597
4685 5772336.239810102
4686 1076028.3113689856
4687 25522081.176564403
4688 13028793.711603101
4689 6493070.937274658
4690 47447447.8182177
4691 10323111.723872647
4692 18062582.820005726
4693 13265921.55372617
4694 18737788.082328964
4695 21082363.4703267
4696 1468181.7445891965
4697 8817948.464940447
4698 39259413.18337907
4699 1451889.3669682136
4700 11821649.118220301
4701 16163843.333035933
4702 4694603.8539096555
4703 43788813.27579282
4704 3549204.4338816437
4705 13898217.409588125
4706 6788987.143836743
4707 20848387.021684404
4708 23119440.048004087
4709 88975.50896427594
4710 6401529.233096472
4711 15594515.958459275
4712 16970017.869266514
4713 5352880.419590207
4714 18758132.27439676
4715 34536748.17572746
4716 12518154.446569182
4717 12165157.879133962
4718 12294546.92061963
4719 5018208.704759579
4720 9026546.81205007
4721 1827121.5614443775
4722 640134.5411061398
4723 4752672.763496486
4724 5364090.811495371
4725 544318.0548549611
4726 17457693.898695625
4727 11161198.199411202
4728 85941.63245080784
4729 10156865.084012413
4730 6888270.621863859
4731 123958.22914355621
4732 3758626.4194348343
4733 10285495.7687076
4734 34036528.38388201
4735 24954807.57723309
4736 6912229.387732714
4737 15494326.216553481
4738 20175745.081127696
4739 16095673.466984503
4740 5800894.020833708
4741 22240180.63373611
4742 8396108.639420813
4743 8893106.514801327
4744 22627478.137029994
4745 2763119.846857287
4746 8449513.886622388
4747 26491457.87747025
4748 18874412.867138714
4749 9789914.886205908
4750 147285.06442340277
4751 12181360.441479353
4752 27497396.05326535
4753 17671678.638757236
4754 12805413.089219507
4755 18870557.43204408
4756 2742219.878648885
4757 11210705.777568966
4758 309640.9122393932
4759 1578040.3940339498
4760 13404673.543109262
4761 32789703.7235713
4762 5963213.855400032
4763 6903913.632104581
4764 180477.5130566135
4765 19443073.145958982
4766 19203728.537757307
4767 10143123.004463118
4768 42405084.86164795
4769 5767010.535657491
4770 12645718.345080206
4771 12188451.376727168
4772 11927638.102299074
4773 280929.39068905823
4774 579542.9548711777
4775 3514056.0279060714
4776 11627471.29909119
4777 23355793.145990454
4778 11226109.484685749
4779 2005377.0575919682
4780 15475443.816309549
4781 13701258.008975806
4782 8975716.937740132
4783 1528028.1355143161
4784 3790172.7145323865
4785 14812820.00792091
4786 10955375.93020282
4787 8059983.589422129
4788 1597717.5865753703
4789 8434792.546183148
4790 3013958.1962210494
4791 22136908.717708364
4792 14120388.343259415
4793 6628102.577537788
4794 682557.8071056632
4795 1139453.293629989
4796 14525781.020948116
4797 15246292.889880214
4798 15216862.238704652
4799 3094178.61985578
4800 23695005.244469296
4801 31741555.51928275
4802 8904760.539238986
4803 993958.8603136726
4804 14897430.661101056
4805 12840450.330961784
4806 698764.9200381171
4807 2676228.614255638
4808 11803580.865708068
4809 11396892.308095217
4810 11296210.253434174
4811 10479348.986783026
4812 7626747.361652913
4813 9212680.109607723
4814 20316209.378536377
4815 7516992.060341474
4816 3480388.859464228
4817 4960331.541042548
4818 3089253.932690447
4819 22563025.868948318
4820 17923735.31576059
4821 23086688.822857592
4822 1670353.6223841114
4823 10339182.497183803
4824 505241.3775917068
4825 25481709.39618074
4826 19678661.085946724
4827 89060.57785918284
4828 2223379.627646332
4829 10915018.28884256
4830 7823178.132819295
4831 7674377.872581173
4832 15126213.314207438
4833 22843666.408239998
4834 6382275.121943815
4835 21469854.03122514
4836 17099026.060861044
4837 13802178.5532541
4838 12051269.95873522
4839 9439420.30432574
4840 185775.8254342787
4841 10122268.775564125
4842 1777355.1014775317
4843 16145316.12080663
4844 10324408.61759776
4845 6223677.6553412955
4846 44220059.37128905
4847 3037280.4929716922
4848 7079851.959871485
4849 4395769.750093212
4850 7954929.124363192
4851 15146627.200576214
4852 756564.7527471203
4853 18778447.299181532
4854 11589968.277780201
4855 45635483.23896904
4856 11056108.468927396
4857 12186368.430156402
4858 2586720.7751009613
4859 47938080.931544475
4860 12189722.325707944
4861 8876911.141914025
4862 33607569.70802682
4863 1409443.685949051
4864 9981661.04110527
4865 8241821.393382821
4866 4220715.787163771
4867 4170693.9937510863
4868 23580234.95677066
4869 12432313.028911762
4870 911877.0677557949
4871 12905880.12392125
4872 31459145.541256055
4873 13586952.023365593
4874 30243337.237616453
4875 12998775.660134334
4876 27204558.564624082
4877 6425392.172697963
4878 9987562.130767949
4879 6135815.351238923
4880 4206789.592626018
4881 2414164.472455629
4882 2390148.1573320087
4883 22789077.975562103
4884 21851726.31490038
4885 7971644.766294592
4886 7101207.928818673
4887 23232328.76485551
4888 2662359.5757112894
4889 6849231.300212061
4890 15787048.66103266
4891 21748438.569557276
4892 304078.56234074757
4893 1869997.4556609588
4894 2317713.944391476
4895 20419797.25282523
4896 8781350.13768671
4897 6258900.294494312
4898 7190182.331479304
4899 10982276.696511216
4900 14659439.64463585
4901 10836765.578951642
4902 7141368.92414699
4903 8461014.603036122
4904 5115954.400464417
4905 12428977.752764486
4906 8092191.031379576
4907 25166392.13960656
4908 9868140.011134002
4909 5921428.762537038
4910 6423123.270206582
4911 6758853.80414147
4912 6761482.031920811
4913 13429872.00648174
4914 24863685.514013506
4915 13089477.212130213
4916 14857599.800821122
4917 15550122.624665108
4918 5576409.907106882
4919 8864186.249384236
4920 2806428.6163156615
4921 9151435.292820625
4922 2233007.7788327327
4923 24385072.531078327
4924 3943102.0752905942
4925 6632626.087327707
4926 4422989.523027401
4927 7984571.0780735435
4928 17730434.000168834
4929 10600791.25398565
4930 1903939.8967268486
4931 27453384.125155486
4932 22371979.2018518
4933 2665030.0288009224
4934 37479925.467666544
4935 7074667.586609652
4936 27378551.983242527
4937 4198586.763440052
4938 24752063.416522104
4939 19160085.085736733
4940 6231999.020169193
4941 9070073.66741269
4942 7847303.761123648
4943 24704490.12189999
4944 16116961.738549326
4945 37906285.06721394
4946 4603564.360534507
4947 20909710.78423015
4948 4258334.031752711
4949 5408360.854635911
4950 33032878.808707774
4951 348533.3097963277
4952 24296023.041462258
4953 5793160.258507125
4954 4183536.658361624
4955 39725099.7726867
4956 6797337.924380379
4957 20690254.832754634
4958 10827293.971092306
4959 2888434.611187661
4960 23645029.968026787
4961 3558494.564780106
4962 1992080.1882509664
4963 12762372.89966985
4964 3411592.049235765
4965 26410337.613219433
4966 5183930.899248854
4967 26270285.409437723
4968 13888957.545230145
4969 15888104.452096162
4970 5590008.648162975
4971 3556348.8279877584
4972 2656302.863640571
4973 3787062.605391318
4974 5046385.663815901
4975 8023553.481265772
4976 5120340.12672003
4977 17363872.344980508
4978 3222226.718023706
4979 25684025.61859554
4980 25376961.481188245
4981 2582490.1097909566
4982 20081055.96589844
4983 1354644.2327457555
4984 3587934.351369925
4985 25332930.582657997
4986 150313.85601208732
4987 7704672.914123078
4988 5933014.785144262
4989 22899936.36835021
4990 3822448.5868733237
4991 17747646.870486073
4992 30145542.690688424
4993 5539738.265696472
4994 7294444.461688705
4995 13103368.037263155
4996 11745045.801982962
4997 20692763.838046268
4998 2635987.3373319404
4999 0.0
5000 2380737.0
5001 24045710.506727785
5002 5873131.188478947
5003 405623.5436832253
5004 2154069.0525070913
5005 5051902.253600522
5006 36587925.150803775
5007 13118733.880655818
5008 11800979.751360536
5009 1697734.7835025638
5010 6504190.250110105
5011 9552397.555877414
5012 10510108.05559416
5013 13734321.879396066
5014 7517245.629475255
5015 8594482.464487739
5016 5073271.078878805
5017 14378429.211771956
5018 4117821.3459318504
5019 20902139.490069665
5020 4855203.436447835
5021 34220048.38576747
5022 5462577.269584405
5023 2606363.8979474716
5024 4656878.882837754
5025 551570.8898724765
5026 11315422.337663554
5027 12073485.504382325
5028 16132799.866460988
5029 15244203.655343637
5030 4430601.428748902
5031 23402311.420204036
5032 20103815.453408323
5033 5450403.243131293
5034 16360816.060347242
5035 8515325.833170414
5036 20253383.37209241
5037 3975478.4464918007
5038 2051837.5057504587
5039 6613227.187937139
5040 12628041.394393343
5041 9186709.397407841
5042 4145336.808292876
5043 2905970.9108951893
5044 1587997.8179621603
5045 17455768.175280605
5046 721409.7470261343
5047 15415070.284107294
5048 13152393.86107441
5049 14048871.513768593
5050 17191743.77386439
5051 4367330.147577606
5052 141793.23188106716
5053 12644134.91234421
5054 1379694.7825841922
5055 16846955.77053429
5056 17638858.85780509
5057 892731.2727962285
5058 27212752.95913223
5059 15640577.925874684
5060 307034.9521958949
5061 25418659.05379978
5062 22116199.081798814
5063 21284255.431682535
5064 600312.6590982545
5065 3472320.301739051
5066 20403292.117951095
5067 729588.1586062983
5068 5089956.94862168
5069 23319685.41606487
5070 18100882.688038915
5071 923068.5238905046
5072 3844704.1432792163
5073 8857001.55274203
5074 9216605.64446825
5075 3141911.2808567844
5076 2820421.4822128825
5077 1230456.9493176788
5078 16030708.08920141
5079 12344942.897040432
5080 15466558.559971245
5081 9954763.254610209
5082 1758477.0841628257
5083 8535744.296948785
5084 11201618.378529502
5085 21562590.62487091
5086 5614381.3766730325
5087 19887800.668050073
5088 15038801.83944269
5089 2854689.914393313
5090 17504479.76147714
5091 9642645.53091402
5092 15358926.616780324
5093 12849659.207682593
5094 6184953.1488396805
5095 3150844.1853111163
5096 15138329.337717557
5097 15730547.680690223
5098 10625199.48798424
5099 8065411.8567764135
5100 19988247.81748101
5101 3044082.664832221
5102 1771541.9146498414
5103 8029342.915010221
5104 8227034.669345797
5105 6685885.419775951
5106 7089083.226773128
5107 40386576.26172256
5108 8749337.345622435
5109 1524650.1325863828
5110 8791914.52117924
5111 10371685.063027825
5112 32996621.631684378
5113 17604462.74282936
5114 469858.75266628433
5115 9451936.626239946
5116 259269.9336026376
5117 18356711.11416515
5118 4184486.983380089
5119 13246971.699280329
5120 6316153.328227247
5121 6582486.742705196
5122 8923392.818996975
5123 36224883.543959975
5124 20458497.55488019
5125 25190479.03554175
5126 15301859.550101396
5127 5814873.315594637
5128 2280365.9194949586
5129 11500086.976348734
5130 10443269.468532756
5131 15107282.503731173
5132 9416696.983448109
5133 15201795.181120427
5134 21614346.539185755
5135 9731126.817794148
5136 8663431.138574801
5137 10008998.770167548
5138 6779197.638333775
5139 31381591.12791158
5140 1621347.4639038257
5141 41242235.46454613
5142 10299321.045867959
5143 37049420.66149067
5144 38885911.7869942
5145 6759915.851871018
5146 775159.2710939972
5147 14480438.655582834
5148 825769.4098971002
5149 10536619.80427602
5150 22452022.707695164
5151 4585109.973976089
5152 4720059.802823408
5153 16579101.176321952
5154 1358594.2680464475
5155 742956.0938828439
5156 2746624.5901224054
5157 18267772.56802422
5158 4492619.446684521
5159 16650453.108087933
5160 3313214.1727127954
5161 15251814.916192487
5162 19380676.15234708
5163 17160686.657359473
5164 25789700.681635898
5165 11594794.787942417
5166 4827308.710249569
5167 2659403.108171058
5168 335417.2999495417
5169 3893980.4310032986
5170 3828762.756350491
5171 17802185.21558004
5172 4798320.312513297
5173 16473388.591682442
5174 5205534.876957865
5175 2037738.037526044
5176 10122116.773355098
5177 32396293.055035986
5178 14211050.358988456
5179 8222668.327741301
5180 17199234.881202944
5181 22841221.161253385
5182 5839733.919568815
5183 6501803.637963578
5184 2643967.438704867
5185 21222840.579924174
5186 10776109.74193161
5187 7635535.798009517
5188 6397275.2047197595
5189 489627.15683922544
5190 5674124.3257026635
5191 25679932.902915854
5192 207697.46705255285
5193 14567834.262547612
5194 1652999.1828105974
5195 3917343.1905303597
5196 15278148.014473282
5197 32216805.7334637
5198 16402502.72453471
5199 14433475.825026393
5200 1612483.7867259774
5201 7091705.115546427
5202 29383466.29767631
5203 14778945.602741078
5204 2460646.7891952507
5205 10542371.367057052
5206 7924782.912099101
5207 27085650.44468332
5208 4865694.388876758
5209 2396535.2253336245
5210 11331572.237923076
5211 3899976.7178066038
5212 3617212.74364712
5213 11985995.15753633
5214 26240945.12312163
5215 5521882.389904685
5216 666291.3873146959
5217 72602.40986505523
5218 9036353.733309064
5219 35901553.41237315
5220 7796025.6738865385
5221 23874995.618771628
5222 20520766.03225678
5223 1279507.8395435275
5224 18787005.23882021
5225 17774507.970694672
5226 6699299.278045887
5227 3628583.3011436155
5228 7379100.571224298
5229 11847649.670702875
5230 16678152.741557386
5231 6883508.158147397
5232 13643511.30771902
5233 2359986.6392035084
5234 30809268.530171182
5235 16020242.322469696
5236 4356746.640509415
5237 6194072.623189819
5238 3524915.2191671664
5239 37221792.11824319
5240 10446452.863722024
5241 13032414.56424559
5242 13924594.3740968
5243 1747611.2820734363
5244 6612600.557079989
5245 19163964.182529468
5246 5391338.215337193
5247 31929438.724676773
5248 1960115.3599948604
5249 2208391.588970526
5250 7193401.224349886
5251 8670704.070519214
5252 3250683.231464985
5253 15558521.092936143
5254 42064717.88927192
5255 12940834.646677244
5256 13188998.086560423
5257 1480933.250611881
5258 8569074.274431327
5259 2500222.7746959254
5260 4498879.780083476
5261 2970478.835311651
5262 40778187.081452034
5263 24700315.971646648
5264 1759596.943889875
5265 18419882.323850185
5266 10140837.491355184
5267 7748392.655044718
5268 5622562.6679772325
5269 15887002.657942757
5270 7626603.256457638
5271 14925590.120167436
5272 2780616.292122782
5273 21415903.37740539
5274 18711726.20083741
5275 5913879.5648971535
5276 1048745.5846678
5277 10297910.8860154
5278 30429013.06187434
5279 1065396.7761604206
5280 18495904.811733767
5281 10138819.23515039
5282 10982906.666082
5283 12645612.6966664
5284 34553374.02959063
5285 9046451.495058171
5286 14869245.303032205
5287 8487261.042862765
5288 4147083.2386060953
5289 3018209.8375353254
5290 16237695.907722373
5291 9982572.566432275
5292 11513177.555685725
5293 2267192.220649982
5294 1237683.641893996
5295 17063689.969826933
5296 1614047.1151481876
5297 5332468.437254492
5298 16645080.248228617
5299 29197300.709359646
5300 14166625.276843218
5301 14294287.504131274
5302 2570515.9941330506
5303 5049095.349031845
5304 17751786.94554253
5305 26163329.080560528
5306 3598100.769217002
5307 7067383.321978015
5308 47636324.50403535
5309 12013431.147405136
5310 21889098.355636574
5311 2870722.698919419
5312 11996824.052344315
5313 2579742.484977974
5314 9405386.056529285
5315 6863826.885666899
5316 5713919.424705271
5317 8477111.938841686
5318 691254.3414192973
5319 4951401.060529161
5320 19457101.316107307
5321 14150520.703573853
5322 24839705.052648187
5323 842513.6666337848
5324 18516569.31899999
5325 13569987.594042182
5326 643662.3992566294
5327 12993585.427179303
5328 12479191.52066333
5329 9786161.364739563
5330 20109016.82232546
5331 27871974.22738545
5332 16830280.322915435
5333 936168.1155409068
5334 17516226.69194179
5335 11181913.933545854
5336 33324709.46350983
5337 7456594.882168353
5338 14278523.019750167
5339 5668925.715582442
5340 3694331.7738643917
5341 15898262.960257936
5342 4836777.257907267
5343 23289022.037820607
5344 4983783.708091971
5345 5434673.115641296
5346 3921975.8422783674
5347 14841811.501694445
5348 5636205.434038704
5349 2314401.2837906172
5350 2631602.8806492724
5351 3906813.1404139195
5352 9409960.072078357
5353 28583632.004913338
5354 5174192.720098144
5355 241724.7883295808
5356 2289753.187784668
5357 16770609.535282617
5358 17211505.22553649
5359 3031575.7545134732
5360 15363774.185109846
5361 222858.28291041963
5362 12492752.220737774
5363 26401458.35548655
5364 14872644.571840476
5365 14273497.044331968
5366 17030194.600349978
5367 7251821.962752556
5368 7054531.435312057
5369 6731089.63125875
5370 88759.00461697765
5371 617284.2120670574
5372 5096611.241134137
5373 29956914.134616286
5374 7870782.866838511
5375 5707069.994929669
5376 21434250.895758934
5377 8858770.69673492
5378 8405328.087868487
5379 907527.9131775983
5380 11499349.271282967
5381 1600367.1283387244
5382 8922892.583184691
5383 17413294.74587942
5384 14528533.09391303
5385 4851362.084155383
5386 44336969.56031019
5387 6091131.4390278645
5388 22061228.928373292
5389 2110218.6113564344
5390 32025828.27347873
5391 7862794.885898615
5392 9156358.382430341
5393 34354180.34375416
5394 6781443.380066316
5395 4765234.094681202
5396 3660055.317967009
5397 902856.9701772267
5398 12302647.000191912
5399 5151142.401267774
5400 11829696.045450177
5401 14478893.56420204
5402 3733019.8151156316
5403 8827091.171450833
5404 7141715.7678635605
5405 17823529.788939834
5406 1292879.4138399921
5407 13805760.60159216
5408 595171.0064765308
5409 6084970.723144274
5410 3177284.1038919124
5411 14095283.78739316
5412 6615340.454940172
5413 2667166.0167764956
5414 98845.10555198044
5415 9597519.864971794
5416 29469065.78437885
5417 24976203.832387503
5418 7003448.829545379
5419 21903711.12102306
5420 4122154.70316088
5421 25599758.899824727
5422 11547918.1085191
5423 1866447.3222125033
5424 7893675.391179287
5425 6680942.504585773
5426 14485315.544633228
5427 10225994.749454213
5428 1393215.943049422
5429 12879359.138618711
5430 13090011.99407588
5431 15205213.439339492
5432 6189827.891166868
5433 604624.4201707463
5434 6898553.9446760435
5435 18421857.428699628
5436 5703736.900920336
5437 2443233.685680974
5438 29163911.011066094
5439 15787754.785166433
5440 2447191.0900134565
5441 4318966.880236007
5442 6772952.77544197
5443 9152004.615485208
5444 168440.22084750189
5445 5792689.825919341
5446 20521319.305694625
5447 21474444.86671883
5448 2425989.756767597
5449 8254254.430360692
5450 13536217.408733629
5451 21003681.125310875
5452 1256149.7593516745
5453 6592717.9339797115
5454 3545564.9266928583
5455 6057662.498585876
5456 14251963.931204451
5457 11767107.092606436
5458 8491585.58741051
5459 22345819.390847724
5460 2833167.515354859
5461 10250734.350285104
5462 8173810.544486854
5463 17278168.012824673
5464 2805117.161985134
5465 9149557.679242022
5466 9968246.028267747
5467 595536.9005519806
5468 7003929.323058322
5469 4204113.899244902
5470 15296095.13765268
5471 29687127.070124652
5472 2563791.1762042725
5473 8908235.99403818
5474 16732710.011395544
5475 20934169.583371732
5476 17766427.771646496
5477 4344934.5527739115
5478 5666894.582613676
5479 15381479.867207587
5480 10575127.470397804
5481 10580872.833290787
5482 15768325.219598008
5483 3387050.254186204
5484 716056.5180682666
5485 13827192.59316193
5486 12879352.29566954
5487 36064872.16705533
5488 13215091.418904096
5489 14990097.304330392
5490 35664869.288914956
5491 4740416.522913158
5492 10502495.813409152
5493 18929272.1500161
5494 6521591.933008148
5495 2845328.8174040094
5496 2382233.5188278817
5497 3044947.642009925
5498 15612189.015082318
5499 16800025.761148844
5500 20802466.64598157
5501 4767987.835205536
5502 4410727.308523541
5503 15209478.804658763
5504 16644580.020630673
5505 7098125.695129368
5506 154869.2521228426
5507 638352.1278785076
5508 2585763.78035553
5509 15203247.735287914
5510 3203417.7230653446
5511 3035720.0265588486
5512 33612858.90014218
5513 22286044.339742403
5514 25559814.353257045
5515 5415770.004960119
5516 9555804.581681397
5517 11146454.033076458
5518 3316654.04077951
5519 603090.8719599824
5520 5151050.385250793
5521 4442152.409350491
5522 2452339.1562208887
5523 4555368.943903385
5524 6548245.551850884
5525 27013234.560550928
5526 3995533.546512087
5527 13165848.786859551
5528 24388512.912158582
5529 4833745.846550196
5530 876868.0386391142
5531 7870644.618045423
5532 16694027.402998675
5533 1587389.3953785142
5534 10290805.906217014
5535 13935116.532538703
5536 4302061.98880264
5537 4089286.073337851
5538 6705801.2211506525
5539 3702171.835508679
5540 13930988.730221665
5541 105596.37194238929
5542 12892604.39269201
5543 9178415.321750855
5544 6751157.44840892
5545 734196.0943087194
5546 6645946.0776545275
5547 12862818.445530389
5548 13758829.935996994
5549 17130024.98236831
5550 8201538.987783263
5551 4463523.0737773795
5552 5360318.988253416
5553 16930019.269363835
5554 17328199.422451735
5555 15191120.621506799
5556 2453322.3321912503
5557 21842106.178448692
5558 519709.9235496406
5559 12339657.341835093
5560 6494302.903895862
5561 18753530.761215262
5562 30322967.120495316
5563 785630.6443602261
5564 26667220.34154918
5565 14150973.54423773
5566 17175108.08508852
5567 6785031.286744
5568 10050059.096972322
5569 7527344.116475342
5570 24415645.328405388
5571 6259126.075104444
5572 11685718.645613974
5573 443539.5692303516
5574 2809483.672491623
5575 4104111.1930194646
5576 23270014.78899582
5577 1710453.2825243254
5578 14970643.945839912
5579 8656371.657476373
5580 24995311.780186117
5581 3565769.1446628794
5582 13744996.91185675
5583 1301828.6646262924
5584 1039493.771257017
5585 21075170.663354088
5586 10910261.649691135
5587 2927924.5896788477
5588 2940690.551025333
5589 6850098.57246978
5590 25425636.52317705
5591 19654537.395141438
5592 17147203.755834773
5593 17639819.484789856
5594 435143.9245810993
5595 5935543.388910303
5596 20553779.924488712
5597 1715775.1308490513
5598 12106158.941895353
5599 22486539.450775422
5600 6758961.447781475
5601 8156736.801177486
5602 4446649.527490566
5603 7275527.587655848
5604 3409239.208050929
5605 6790250.534771692
5606 38494485.53518759
5607 5946940.723902765
5608 4051057.6464695707
5609 10044344.86640872
5610 8755124.330592088
5611 16107955.156874182
5612 14313686.631685138
5613 4215379.138341978
5614 23817622.903386846
5615 8399488.766281947
5616 19447156.9804421
5617 14252432.625910256
5618 6747291.456930196
5619 26618222.60543116
5620 19153029.63683892
5621 16349109.094289416
5622 13935330.988719516
5623 1002698.7656587819
5624 0.0
5625 2607301.0889690304
5626 24919855.96530666
5627 10142618.123220313
5628 371401.48707495537
5629 486104.0614579944
5630 35742437.16105759
5631 30106640.221480906
5632 1652541.9600699414
5633 12087526.993898906
5634 2536521.734020181
5635 9335289.135186978
5636 8867458.04563702
5637 27291440.019780084
5638 5237789.307847513
5639 3455336.5204931707
5640 19285182.417758834
5641 16742743.130372396
5642 12342502.04500312
5643 330640.74805625435
5644 10467669.77146358
5645 26835611.989739344
5646 10982610.96198639
5647 11578914.381938692
5648 10792512.871893732
5649 21704849.256026804
5650 128091.91120533738
5651 9191953.077746285
5652 3580636.4433599142
5653 9673034.18874855
5654 21053517.683624685
5655 33949387.68403152
5656 1500616.9042721065
5657 11312337.792569071
5658 5168289.566285445
5659 20000119.410249792
5660 23295784.438993037
5661 6280493.941408949
5662 762487.9489284798
5663 585063.6514274987
5664 76225512.83803226
5665 47728223.54776157
5666 6042008.388980474
5667 34210391.77026433
5668 3573213.3766330513
5669 11107954.227986274
5670 2090827.3220053213
5671 13683591.3335269
5672 8467733.100875687
5673 9737604.538207356
5674 19588226.96728079
5675 1599939.6697227545
5676 21718974.782537375
5677 285461.7920143306
5678 1303754.085379527
5679 12389372.87414756
5680 19791645.84194255
5681 23448827.711787853
5682 7751976.149673591
5683 8929656.92009673
5684 2656069.978186243
5685 2449388.5852426337
5686 2145468.7967593437
5687 7284047.8187363185
5688 19940777.238438684
5689 3976236.8326996267
5690 13972401.574009182
5691 9623971.7479872
5692 12487680.204339433
5693 23736481.442834206
5694 22574449.223718386
5695 20948740.00061464
5696 30704110.85555872
5697 8803815.138049329
5698 7340668.064675696
5699 29329324.67912237
5700 7616816.915547454
5701 9727232.363642272
5702 167195.12425752264
5703 8220277.690806642
5704 11791725.052361874
5705 10297892.712542135
5706 8903036.52939038
5707 3221669.3031020267
5708 20722393.55934386
5709 46671205.69336125
5710 16919166.986528803
5711 17599562.7906835
5712 13068982.434743037
5713 6792829.96773906
5714 14910491.099739969
5715 24061403.192918416
5716 3109203.680869487
5717 462606.63630161854
5718 10605479.581405926
5719 1192458.2746796012
5720 5888069.80462892
5721 879026.7095932923
5722 5867590.911738976
5723 14511425.686372548
5724 22485129.284157485
5725 29903547.498439267
5726 13189636.470204063
5727 13410777.665827222
5728 675067.8848478701
5729 13015707.840005402
5730 5682500.985133519
5731 7136011.162428204
5732 8568325.808035078
5733 2177896.283880827
5734 15961318.892966103
5735 17066722.50978835
5736 8542287.452867482
5737 3719756.8519425928
5738 17189174.150732487
5739 17078553.090159208
5740 6376207.588245612
5741 1189418.9629984093
5742 29823435.926770497
5743 1626086.3696434014
5744 13814931.193347763
5745 33888439.493579656
5746 7398564.479816837
5747 1553619.3074493092
5748 22446484.350289706
5749 16349983.310354307
5750 34532313.141970135
5751 22883417.789733738
5752 7833035.376467055
5753 9860780.766753867
5754 10130788.950063834
5755 1781378.2342400625
5756 5689415.611440308
5757 25600325.38833122
5758 11232040.126179926
5759 5163608.073540069
5760 7150542.817917112
5761 38222634.77956586
5762 23440131.26502293
5763 8030457.064245225
5764 31921249.445203003
5765 13487038.966883518
5766 48749012.244854644
5767 42620960.385785714
5768 13370987.519011244
5769 22998822.88375992
5770 7049726.092807117
5771 18642519.224382676
5772 5562769.969647219
5773 4550659.948318465
5774 12868732.405857388
5775 1315184.50175637
5776 13311557.299653824
5777 20401973.182959285
5778 6526825.012943016
5779 2622612.0011580153
5780 2375127.555860771
5781 4493075.373251734
5782 19244609.123038255
5783 14965428.28447067
5784 1757529.3291046983
5785 3515984.5688912347
5786 7963632.514928374
5787 678481.1676904354
5788 4666694.813835724
5789 18810821.825586833
5790 1646198.1762274695
5791 13571597.057711115
5792 7289892.09563216
5793 26951962.376181718
5794 12332575.223431695
5795 15025024.59201563
5796 22248088.87252175
5797 13946719.845488157
5798 604203.2731892709
5799 855479.7764824941
5800 7939389.926336534
5801 18244874.88587623
5802 9849331.545657786
5803 7174645.79974619
5804 10847456.197234102
5805 23939092.986650623
5806 24757805.421129167
5807 3915650.4298432097
5808 12013878.456046924
5809 1119138.9097217014
5810 7757131.501293606
5811 5372313.433802802
5812 5361932.157652147
5813 15201695.180952914
5814 3551394.7819251074
5815 10226377.066928709
5816 20854374.181413904
5817 18971425.62625037
5818 16336895.95791824
5819 3595512.51013975
5820 2396473.6406432968
5821 6414350.051053267
5822 11298538.04618827
5823 28950087.2289138
5824 7258622.849153537
5825 21217594.900900755
5826 4347095.032012836
5827 20009723.07937599
5828 8133765.160826002
5829 2161557.217584123
5830 2106973.044010354
5831 14900413.24941902
5832 10660372.887822103
5833 3831594.4301537424
5834 207580.94216841972
5835 8898711.59378619
5836 21389952.359580796
5837 3138231.8677742705
5838 292406.11284134164
5839 2619559.5202631587
5840 16019422.75692388
5841 17175126.46312057
5842 7491880.218484402
5843 10528380.924797548
5844 7587224.225303464
5845 6021538.141527189
5846 14874437.52578837
5847 22298975.37449071
5848 18584455.150010947
5849 10927390.417594686
5850 27783245.76248634
5851 8458025.133780738
5852 12063831.07554544
5853 3635579.281355059
5854 23804502.170139074
5855 29928040.666720428
5856 15701083.861361235
5857 6278058.990959492
5858 4716152.521575625
5859 11855084.428432005
5860 21358760.520105094
5861 13860376.21636603
5862 2789973.2880738527
5863 9514503.161635933
5864 12895975.392964019
5865 5551645.328392191
5866 2561352.9589733253
5867 27224448.751234237
5868 7652197.2751070745
5869 14787572.528854892
5870 19286804.480383758
5871 9472028.274649352
5872 2324446.569148616
5873 8436645.623243231
5874 3986240.3358830744
5875 11927841.076290485
5876 11060850.78317347
5877 9318271.900633343
5878 635486.0697226524
5879 42077292.07082195
5880 7102172.8585870415
5881 14263703.926077697
5882 7584333.733705387
5883 11631838.642375197
5884 2916245.125328186
5885 8720921.78717017
5886 10794257.079759832
5887 12366928.21078873
5888 4324877.212596628
5889 12820557.71642347
5890 56627.270917735994
5891 7322554.04905029
5892 4366618.452294989
5893 19268111.90450617
5894 13207658.407099534
5895 3136064.244592113
5896 7544363.171928208
5897 5614469.746783974
5898 8587927.816829313
5899 8229787.637119739
5900 33674615.73457782
5901 7604282.8191140285
5902 3096117.858895356
5903 1923253.2955010543
5904 14220774.497868098
5905 25154721.29163994
5906 16948307.774270773
5907 8990362.730445232
5908 6366824.690924405
5909 14944902.375420585
5910 13343235.6632551
5911 1772774.5107378503
5912 4249823.68223126
5913 15861208.405264031
5914 8711454.052052226
5915 9014840.28431728
5916 1009331.5287479647
5917 2561946.3771988945
5918 19127247.737932682
5919 3645039.9968348946
5920 59842731.78461099
5921 8390637.303197853
5922 15119722.304351814
5923 12325051.861661904
5924 12916846.807935296
5925 2028512.1965908092
5926 19476792.67963123
5927 7936338.438485286
5928 21197411.54942195
5929 10249159.603258388
5930 14324676.494512876
5931 10872465.451354392
5932 4596447.064372415
5933 22494824.1619268
5934 15157000.375711896
5935 349025.7907299176
5936 6195587.105698248
5937 31818224.18529845
5938 25584598.24262087
5939 9665626.689110447
5940 19819789.732810058
5941 1111661.1462995857
5942 6605022.425589848
5943 10499863.73400864
5944 9461813.844881076
5945 10564732.896088198
5946 6534767.727812568
5947 228539.45496568084
5948 37265286.52672127
5949 21306254.505336657
5950 3774859.627244126
5951 2811022.648638225
5952 34902595.14128475
5953 6703409.589943669
5954 17087555.45431785
5955 1275126.9725608001
5956 4086852.8111070017
5957 19810516.26976222
5958 1798956.3689106703
5959 10212280.08892223
5960 16116457.23026297
5961 8514240.096835483
5962 26375788.043095708
5963 14053804.173535854
5964 3789741.018642081
5965 13791232.343563277
5966 726195.4476958904
5967 20855124.14023757
5968 11779848.92582934
5969 4590901.610829823
5970 5518932.912875091
5971 15801190.775060112
5972 3070495.05239461
5973 6984101.082773462
5974 14185919.170041986
5975 6404457.352848776
5976 3935379.5312513337
5977 22260462.414976038
5978 18538652.532784067
5979 12388294.053704234
5980 6178527.848356897
5981 10658908.49573681
5982 30147139.451566223
5983 6315601.582357377
5984 1296499.6967326826
5985 17786014.831055433
5986 27054357.32229153
5987 26796880.884345837
5988 5320816.936472083
5989 5893503.284110889
5990 9462733.864285743
5991 8187892.265605858
5992 43966606.42610736
5993 3986304.505895137
5994 1304715.4224587232
5995 5624244.697442912
5996 11613053.509792686
5997 9096638.914593056
5998 13863127.840709627
5999 11212676.37142533
6000 31105241.612886034
6001 11606788.77281738
6002 5602943.818511866
6003 4392342.160514964
6004 19111626.510136552
6005 15645755.111151304
6006 4869305.903174952
6007 24791265.516058106
6008 4407243.339875253
6009 5418091.465442026
6010 9090865.05344138
6011 38922749.87210171
6012 9578271.463007903
6013 17552420.94046226
6014 6232633.721457024
6015 9661687.166727073
6016 9734526.19178762
6017 6797768.736189615
6018 42916993.04235454
6019 8583189.840967346
6020 339265.63671088405
6021 18688114.04877411
6022 30911779.758413367
6023 14965287.938204218
6024 1844511.7315217173
6025 3210251.2058398295
6026 11260544.185900513
6027 25254056.6247448
6028 14394749.418393455
6029 13919397.752228107
6030 26935297.526844118
6031 11919058.32825122
6032 6745303.102407846
6033 3348477.9614160997
6034 7838797.3097438775
6035 14441301.875206389
6036 27155083.06598343
6037 12954376.905996071
6038 7961268.671146165
6039 39135965.94306269
6040 7594218.501889163
6041 24746695.80974207
6042 12891689.071906228
6043 9799345.182299487
6044 4000773.2902107267
6045 8306245.88753623
6046 26612315.362173498
6047 18660607.202862173
6048 17230791.45596988
6049 2794359.7831274904
6050 7823527.663880117
6051 22163218.468697667
6052 24483.640468794387
6053 5718772.326442461
6054 4009244.338619113
6055 5539568.8536873255
6056 50016158.244512096
6057 6327446.712687146
6058 10804533.00501973
6059 17882171.960949775
6060 20903490.870607175
6061 2118075.3380663777
6062 16784992.057837464
6063 6491091.12633948
6064 20636043.17663806
6065 12871484.02565742
6066 9318181.824983733
6067 8990718.551382221
6068 3268770.1477838308
6069 26204004.498561595
6070 10221269.199556716
6071 5666058.044077924
6072 7679853.330377331
6073 198984.51619731542
6074 285406.4811004661
6075 1852420.3670523847
6076 4770877.794715378
6077 7194517.012167567
6078 3343302.1735747736
6079 12824222.379303487
6080 4014299.941328775
6081 5918139.9840431195
6082 9745168.94406138
6083 508220.8462163629
6084 562283.221954749
6085 13976708.415292803
6086 44013726.22198888
6087 7007783.178884921
6088 10685185.027241401
6089 273660.2392666419
6090 9338725.329353932
6091 9520119.883024545
6092 4942801.744512382
6093 5451515.056047069
6094 15492754.282074416
6095 4068768.635335704
6096 5014448.3609326165
6097 7133597.924861373
6098 7511678.282205744
6099 9342554.955291001
6100 23861058.42088461
6101 11518916.015939252
6102 8803754.348478528
6103 2010704.3159588184
6104 7913637.269471953
6105 2893520.4396895478
6106 16138194.20994271
6107 13245517.343997091
6108 8379382.801043246
6109 830721.6505190516
6110 10906867.733141446
6111 2638683.0687370626
6112 31550510.64909652
6113 808689.0000317348
6114 13027323.456652127
6115 13871933.794573763
6116 11829389.220639242
6117 5290357.420292574
6118 6645653.186405765
6119 31429545.5375317
6120 17099808.84683092
6121 10776585.462897152
6122 25316516.495610315
6123 5481674.47655428
6124 32134868.64637588
6125 16542674.721311226
6126 1165154.5324798543
6127 16549354.648574864
6128 128669.2193257017
6129 19383588.805504948
6130 581908.0785393631
6131 4014551.494890434
6132 30091259.327773966
6133 18202895.498874255
6134 14248736.474861942
6135 3867660.9548162
6136 3411915.004321855
6137 9980645.205399679
6138 26466407.99546364
6139 27888588.905445404
6140 10082020.802031355
6141 4111650.5190606415
6142 22366525.368466016
6143 11702957.456579473
6144 5087758.335888723
6145 12599556.782987483
6146 10686159.482430225
6147 136841.22057095962
6148 34776497.20115434
6149 9976219.86606278
6150 8770467.03295831
6151 5278157.792905785
6152 336301.8323019445
6153 19370342.871050738
6154 10202855.155900046
6155 1290212.3283358095
6156 2639908.1171219577
6157 21812880.616105787
6158 13230203.44903112
6159 7600310.202851266
6160 8543524.663271911
6161 14950056.816898847
6162 9900309.622325491
6163 14760844.12398725
6164 4847641.391424053
6165 2613633.0668863067
6166 376386.79599859053
6167 7532602.913544726
6168 8416782.025105817
6169 15105851.076557662
6170 3058382.828400119
6171 10172132.892833754
6172 14987344.891589139
6173 32182865.57961584
6174 17276009.803026393
6175 2715107.9157491084
6176 20944126.743039533
6177 1185926.8805458248
6178 993354.7663279301
6179 9025010.168273564
6180 262311.6547034597
6181 1833528.385901427
6182 15994416.594802938
6183 3439406.4253832456
6184 2522160.716283652
6185 9804564.466841824
6186 4999160.569800055
6187 33764401.70755769
6188 2446538.9786265036
6189 5550010.140905743
6190 18608103.615922987
6191 3582251.328901089
6192 6147454.128702602
6193 20575409.469500463
6194 6064325.794734795
6195 23082720.314456783
6196 18224227.777348906
6197 31150236.47759763
6198 28271053.222514816
6199 6331578.209288562
6200 14725237.868464315
6201 5688062.085681207
6202 12493416.889726363
6203 29643425.15486215
6204 17788214.890303213
6205 7876380.371245321
6206 15816575.313942749
6207 3623722.521371564
6208 8954154.625715122
6209 2195910.295784207
6210 16976403.218826443
6211 39581051.41471745
6212 5808231.295074778
6213 34983414.37253286
6214 3414218.825867271
6215 8138018.208470453
6216 8141462.199995561
6217 12287305.785401542
6218 23719302.08829245
6219 13403193.133002501
6220 26377189.683461852
6221 9668450.83512496
6222 4206516.438649921
6223 15738982.30036629
6224 940900.2829741305
6225 13041627.73507
6226 970487.399979569
6227 24360620.37518611
6228 13373928.437755749
6229 5929977.471538436
6230 24163117.87855305
6231 9439301.32453662
6232 10729344.618013047
6233 7850375.009281056
6234 23463729.651260544
6235 2472556.2814293066
6236 6283658.205315292
6237 329094.75564840855
6238 1554901.7738275046
6239 5503445.84513981
6240 7153739.845115837
6241 11162717.56867905
6242 235121.34838679433
6243 585772.9688313054
6244 21022902.50885935
6245 19160463.65133313
6246 6062548.848004632
6247 11113002.694292277
6248 1529166.5322629623
6249 0.0
6250 7685345.927331445
6251 17243624.545329586
6252 12239507.602279754
6253 15973622.719089827
6254 9722638.656495174
6255 4557828.181492983
6256 21751843.35528922
6257 17503249.75993319
6258 1881698.3521064818
6259 7313449.905117903
6260 11966378.232036073
6261 42547937.5885072
6262 1761106.5501158163
6263 13242888.397837806
6264 19958757.068531677
6265 47807572.88806376
6266 22179623.562606607
6267 3188462.446148918
6268 9510232.335575975
6269 3979284.532076533
6270 13368205.330406558
6271 23878948.06665821
6272 8853722.112325372
6273 3009674.7594003323
6274 9223664.528571397
6275 8452244.62489754
6276 701807.0329195317
6277 22772569.72936157
6278 860568.2218769416
6279 43460718.75353485
6280 2698603.7755536586
6281 28670160.47319232
6282 13345342.533839678
6283 22625579.48858418
6284 9055163.206685007
6285 1213739.070396902
6286 11079848.00332155
6287 9625204.0111655
6288 1119981.5377562137
6289 33621172.30972636
6290 14444937.61099478
6291 18648411.453165267
6292 5432308.639398776
6293 1857522.5884766493
6294 5804402.529742565
6295 15406275.204400975
6296 17625705.438290197
6297 1724326.4142888207
6298 6457799.259835237
6299 3724764.6743151806
6300 4212325.124488642
6301 15862785.578915404
6302 5781802.971192178
6303 8120237.276178905
6304 19853872.316114426
6305 3043084.100130813
6306 9104882.04937524
6307 12691317.375686083
6308 710207.9107389282
6309 6732948.193618555
6310 23439166.224739194
6311 21150161.972982913
6312 7202837.841426052
6313 8068164.7171304915
6314 20639769.047854315
6315 23552389.043008555
6316 19340371.664418627
6317 20442691.06733693
6318 4342394.238335591
6319 4850252.291789007
6320 30472182.405389294
6321 25958357.785079595
6322 11283992.523187347
6323 2518828.7825050093
6324 9588472.660893071
6325 4998794.450520374
6326 13558841.422555301
6327 1014009.9023169044
6328 11706045.685654413
6329 27873472.66462864
6330 3572254.1648974363
6331 20925532.273484185
6332 2977504.250490687
6333 12312346.738826048
6334 9894131.22693871
6335 12883260.113573829
6336 7716410.081402002
6337 8573661.868119568
6338 2623267.2571251723
6339 11367792.377983326
6340 15950999.095720455
6341 9048196.866063725
6342 99120.24945735699
6343 13229444.500328805
6344 1129189.8022572063
6345 13057655.598879153
6346 5115609.371718647
6347 32016882.042249646
6348 3830221.649548551
6349 16818979.213863723
6350 9642835.088386288
6351 5370593.647331321
6352 4797132.598756714
6353 2350235.69270264
6354 31484116.372821975
6355 28341935.53721668
6356 7942258.937523674
6357 4226842.804720017
6358 16745916.305291492
6359 7812100.100452869
6360 7255106.478933519
6361 9752317.661028605
6362 7523511.809569351
6363 9551523.071196169
6364 6273156.28433018
6365 16071591.91693639
6366 1174970.4455521363
6367 16275724.249659508
6368 25013495.496136345
6369 13222764.041399991
6370 16509079.834966311
6371 7113552.123683939
6372 15316988.088560414
6373 2921790.2585768998
6374 724100.9045770522
6375 17368695.334000874
6376 8630945.709950935
6377 24111494.733587287
6378 2726177.7980772555
6379 24598984.21941196
6380 7564749.667500649
6381 3093536.5964351203
6382 649275.9032723848
6383 28498347.22314972
6384 8411869.328270879
6385 12282008.393002367
6386 4315624.639008308
6387 4930488.973358061
6388 14709173.357948465
6389 16343910.861739513
6390 9807150.661255313
6391 23941716.022602815
6392 4300717.6770560285
6393 21404561.211296536
6394 46421014.35698901
6395 7171831.88411119
6396 2845641.3279976826
6397 8625715.7330855
6398 5217163.719269229
6399 18342938.67062483
6400 11705752.910569297
6401 4923194.821703033
6402 27854393.84693057
6403 13216185.274064753
6404 401344.57938484056
6405 1537067.3164284206
6406 20533364.4993526
6407 23227512.327441595
6408 624701.995204173
6409 3257982.9364962764
6410 6058083.108135292
6411 14740644.967259346
6412 15009974.24421256
6413 10341388.636138946
6414 6137988.08486258
6415 7720337.349344125
6416 14412159.136755219
6417 1955258.0011124518
6418 4110539.8839935223
6419 36899960.06190539
6420 7742697.832832158
6421 9370121.209247246
6422 6249139.1541597815
6423 1691746.8104224484
6424 14835097.601797609
6425 26141454.12477147
6426 2340501.4616651023
6427 21533757.45882684
6428 28603291.092599276
6429 3004548.205184942
6430 6806591.36138607
6431 5569427.093364422
6432 24177583.92194649
6433 13434875.461731158
6434 17406315.404171877
6435 4382359.703682981
6436 22211068.62107353
6437 7409020.023929889
6438 1437877.308136139
6439 18853401.914909698
6440 6507653.940676831
6441 1689107.0049185976
6442 14071365.423524763
6443 1571408.5386903458
6444 2000424.53590151
6445 4461182.249068377
6446 11368333.504849825
6447 349232.7505636085
6448 34756159.18718258
6449 317411.62942942744
6450 12135358.777951531
6451 2713786.2977745105
6452 10267938.763839077
6453 13267597.592831764
6454 10317534.87456371
6455 6851630.331706945
6456 15045292.475717694
6457 60350.875121254474
6458 922492.8807981834
6459 51132.56846887525
6460 8064951.428055162
6461 14396861.954439487
6462 6632040.943431502
6463 10009674.581017736
6464 9704698.386875242
6465 852324.2207873091
6466 1546574.584147661
6467 4239842.583673811
6468 726614.6151215155
6469 12665301.10821879
6470 13398496.592319097
6471 13166454.236164898
6472 14477458.454475708
6473 8769083.865822911
6474 14343323.969096486
6475 14698844.921841469
6476 3975889.1157698706
6477 17323987.7038503
6478 4065697.3501092074
6479 17392952.076399762
6480 10282239.449352466
6481 2608447.03154736
6482 9409986.56934757
6483 2445178.2830723748
6484 18525241.528982807
6485 10556776.012666997
6486 7544753.7457649615
6487 18772093.607891046
6488 7949200.142578293
6489 14139071.727199106
6490 45673475.35666433
6491 2840292.6231026324
6492 18967863.01289937
6493 6638965.569758889
6494 10875909.278400265
6495 3964394.906145204
6496 4857243.210625051
6497 6629051.357614303
6498 15374929.43121802
6499 2495566.9671140807
6500 7526869.0865090825
6501 11096113.829338936
6502 7325400.377643151
6503 3856283.453198745
6504 26438348.30256237
6505 11668547.031380106
6506 3944610.1327425553
6507 3856480.6838886244
6508 936135.9270568965
6509 12542785.47476383
6510 6749806.618599635
6511 6597831.049000079
6512 2649279.1026024017
6513 19252492.90825029
6514 556263.2685563378
6515 12063716.751715802
6516 10010128.033669077
6517 19567301.394587085
6518 13404616.703703184
6519 23194464.689403392
6520 4740992.354278969
6521 20260668.77761356
6522 2748497.6039962834
6523 13636667.60520485
6524 4812907.808674552
6525 24266207.78093258
6526 3359039.148245355
6527 507140.3596192488
6528 5319665.372046171
6529 7990532.106837086
6530 9722801.178918805
6531 17809403.935882855
6532 3430936.555853229
6533 25646042.15793409
6534 4890197.738348009
6535 1652642.2972019129
6536 12870339.295798527
6537 6480655.6749397125
6538 9334557.790193519
6539 12117765.292553026
6540 11035212.690150708
6541 11841955.058595642
6542 64438662.24340983
6543 25686849.165854562
6544 20290428.20909357
6545 13074196.791470531
6546 905312.0195016919
6547 19187378.660637427
6548 17858437.288448494
6549 38377724.282396175
6550 9607091.183351085
6551 17912865.31827871
6552 1240493.0834843898
6553 6485486.761918746
6554 25870959.57548853
6555 11518360.80700978
6556 2384696.007010283
6557 18223459.510805566
6558 34955487.36999114
6559 1340110.0541017577
6560 13532778.577108053
6561 2802221.3748362856
6562 4935562.431256514
6563 13459016.532967648
6564 369756.7504514232
6565 12177966.355370957
6566 3429608.2037249543
6567 26678665.65546971
6568 24873959.46407354
6569 9414671.4824836
6570 19830276.97458972
6571 6649248.481817764
6572 15594788.661934588
6573 17400503.384680558
6574 5189339.584925249
6575 12459995.1618032
6576 16146253.187656704
6577 18025902.472851053
6578 28060428.305271342
6579 13552514.472062144
6580 4506584.219110325
6581 6215807.074808575
6582 5242144.182865149
6583 19635147.650993288
6584 8489840.356366951
6585 7210743.454759042
6586 11860296.827726517
6587 3583347.455127162
6588 6893910.901707197
6589 5702534.8956626
6590 27712269.53536914
6591 132085.8272411339
6592 5554695.787350691
6593 2798512.2819966823
6594 24923550.750207063
6595 2860577.127151731
6596 37784781.855373725
6597 15857118.16634681
6598 7105696.492214948
6599 5121865.551359462
6600 2528700.123123091
6601 7039597.181392746
6602 3287110.051273422
6603 6140113.612931624
6604 14182202.847300902
6605 5565226.696846206
6606 7822680.951706518
6607 5258826.622105103
6608 17154879.497521292
6609 2227547.805112103
6610 13541110.637193844
6611 30453637.95794276
6612 35655406.77008425
6613 10584736.581542501
6614 16234815.95850098
6615 18631049.72636046
6616 26593379.747673377
6617 26511629.36090175
6618 16733230.025332581
6619 6280081.634257652
6620 6501638.546850583
6621 5366177.2556037335
6622 20229912.45666544
6623 27938370.23954806
6624 8222462.7187802065
6625 11037137.810779283
6626 22091889.641237266
6627 10048411.309569463
6628 1032713.6762790158
6629 2139693.207774354
6630 315857.39814622514
6631 19105255.714547824
6632 29321535.86374906
6633 16885059.33259374
6634 660904.8609160781
6635 11078006.807846472
6636 6196094.705159577
6637 10298750.753477424
6638 5052887.90192031
6639 1892658.6148142023
6640 45007333.28897756
6641 3359651.87041831
6642 12378667.78236967
6643 15554670.010908384
6644 13229341.309687104
6645 9435989.747499231
6646 6071495.672282228
6647 2878690.1356747
6648 5563652.139072775
6649 8927375.071506452
6650 3947093.1837627525
6651 4576812.747969512
6652 4851292.2523792125
6653 121742.80414995924
6654 7850360.015147276
6655 3654632.814203351
6656 12022949.857054785
6657 3025569.598946471
6658 4413629.138973348
6659 5965872.193130668
6660 25832570.670452263
6661 1159600.0854530209
6662 1365003.8572508069
6663 3301210.143147651
6664 20722646.763832532
6665 23082213.288801733
6666 11257494.65571223
6667 615916.362465308
6668 18920973.82544206
6669 5623531.709336123
6670 1935984.336126024
6671 20603197.852591008
6672 9821959.461907126
6673 13656153.400750661
6674 1295535.475517327
6675 33574350.59121439
6676 9185804.988260472
6677 17800175.28003396
6678 907419.9289131025
6679 1686955.567398204
6680 38518353.61983841
6681 18733375.758485675
6682 5739652.811757053
6683 7669029.589275761
6684 1986941.3830124289
6685 31699734.579772204
6686 14116282.711123455
6687 17406060.731679294
6688 20022009.93184036
6689 13144274.14014639
6690 7609851.726946127
6691 18706850.116094485
6692 511951.94587593107
6693 886867.5891190143
6694 11501044.438103737
6695 18182895.973287944
6696 795354.322074811
6697 840015.1302464688
6698 21816881.252824403
6699 7837435.7998565715
6700 10687840.540293492
6701 22896783.47402201
6702 4111028.6805688227
6703 2758178.9903137535
6704 31638516.544763777
6705 40223491.667543404
6706 1865224.9363704994
6707 12199830.209861834
6708 8922615.409281364
6709 7292266.88637596
6710 15614243.32885844
6711 24980272.175043967
6712 5663456.432339657
6713 8533691.801860917
6714 1468480.2183963526
6715 15946807.35937167
6716 1097483.9096719003
6717 365415.35701651126
6718 4937324.4871701
6719 9327634.572748696
6720 15136929.354868086
6721 73659.07970529981
6722 7183786.537577828
6723 16549675.912740648
6724 14957389.603017658
6725 44571764.45964431
6726 14081238.956692878
6727 2600658.522703745
6728 12489509.860350754
6729 15684500.458144471
6730 5514205.049807955
6731 9128908.376084737
6732 6308907.019134136
6733 29028152.23757077
6734 11825010.710940734
6735 1016701.6686347295
6736 494369.99059809744
6737 7864926.589764641
6738 2977112.5118684117
6739 11314500.526753373
6740 20524305.862525374
6741 4152678.172470445
6742 10561531.33617205
6743 7304310.509630056
6744 2915413.0251788166
6745 618473.2141268309
6746 5530397.333855985
6747 11042329.182311231
6748 24987977.52263614
6749 11534058.37276714
6750 32220228.363034554
6751 2901082.435375301
6752 18494621.48358637
6753 5790509.211479873
6754 10031002.1366694
6755 2491795.2012368166
6756 1822860.901781904
6757 3220678.616498068
6758 1850409.780827553
6759 1185551.8180768923
6760 3296489.5555645917
6761 6878124.618291116
6762 3065528.498953008
6763 19339576.10151817
6764 2462319.182687976
6765 6070225.169555661
6766 10822094.032595675
6767 13546133.769593155
6768 1398871.0849706084
6769 1672462.7137658019
6770 14148096.148638865
6771 16669156.51728974
6772 23427088.675274655
6773 21823300.42761334
6774 4993078.175085235
6775 7054811.85977768
6776 17387934.60528226
6777 10433914.619720317
6778 46232644.58496486
6779 15840280.833973229
6780 2952308.6949860556
6781 27437111.54888539
6782 1555843.986712249
6783 6961359.6785143595
6784 2489415.474404974
6785 881243.6116745091
6786 15392164.006653244
6787 1318796.9147880608
6788 17673735.487395413
6789 15950081.938623687
6790 8040334.30286227
6791 25787229.358813457
6792 10545906.197660545
6793 18274659.645599507
6794 16801057.27171045
6795 3333143.9151123045
6796 23409112.73699425
6797 227383.2953662374
6798 20497914.335677743
6799 47493026.085223526
6800 200719.28427774226
6801 1794090.893939836
6802 24759215.86484472
6803 12070985.80432486
6804 3480339.2044373015
6805 19106929.306036882
6806 11588121.527030338
6807 5536520.253618247
6808 11296233.97579547
6809 1978503.011139735
6810 22248232.50904393
6811 26630311.182444602
6812 39820131.708146654
6813 17373357.538686216
6814 30099420.36096364
6815 52880355.71437662
6816 28368387.285281874
6817 7842233.8444680115
6818 16871214.480685882
6819 5114688.150705641
6820 3466726.543012843
6821 22647984.53333413
6822 8391831.605252733
6823 35726607.839450896
6824 12419990.545786913
6825 12163137.155799082
6826 21827073.937054455
6827 47308352.44010571
6828 12110463.608964251
6829 22897162.92260386
6830 27513787.20992526
6831 29472070.361428373
6832 1757508.0116115417
6833 13492319.212797187
6834 4752370.580133682
6835 5811699.382464834
6836 39929825.2688347
6837 9082063.280718176
6838 21347436.554986484
6839 9499157.563735757
6840 17569098.243011698
6841 8078896.846522681
6842 1140164.1396542154
6843 35141284.43371187
6844 1342230.67869432
6845 2054984.4416179634
6846 5257126.724465214
6847 23590574.903401583
6848 2157507.686565414
6849 29971240.825081237
6850 12461076.97846219
6851 12321150.13297748
6852 34182474.516876325
6853 8586733.44743758
6854 3364773.6954285074
6855 18921597.311899025
6856 11897502.337945739
6857 19115052.56390337
6858 8441034.977820905
6859 10637241.024991946
6860 38211666.101753235
6861 12332738.994183753
6862 23592762.309947368
6863 6831555.077441344
6864 14945872.693567963
6865 32027455.49083662
6866 6707267.73520257
6867 1480132.8626636215
6868 25249190.005937867
6869 16667220.82534394
6870 5820377.745345659
6871 14457248.965070164
6872 4930435.460451936
6873 5943055.084180629
6874 0.0
6875 20622376.743465394
6876 7336269.549030483
6877 3611311.9815845564
6878 21587381.250234324
6879 305224.5725805154
6880 5456844.169338118
6881 9570235.211169045
6882 2960995.6920519136
6883 18471465.555387974
6884 8630663.078701138
6885 421377.41142468434
6886 7089748.619502443
6887 5736414.222903892
6888 23594934.105787374
6889 8145498.22635725
6890 33028091.670031834
6891 7615032.079788486
6892 13314693.481033312
6893 19130648.015366454
6894 21573323.678217314
6895 1359548.989695651
6896 7035069.8091911785
6897 22420969.9482849
6898 8636687.393688217
6899 24766040.276651688
6900 3001898.8300332483
6901 6698048.914120001
6902 3823721.5410209717
6903 4563811.961270099
6904 23567142.638283394
6905 16147874.921847671
6906 19573004.659127973
6907 14480777.161742697
6908 14472777.636592094
6909 11374527.601688566
6910 21780959.66929996
6911 11346729.110304289
6912 12424529.41999188
6913 6808562.153559243
6914 13034015.451099098
6915 26671551.9811284
6916 7185949.677506506
6917 22590435.33842011
6918 7016032.718816789
6919 28438179.83681664
6920 6148189.133319632
6921 6644791.1448105285
6922 44620130.60535434
6923 8040397.18813468
6924 5539673.847147256
6925 19190395.766656984
6926 7279717.3937901445
6927 8502712.599227889
6928 18221826.332720283
6929 12812395.783140507
6930 10030369.166029524
6931 24835930.75996746
6932 6851138.693771091
6933 5058807.7519325325
6934 37282070.6106553
6935 6209106.134466801
6936 6735198.870876972
6937 5990275.723110049
6938 19236150.56730763
6939 41211181.69173199
6940 12156699.287349947
6941 11202687.37410438
6942 2965592.1707503963
6943 25717094.074077748
6944 19537241.446386196
6945 6053676.520196641
6946 8311192.380713759
6947 31924561.569397293
6948 9681696.570121884
6949 12446642.529705662
6950 27022449.21509276
6951 7805519.954743208
6952 7230737.466448921
6953 2935631.0908400435
6954 5961553.664163463
6955 3594120.0619663135
6956 2359114.4395504408
6957 6640851.333497455
6958 17155132.25882213
6959 1925861.4131970173
6960 1847495.720667446
6961 11182701.879004508
6962 7563517.019151415
6963 10084753.265092218
6964 11670698.149281293
6965 12914129.270861244
6966 27807115.102156557
6967 4877376.487974014
6968 34317659.01950964
6969 9796930.038317617
6970 6834892.429946247
6971 997664.2118461966
6972 8772559.832871545
6973 19442573.318577167
6974 564646.9224099088
6975 8553006.488718582
6976 1557909.166662807
6977 24862516.728129506
6978 17984171.018465385
6979 2967748.3305412517
6980 634861.01944979
6981 5501709.920244476
6982 3857765.9626449235
6983 1919239.1203840682
6984 431156.6681005787
6985 5029649.560739882
6986 8260349.221959292
6987 30662479.230626736
6988 29986032.94435332
6989 8605897.986027144
6990 3954297.751719804
6991 7212585.247054628
6992 15750980.85056429
6993 43245122.62094821
6994 33470038.392182566
6995 12770205.002213381
6996 2192658.659073511
6997 14213642.222848188
6998 5286299.216532979
6999 25072837.924399246
7000 3282498.416304129
7001 5462183.94357232
7002 6660292.681537796
7003 40720839.25690619
7004 11567450.809559338
7005 7415999.704463483
7006 8751862.445657488
7007 18918042.03388098
7008 5664597.811652787
7009 13403060.956579652
7010 4592652.472089451
7011 4444906.670534648
7012 17707113.399460662
7013 24426518.49193649
7014 4799535.047719313
7015 14580260.054889433
7016 9843827.06198715
7017 1178341.579145867
7018 17030495.95521081
7019 4913593.99944127
7020 49823172.6908503
7021 4941757.078505921
7022 18860734.73193537
7023 23891930.918591015
7024 24401709.350076012
7025 8538886.511057943
7026 26432622.20298827
7027 3233443.997983368
7028 17824455.223384436
7029 11997276.903095927
7030 6783308.0636053905
7031 11201758.082237983
7032 12189400.984626574
7033 30789272.307729147
7034 11406714.600530602
7035 12503104.583474165
7036 13502039.92622805
7037 21811120.904444575
7038 7571466.509830544
7039 8400608.403359834
7040 16293312.370752174
7041 6293969.584042872
7042 22925669.680548437
7043 21085360.458293892
7044 16612118.31781971
7045 29965802.5651896
7046 15244423.611891724
7047 4945226.539749298
7048 7482496.446702515
7049 11379823.275269253
7050 4825644.852712316
7051 22249154.585681967
7052 101974.36612392217
7053 8600671.055893492
7054 5728238.105661853
7055 12928808.29665257
7056 27602422.55239031
7057 27735504.05561952
7058 3878265.0990687953
7059 25419656.36695846
7060 13087438.324535884
7061 7253148.966635544
7062 2335081.230324448
7063 12563179.303794147
7064 16307014.323684819
7065 11840177.528980486
7066 19238463.124461323
7067 36321612.2069669
7068 10236884.526029058
7069 6021213.113619691
7070 33190084.849774662
7071 15247169.340976615
7072 20710423.56943123
7073 7048008.903097684
7074 14374321.864590872
7075 3023659.252088167
7076 9020420.535334075
7077 747878.8838495016
7078 30904513.02386399
7079 1199215.2417699117
7080 10571511.502205968
7081 33229657.749329828
7082 11590382.954672322
7083 15509511.343048112
7084 2767570.8468702557
7085 13634290.134799644
7086 18372228.97320267
7087 16033208.920740025
7088 14181507.97116291
7089 3094579.6548892315
7090 35519715.918024205
7091 683059.8470749594
7092 1787763.8740802556
7093 2773411.3942547794
7094 1562968.8007332757
7095 34597909.19880785
7096 12868746.785920164
7097 13142558.231412016
7098 6016614.363123825
7099 13794055.30237099
7100 19419088.73214361
7101 2009324.3714807862
7102 19319154.963926535
7103 4689095.120360186
7104 19995986.718034312
7105 13644180.456758758
7106 16994610.325300418
7107 8346076.472399697
7108 5043735.035138195
7109 2054923.3211182612
7110 10200028.948882258
7111 3847212.617330808
7112 1823740.5798909217
7113 9634547.06230569
7114 33936903.94286613
7115 14070475.73430338
7116 10515276.175830655
7117 5329622.793226413
7118 12178764.733548924
7119 47789697.06868945
7120 12121114.877656814
7121 17190019.133661907
7122 9327483.74075879
7123 1702091.507929097
7124 18271622.843940206
7125 6143414.312450844
7126 10042889.69703269
7127 25385136.75232564
7128 17311628.02404881
7129 14662079.293609064
7130 22880405.88819328
7131 13642942.597781321
7132 19222675.36175302
7133 3303441.3624338442
7134 9020801.187989805
7135 9329611.597145824
7136 11404458.880674906
7137 1956159.6856474336
7138 11252732.929689743
7139 20819992.91149853
7140 19384337.381925933
7141 9176832.392795594
7142 5712600.598713934
7143 31794981.63216643
7144 19077664.46940747
7145 2910818.3732094653
7146 24599034.146092772
7147 3992328.574176609
7148 38870053.29587502
7149 9038142.296367206
7150 15168022.527295604
7151 6476850.518599875
7152 1127927.926110004
7153 12901935.76815979
7154 5744538.133814219
7155 36526597.88618811
7156 10689967.09946986
7157 2992256.815777459
7158 1453703.9023227869
7159 11941985.23935992
7160 18006516.79277316
7161 28668630.32293295
7162 1171467.319021577
7163 1507364.429093224
7164 5824582.563837273
7165 3648313.1472049393
7166 5834242.0947511215
7167 23433398.28028289
7168 9110273.516124655
7169 6929339.561012169
7170 23377191.02788493
7171 6211524.100790231
7172 6405951.99517145
7173 20459032.42491582
7174 2862920.803499316
7175 14283828.381774906
7176 2400513.3409795184
7177 5742148.729998974
7178 26038969.087959908
7179 8834931.889499633
7180 20437405.907966685
7181 20326897.893317923
7182 1393621.0939412545
7183 30099822.75020712
7184 6990839.754028494
7185 1992476.2232553833
7186 3014229.567049593
7187 2232926.691440087
7188 22517663.899418697
7189 593386.0112688038
7190 2763011.6228386955
7191 5092966.4312827205
7192 37286503.569866486
7193 22485094.065329954
7194 9579026.980981873
7195 2029425.977053699
7196 562319.1129999147
7197 10701784.754323673
7198 6626817.36947044
7199 17670012.161515374
7200 24470706.340272594
7201 17436523.08351635
7202 8861731.047349077
7203 662064.246886937
7204 40330861.68154286
7205 17155781.180265076
7206 8917960.284369579
7207 10980300.777553737
7208 16761947.909805156
7209 6687557.707794257
7210 9161014.551244913
7211 6625897.366283592
7212 10984868.377848463
7213 1160141.6777053922
7214 6767023.5576868355
7215 1368665.9552145293
7216 29871317.080071155
7217 130250.73536912538
7218 22960097.539135672
7219 15631944.73724677
7220 979005.4404106112
7221 15315989.045010827
7222 13277430.614541525
7223 27719607.482386544
7224 64517.14320819825
7225 2243506.7989853052
7226 5785177.307368256
7227 25479417.059088908
7228 27267389.30559288
7229 11644653.270189922
7230 1308311.6495436784
7231 5839481.337442541
7232 19583126.53597533
7233 7871891.834617205
7234 27553638.839995153
7235 830376.1383068515
7236 28748160.588979546
7237 10921813.954438895
7238 23655397.58108959
7239 3921367.138737603
7240 12766114.548751686
7241 7020783.697357206
7242 6014045.027875324
7243 13206166.630670957
7244 29612021.393610008
7245 29385112.522000946
7246 7561066.9184547495
7247 3887090.4263350004
7248 17941584.725276183
7249 7420286.018027589
7250 14536247.404332098
7251 14996542.008404998
7252 5736870.553539591
7253 27501959.66216392
7254 9922313.463224597
7255 15658615.873284243
7256 5406158.214752948
7257 33296741.076804332
7258 3364479.195979934
7259 13318221.902172778
7260 12862927.320201708
7261 11074939.303228566
7262 7115649.613762308
7263 14335937.19604195
7264 1783925.181623018
7265 11110791.603714801
7266 324175.78534977045
7267 3084562.8204219644
7268 19712346.867200427
7269 11422280.012082007
7270 10951968.106086563
7271 6197453.544331824
7272 9731620.27678981
7273 5321013.879237583
7274 3744591.7704123193
7275 10683228.670104027
7276 43740337.00053523
7277 28464120.58103102
7278 16266628.32683028
7279 24087689.596746705
7280 7638112.2675083
7281 9694956.427567147
7282 8925820.007372975
7283 2896307.9045260735
7284 1142131.0340971146
7285 11647302.405941594
7286 6293289.111027228
7287 7817115.996656418
7288 610626.3776641572
7289 42547.4353077393
7290 18710958.79006104
7291 7425343.616665792
7292 11053154.531926662
7293 15215661.505027825
7294 19899064.736302935
7295 18267402.036980633
7296 12142527.318068556
7297 5244770.276701722
7298 3583396.11277565
7299 24374734.194984756
7300 168339.50223591272
7301 25998342.98859463
7302 7978175.815621315
7303 1695897.7380741907
7304 4032979.861040257
7305 844653.94625594
7306 37818937.45889461
7307 36250300.63802677
7308 3380007.8578933375
7309 26193807.958961852
7310 14864629.819369316
7311 22758540.774252582
7312 20098183.695234537
7313 8733005.289870387
7314 13449122.160943065
7315 5979637.446590541
7316 15151887.29325509
7317 480402.3493882865
7318 4786021.871434408
7319 15399419.89820279
7320 8996204.299875904
7321 6164801.414262019
7322 727055.0967236552
7323 23248215.441887584
7324 11698622.047678893
7325 5468487.963503724
7326 10342656.880548066
7327 4373320.410270116
7328 2985434.0181307085
7329 2739176.487513697
7330 8802238.099587522
7331 7071697.254047775
7332 10138015.902483828
7333 15637299.102210622
7334 2996847.4557405123
7335 10005885.84473658
7336 7737323.798215513
7337 16415862.506861063
7338 3049849.2705580397
7339 5178427.674134318
7340 9597838.938113417
7341 15420200.647589805
7342 1989251.7398592436
7343 10627045.259718418
7344 9563269.26198196
7345 24352491.554814454
7346 283696.34610155504
7347 1071568.809868279
7348 8627215.768587422
7349 3941176.9583737124
7350 27846569.886641756
7351 14634087.748319788
7352 6540269.790907027
7353 21573956.073283464
7354 22825699.362091426
7355 3051584.6831258945
7356 1125672.4486006144
7357 14941185.894992957
7358 15458378.327473033
7359 2695416.6227160804
7360 2289581.205649766
7361 6953966.377285549
7362 1672972.5266639
7363 18637504.503149323
7364 4565019.278923463
7365 16668618.142546315
7366 13041778.245259814
7367 16011380.737278167
7368 17752670.115176007
7369 11981654.809137039
7370 183384.1769093005
7371 11175752.44344312
7372 2430943.4337526914
7373 6199428.339915006
7374 2804409.753539834
7375 10473401.653074075
7376 2663693.112563678
7377 18400676.557482522
7378 18440890.437234044
7379 19750801.664535284
7380 16159909.021195913
7381 2622746.898468247
7382 18195144.087637506
7383 16330179.522464655
7384 12022273.279144857
7385 6002186.20248134
7386 9544777.43412013
7387 7689793.532403397
7388 11041895.550689347
7389 12324429.071331311
7390 1610574.3946139645
7391 13056216.286582425
7392 22535216.97063713
7393 1468397.334707018
7394 6119280.6184844915
7395 8192120.564789377
7396 4404908.4290630985
7397 16954661.232304737
7398 8771880.97339282
7399 11422138.31881366
7400 3486537.0302229747
7401 2918789.1471216995
7402 817870.8540168304
7403 2808523.024649154
7404 21127009.0349154
7405 7874465.987728152
7406 20138648.290839
7407 21237515.29689664
7408 9704441.059458636
7409 5163574.636729681
7410 9329806.184131982
7411 5304231.352094583
7412 30787082.072771925
7413 8298387.651587707
7414 20794711.1468433
7415 6921965.628585365
7416 9973617.678801768
7417 4615609.869618839
7418 10797213.865656737
7419 3254720.973083992
7420 3510367.1381696044
7421 7724911.4323424725
7422 8288026.6330343615
7423 8246130.174482149
7424 3311339.96433667
7425 14428928.43896607
7426 20261665.39374567
7427 24076476.23051447
7428 30443475.484137468
7429 13180443.156284362
7430 758841.8043483879
7431 7328838.214279983
7432 29821770.104524307
7433 8383576.811462535
7434 9976104.48967982
7435 12065174.529567897
7436 16958612.497432463
7437 16229426.256556883
7438 2164563.118345268
7439 12758786.352895696
7440 10815803.966499798
7441 1269191.5723530524
7442 2994423.0392444152
7443 18740647.23942811
7444 1991243.6158620678
7445 14413818.042222131
7446 5603645.241458417
7447 570422.0506483708
7448 11047459.771971753
7449 4759634.825409904
7450 11763085.691616824
7451 38800364.82870192
7452 19615104.89590038
7453 19711939.6560302
7454 5262129.008202347
7455 27094904.61470567
7456 508948.4214317221
7457 9515305.411053821
7458 12298394.677400028
7459 4533486.73113756
7460 8091361.829115702
7461 6029154.528937144
7462 10681306.51000995
7463 13839343.46960666
7464 3155325.692292455
7465 660086.7348111728
7466 11647843.643567745
7467 11008333.35808026
7468 850029.5404983424
7469 7438003.160492532
7470 6023935.638282999
7471 26648444.104695007
7472 13698878.055024909
7473 9206297.378515217
7474 6630247.506516973
7475 7242779.652112827
7476 12228413.363510653
7477 10672342.018176574
7478 1589988.946615314
7479 9299034.241845023
7480 14867787.950267008
7481 42538124.12104144
7482 2453242.6141399634
7483 9361762.93962952
7484 2039201.9829155062
7485 4298276.77615476
7486 17650450.081355587
7487 24895648.805483826
7488 1144025.9720375258
7489 36774410.38142752
7490 10629157.683671925
7491 4939286.867320932
7492 21288662.335291874
7493 18778552.896687843
7494 215816.66978833266
7495 1396561.5971735306
7496 20722449.069292173
7497 7773654.067163848
7498 5557212.374639487
7499 0.0
7500 30847475.0
7501 21216218.248138335
7502 27426480.906309225
7503 15150362.591918403
7504 822148.878278693
7505 20293104.050672565
7506 12998929.141636813
7507 2938503.3166737044
7508 15751982.670113612
7509 13207516.076685853
7510 31780319.101824462
7511 13814239.910619602
7512 1069645.8997278074
7513 2220133.836593747
7514 8118841.841918342
7515 9934439.865551379
7516 26807222.17724268
7517 15140395.12389304
7518 4979645.28146196
7519 6100446.3093497995
7520 6185854.96190601
7521 24712421.771117732
7522 3701406.518244153
7523 12345869.485501546
7524 1995836.101631498
7525 3701663.6326136575
7526 14431399.055172317
7527 5200109.253297582
7528 23194521.936992634
7529 16140010.230117958
7530 27985388.95859803
7531 7489865.885056111
7532 15641539.897504665
7533 7767455.300441013
7534 4588671.170715425
7535 21231078.069625214
7536 29402630.937607605
7537 451025.49952486437
7538 6468683.323479618
7539 8301292.685672855
7540 28920026.944931567
7541 9569721.09059
7542 5769363.8500177255
7543 1537653.3444125378
7544 14191177.991901599
7545 32610425.139093302
7546 1170030.3146547563
7547 25411006.34379765
7548 556007.001390107
7549 23356783.78282957
7550 15534274.519947995
7551 38195278.67125367
7552 19232805.65852045
7553 6579527.011388295
7554 12306239.309781093
7555 21763902.354332536
7556 6731959.601416676
7557 15707545.609689986
7558 6881906.769093219
7559 20335608.971822686
7560 837001.9694712094
7561 5478416.426928324
7562 4246786.470535073
7563 2542984.9203431644
7564 8832065.179931693
7565 13739045.645656327
7566 9631227.581594087
7567 1033516.341258016
7568 31519829.02320416
7569 7070774.809391916
7570 14011164.15611577
7571 6011062.239305152
7572 688280.0837895507
7573 35590308.71732976
7574 38175760.41027071
7575 8111420.133715962
7576 26933986.871825825
7577 7107009.533914038
7578 17131106.26507632
7579 26086886.86482443
7580 50406411.256554425
7581 14480941.821549743
7582 2663055.5062011466
7583 4074984.3813822404
7584 20190861.53911496
7585 20245946.76842281
7586 16156661.951262016
7587 1243740.5601765704
7588 11510840.046589047
7589 21744790.286376737
7590 2285765.9761533234
7591 1761669.7660048222
7592 10225299.480295684
7593 16702475.805988513
7594 10211138.292733248
7595 11017267.41543144
7596 14833031.349754691
7597 2132267.401178539
7598 3380857.921399859
7599 584024.7678523976
7600 24105091.678616673
7601 1455040.2274022056
7602 15752388.777555624
7603 2071428.8868171424
7604 742768.7864241283
7605 12828065.46899121
7606 10247185.337476403
7607 7783905.464249183
7608 4057891.8026349153
7609 12470155.58051949
7610 6563440.201003641
7611 28528398.806239184
7612 13475200.233352952
7613 8875284.738156358
7614 8960037.117493954
7615 18393266.716679636
7616 7419200.7808763925
7617 43414934.78765344
7618 20724433.256088827
7619 10758634.882211484
7620 25276807.723546144
7621 2869575.386115771
7622 17905434.63634885
7623 32986515.4312573
7624 37822932.70342345
7625 700965.9668592066
7626 523486.090066785
7627 6306112.503738236
7628 15141706.215686297
7629 13660236.236754775
7630 8270893.382203429
7631 8456851.766210737
7632 260345.93811077252
7633 20945204.416338533
7634 2579583.281495098
7635 14388409.437191708
7636 6411889.79265626
7637 11519612.468600266
7638 18996383.216667935
7639 14473496.10880693
7640 5685883.581611697
7641 6187686.310779188
7642 19735694.6760157
7643 622976.7391865999
7644 3488675.795671124
7645 2094902.0047380035
7646 14734873.129524944
7647 15305324.865601279
7648 14914045.28864972
7649 22817523.908124324
7650 8305948.205479568
7651 31966873.570330717
7652 1118776.4205122972
7653 2426661.2051441446
7654 21506362.971370474
7655 7371146.819489046
7656 449520.74049335346
7657 4139414.5733651407
7658 533959.3479043432
7659 164035.70227868482
7660 3796482.549909907
7661 6099162.875587819
7662 7418067.068700916
7663 24066324.560146965
7664 20607661.397715874
7665 5927116.077908529
7666 13711079.766431592
7667 25506020.748853363
7668 1275245.9417019077
7669 7169001.564373016
7670 9250679.783321057
7671 17456429.29505802
7672 25472729.999183778
7673 28587545.614765517
7674 11523102.82514327
7675 25833205.589280166
7676 9383103.884620858
7677 9754253.138246244
7678 4559339.955544153
7679 2491998.4807354086
7680 15686841.330678014
7681 38581494.98817903
7682 1043955.1036512852
7683 2058709.5549320672
7684 16966788.32464648
7685 21136511.476504713
7686 27905804.869626053
7687 13464809.970728716
7688 10705016.49653227
7689 10036094.831303526
7690 15022101.305440534
7691 9685987.228012638
7692 12738206.883276392
7693 11282219.883974766
7694 6975696.822627941
7695 10504778.621263504
7696 10659626.075311594
7697 17125194.812483452
7698 2000326.3468605047
7699 10652002.932145042
7700 3954114.6321982443
7701 14377494.805317868
7702 14197531.159606121
7703 2767757.8278490314
7704 5862185.925819606
7705 1853125.12341425
7706 18059988.924068596
7707 6132187.470112042
7708 9609341.758968526
7709 19352121.484661072
7710 18049911.581007928
7711 20921633.63361033
7712 18740619.826471236
7713 10295612.36153172
7714 17704154.392563455
7715 24252285.855677254
7716 25801850.469372146
7717 8033937.592671149
7718 4484730.620515673
7719 25578584.409666643
7720 8959895.680369683
7721 2299133.113386399
7722 32948025.36550423
7723 24057445.481997073
7724 42085840.97122306
7725 16841549.34337289
7726 11859369.038357563
7727 43731814.6385964
7728 14945877.694393363
7729 4510441.471925346
7730 16430697.589768466
7731 7779191.50229401
7732 23911046.83336714
7733 6288946.085915926
7734 1892908.2224721415
7735 8274318.294204215
7736 8009621.418118163
7737 8832075.161133427
7738 9955646.696002295
7739 16312343.669135224
7740 16281824.182936333
7741 16926397.974012922
7742 2897074.0717688696
7743 14240896.482333653
7744 19954937.601538945
7745 2792567.2153672837
7746 1715897.8723227847
7747 17675479.134287097
7748 7809221.25694094
7749 43265771.89088501
7750 30691521.29834609
7751 3984257.0831839154
7752 9094686.31827427
7753 2242464.8188603856
7754 1558788.7105676075
7755 10696511.690921422
7756 15458586.073033586
7757 5297306.236875355
7758 6651484.912134655
7759 27522026.67718501
7760 18915722.893283613
7761 6643841.97515918
7762 5096936.008300303
7763 32318930.72157235
7764 7697131.298522634
7765 8132446.420459401
7766 4056864.1554114707
7767 20857037.918385502
7768 35745489.238413796
7769 11341761.428883
7770 5783733.859879977
7771 5556881.709881853
7772 5400355.095928095
7773 25501577.062348936
7774 5561523.919300057
7775 20918173.674156155
7776 63788365.42802048
7777 13138919.200223843
7778 27231051.203169335
7779 9458866.105213717
7780 13611734.020631041
7781 14909144.537915107
7782 14792115.947294172
7783 6145522.728584964
7784 10170944.437696379
7785 3053087.3778537125
7786 4294765.488565978
7787 7750760.664833034
7788 4047769.184040427
7789 2078429.1853462788
7790 2789444.73746858
7791 16784876.36599436
7792 41385467.46966413
7793 3784002.5349798854
7794 8095453.088149192
7795 9121132.185507294
7796 5405993.794825697
7797 8881124.379618553
7798 3328711.5086751673
7799 10370908.473401733
7800 248746.23360078968
7801 3327103.844137638
7802 2223088.1967548802
7803 3465738.0246542823
7804 12992873.383392943
7805 18566805.75552016
7806 4127494.0396009823
7807 22143918.76729519
7808 29103250.987449788
7809 6476108.780358284
7810 9707938.149461295
7811 4418157.1021512095
7812 15607759.924729943
7813 25180785.2582852
7814 5459330.827000104
7815 31960764.442560505
7816 10809946.911664527
7817 21420560.994912446
7818 27933331.156975288
7819 1752176.4838333912
7820 18496328.40081158
7821 6266667.272996683
7822 11673860.122691138
7823 11670532.629485838
7824 11610685.47093765
7825 6136827.253407649
7826 13504369.852275152
7827 13950642.032607768
7828 5230064.248357503
7829 17417941.796730757
7830 7623962.4260156145
7831 3100897.4101298135
7832 27553445.22783491
7833 38641417.94640989
7834 1144321.9021959715
7835 2631500.5723038693
7836 22127503.06241761
7837 32016223.814113114
7838 21479010.114484187
7839 9812917.458960362
7840 16832295.264264245
7841 22193950.909188047
7842 6752923.850137455
7843 28335910.142187245
7844 7165648.709533955
7845 9751095.84257216
7846 25909566.215605345
7847 28261323.76922524
7848 1049104.3468114007
7849 810427.7257801052
7850 3452192.587977973
7851 10935792.907951001
7852 4615991.561739691
7853 23160770.349280044
7854 26867819.27228108
7855 7388080.866294626
7856 786919.5149095245
7857 20370164.747678734
7858 38257495.85077549
7859 15099832.141680015
7860 14221469.334274054
7861 11530996.278512722
7862 6550168.990292925
7863 6039227.456866329
7864 9377828.026707843
7865 6205137.940322502
7866 4983866.116829725
7867 5659874.159895165
7868 21219195.90124493
7869 6199903.257110046
7870 22656515.594621293
7871 14845439.808150362
7872 7687168.959213894
7873 36233972.35870613
7874 3703212.012320944
7875 1069043.83207128
7876 25521407.48029417
7877 7817405.701026644
7878 1918925.4280861304
7879 2532943.3099119626
7880 17144760.768038392
7881 18016652.297462158
7882 10799435.06527313
7883 20517173.08030646
7884 7209586.401043534
7885 16395097.551421795
7886 28792589.869462967
7887 16445041.445618063
7888 13807719.44958972
7889 2596695.570620558
7890 30503947.927899748
7891 15995999.433262303
7892 181658.29458489106
7893 13247963.41259802
7894 6903986.019328905
7895 15660251.176316958
7896 6606668.645165955
7897 4224794.508030999
7898 9210749.730024392
7899 3190399.34503136
7900 15021232.194219137
7901 10771067.811912255
7902 31194482.424766466
7903 16335029.114016885
7904 9517704.24292227
7905 23389799.44419569
7906 3695411.3610934466
7907 6389297.220387799
7908 13938458.038003687
7909 8383247.089795211
7910 36992522.16314995
7911 11548370.995538093
7912 4918213.310817645
7913 7262427.609249063
7914 3862988.276587502
7915 2691476.83246156
7916 407597.0266442271
7917 16288640.820555864
7918 23150461.01853382
7919 20858677.26336796
7920 14695054.227655686
7921 12621551.168109506
7922 28424347.32290058
7923 3442355.194282666
7924 33945692.88873259
7925 2868308.4410409117
7926 39102440.58653939
7927 4114100.807352651
7928 1915589.2341160588
7929 265211.1762557784
7930 26301396.829693697
7931 22231448.41243048
7932 2054422.5447760075
7933 3631406.2707567355
7934 9799963.883957881
7935 10949309.909211095
7936 1959739.975778114
7937 1069878.9401828088
7938 15991051.264993327
7939 18523407.97511898
7940 10447930.145842474
7941 23577820.433365557
7942 2073593.2269673273
7943 11384857.213042866
7944 10961006.772715945
7945 16088301.048332196
7946 10766721.862331327
7947 6571555.010442744
7948 23783402.76139352
7949 11905901.641776491
7950 2735857.465490247
7951 22204698.904138144
7952 6345314.488958025
7953 8487013.866458831
7954 20243179.621985108
7955 21029397.33514921
7956 18290349.598503757
7957 13212851.085732112
7958 13811568.829214886
7959 15513145.904835682
7960 30276109.57052218
7961 7187620.226728937
7962 5479750.449080111
7963 32528808.714419153
7964 20223035.52350907
7965 19533664.10514138
7966 323212.20969584305
7967 1432517.0319210324
7968 49210670.56297827
7969 2248419.423355721
7970 23514044.72455585
7971 9923497.05247792
7972 9641587.81806059
7973 28153928.083604492
7974 548343.2150130263
7975 12479214.48541462
7976 11871403.764746156
7977 1635384.6332493443
7978 7658539.875098077
7979 1751650.0813664682
7980 10240381.62553082
7981 6260330.533415906
7982 12953763.398131123
7983 300192.3417939618
7984 44960961.68857998
7985 19965958.583946943
7986 863979.9007615782
7987 9279842.759809786
7988 34347644.49761155
7989 22306912.044942074
7990 15966818.997413494
7991 4850740.567307557
7992 17319998.545260012
7993 3615794.891615617
7994 4295207.6268712
7995 13460645.108345574
7996 13019249.933698136
7997 18436910.614775434
7998 14104601.480096698
7999 10690317.324014742
8000 20039978.835874688
8001 7661912.6155612115
8002 15697465.40511018
8003 13010146.28080656
8004 13046786.570105739
8005 1156394.0822898871
8006 1127180.499326778
8007 2647271.801031614
8008 11411211.546777377
8009 23512415.290143307
8010 1645767.5175317042
8011 3677877.6633340283
8012 6070629.451307733
8013 20116109.858532812
8014 13906918.252369905
8015 9084397.991674116
8016 5799030.693552388
8017 3017900.5057592443
8018 8328297.88349616
8019 11335098.4181739
8020 4870800.723362312
8021 9525168.281481057
8022 8879512.469717367
8023 18120195.455023594
8024 16224654.233710866
8025 2928154.771072032
8026 4551208.779864891
8027 2962394.7414271887
8028 17718577.45852143
8029 6874339.764859751
8030 2502501.57619071
8031 6394156.408069264
8032 8927724.057854675
8033 11345994.828188296
8034 10306102.986936668
8035 10407963.681814775
8036 16761730.19093024
8037 6340235.548756782
8038 10367824.16822806
8039 24439996.53093542
8040 25550972.796901714
8041 20079885.925120022
8042 26337969.73095444
8043 14630710.298677893
8044 16298859.809909752
8045 938662.680915447
8046 5107160.291087813
8047 5176653.555888155
8048 11234704.042834047
8049 29059604.443909183
8050 10267922.48030885
8051 1577402.6309305546
8052 18667962.568777822
8053 15393544.40268787
8054 20457687.822098937
8055 1518917.4634793801
8056 505384.21797138266
8057 43406358.44657597
8058 19402480.875819474
8059 13497277.300630802
8060 2112200.212375827
8061 11407379.607622067
8062 12992942.764336005
8063 5033788.895817307
8064 1273024.190898777
8065 12213758.186969575
8066 28216143.020930678
8067 3447795.8609506655
8068 904201.1470987089
8069 14572722.370678041
8070 8451055.558968006
8071 24541839.728467476
8072 23746851.095271207
8073 40103304.23641184
8074 12692059.135507006
8075 2452184.214222081
8076 19246203.938897807
8077 9579788.660378922
8078 840358.5759591269
8079 151987.7544407118
8080 25482753.17793006
8081 25800481.835278206
8082 1353836.8181728031
8083 15088029.493027972
8084 775407.0334636993
8085 11464009.255170902
8086 2555081.984564632
8087 11176326.572025903
8088 10626162.939795522
8089 3694840.73799972
8090 14515726.930748213
8091 6663102.498663722
8092 11816223.361629479
8093 20980879.181939844
8094 1943187.5781281008
8095 24030273.361259446
8096 8109719.584307112
8097 32306487.546663456
8098 6114791.704582132
8099 6762045.244911439
8100 14741591.746753199
8101 3751195.9308022284
8102 12608774.788232794
8103 463093.9307743828
8104 2701309.6700692168
8105 8065397.839567821
8106 15833414.02057746
8107 8609032.279682733
8108 4285166.923546389
8109 10855520.571179688
8110 15341294.377027499
8111 11034570.344149347
8112 9702771.259576244
8113 7410538.153301489
8114 36174056.26623108
8115 17744390.88460945
8116 2208915.2168406397
8117 2874750.127450008
8118 903630.3696377156
8119 28955243.714472696
8120 10615493.473094057
8121 179696.7621234171
8122 5511425.084785256
8123 530535.319942683
8124 0.0
8125 10501159.884500392
8126 3307196.9178082705
8127 16417014.785879724
8128 22862578.25762185
8129 1885002.4456537582
8130 8644200.736846045
8131 25240817.819771435
8132 14005719.600172684
8133 9089911.062330078
8134 16991038.053200394
8135 13992887.199180238
8136 5233310.724576915
8137 1991301.3349241912
8138 11057072.28404778
8139 15970097.647386553
8140 16238849.3982132
8141 7335294.913974427
8142 5102556.186502436
8143 17204782.692433935
8144 10343569.541011967
8145 11272341.213567002
8146 3276403.3642337783
8147 7961914.4003175665
8148 3445853.51487883
8149 6370469.801865956
8150 14857000.147450507
8151 22189762.16534482
8152 6541890.324648729
8153 2009517.829174756
8154 3245520.07940726
8155 16887780.464683864
8156 12324156.87967299
8157 1201262.8117743125
8158 3930474.515435679
8159 2832939.9159733844
8160 27998712.094586033
8161 16759359.923382372
8162 9656413.008972328
8163 86102.2222007988
8164 8495732.08821785
8165 7581674.78806121
8166 8109250.66927921
8167 4017396.9244220722
8168 22034260.773905825
8169 2399562.988492716
8170 15869660.204271121
8171 8719802.230804827
8172 19943004.304915898
8173 11495026.569362137
8174 5578630.039584485
8175 7169585.957975031
8176 16260391.491461733
8177 23340742.6747713
8178 3908064.074883454
8179 9854345.385098755
8180 18479269.135503918
8181 3367421.385483595
8182 5896390.988241414
8183 7791325.71341091
8184 14697138.847107593
8185 2282285.653229911
8186 4530609.913524535
8187 9632747.559945948
8188 7996392.947336417
8189 6155286.255700791
8190 14460184.182519484
8191 9507288.346912578
8192 22224820.252933525
8193 7347393.03952519
8194 10570211.342518669
8195 19522071.406343944
8196 2283255.596084813
8197 11132706.685793664
8198 33080274.723152846
8199 9751199.524128076
8200 16493705.415862951
8201 9860721.187941171
8202 618424.0188476173
8203 23442403.36296162
8204 6045335.750212241
8205 19590405.82200004
8206 9578015.908661095
8207 2376367.329491072
8208 5055385.182970079
8209 18211454.398457553
8210 23489454.38756006
8211 5724616.650335556
8212 7555462.249592929
8213 7409640.679604656
8214 6648267.912609184
8215 15215307.44771178
8216 15383527.558954896
8217 4520357.301516913
8218 8453770.528700605
8219 1949747.8329546256
8220 17311081.453978185
8221 7426608.125800878
8222 39173838.18290017
8223 26242433.285426967
8224 1263755.6191049032
8225 5399737.9330252
8226 116153.26247601677
8227 3791101.1017020447
8228 1177890.8690586933
8229 23490604.9990544
8230 4467331.928148328
8231 3858735.6117339917
8232 2180088.716167081
8233 305091.7136296856
8234 11886155.753796093
8235 2859629.51826596
8236 11197672.257828861
8237 30321550.11121122
8238 8904822.058283929
8239 4753789.839690325
8240 1721985.9407604076
8241 1632716.65237239
8242 26786030.59632855
8243 38937032.79166216
8244 4800733.602576526
8245 23689075.798124585
8246 3291877.049661889
8247 3034393.1088374825
8248 13456577.45179369
8249 2130258.563601951
8250 6339443.87863251
8251 8598160.33994392
8252 9775400.036201887
8253 28267029.532571375
8254 19925519.130868133
8255 2751821.268498821
8256 2492745.6544289337
8257 2633293.5998457316
8258 12022940.391208429
8259 12020756.092492677
8260 16023025.85461221
8261 543255.9557411447
8262 1482964.072523892
8263 3586000.753618816
8264 1783191.9312342983
8265 4771955.156903615
8266 17477233.923203554
8267 28508502.526239283
8268 486411.32548862323
8269 250211.82561210473
8270 16841451.592663586
8271 32135473.17837258
8272 26777784.564063556
8273 10635417.925351176
8274 12468562.811430503
8275 3991376.0930120754
8276 6994430.466218139
8277 12699496.9155718
8278 9281593.452925883
8279 1663888.3014111558
8280 2947309.4536323403
8281 7640201.9161875155
8282 4481414.4424367715
8283 37474189.65385586
8284 20915083.736657947
8285 5407944.378236541
8286 4922388.623285219
8287 8262984.663017726
8288 8126326.308090428
8289 20872820.741432693
8290 9820591.92129593
8291 16070772.80797348
8292 4809709.771855418
8293 1361848.4979605135
8294 10210658.823223276
8295 11740394.174532797
8296 2633877.3101828517
8297 22442849.10699301
8298 25532748.044984102
8299 14553257.568573594
8300 5903809.39645757
8301 1457778.3374801194
8302 20046939.921417482
8303 24798536.515783757
8304 875544.2929500402
8305 2329819.6873519253
8306 10225720.246578906
8307 7452386.081325143
8308 7466658.112048294
8309 15508891.21191315
8310 5688243.452683063
8311 12101883.236227736
8312 7897483.143838267
8313 421155.6057827361
8314 2632046.621754056
8315 21695963.11544242
8316 5269153.985894155
8317 10389784.109478906
8318 19169842.512903944
8319 4497398.4458934795
8320 15209407.45510669
8321 9036680.59313448
8322 2509297.7077322174
8323 35802367.199672475
8324 5736972.538171091
8325 7135027.867372631
8326 10386573.903027833
8327 9617048.249208547
8328 18928307.186133176
8329 13312512.38980417
8330 2629538.0290661813
8331 14561664.160605263
8332 10212811.865544122
8333 11280741.264510008
8334 16922905.875611447
8335 3075482.65989111
8336 20151000.109647505
8337 9809338.537082274
8338 20616034.854797468
8339 6387989.37844103
8340 14510155.705264833
8341 12381591.907543197
8342 5452713.964209588
8343 5150510.06724788
8344 21614528.570871253
8345 26954438.28358972
8346 2846303.0144732445
8347 1426552.7733851597
8348 11991599.806920383
8349 5476700.936672881
8350 16605379.623871092
8351 4210169.440058563
8352 15488837.731313566
8353 8742605.140897403
8354 38073159.82505843
8355 598264.4806839572
8356 8984913.846734565
8357 14962712.374560822
8358 6166468.360577948
8359 3512121.327450768
8360 8305363.85441326
8361 13433685.904901192
8362 4675356.7351851445
8363 17142984.371217422
8364 3391986.9790954906
8365 3522827.699467452
8366 811017.5988340992
8367 9676642.936453082
8368 25902070.690617584
8369 36535609.84476071
8370 15164977.935722552
8371 22937349.146181066
8372 11644430.660473628
8373 1951267.99359849
8374 8760540.196491513
8375 3973052.6925637573
8376 15165141.49721869
8377 16026154.395161536
8378 25122325.815716702
8379 26669722.39176953
8380 55858413.122867115
8381 5001216.853334627
8382 13689043.49846464
8383 14998712.608858421
8384 6088634.324678604
8385 44585715.28436509
8386 1751065.5318373386
8387 12683837.524165392
8388 3921121.6703904215
8389 11820670.854604194
8390 15324582.177342825
8391 19450133.44864943
8392 11416652.80411762
8393 31138140.45134618
8394 16105525.321727684
8395 23636432.38809258
8396 4894907.246732678
8397 7798017.234251523
8398 4919147.755304564
8399 1714657.544239378
8400 4689616.809748605
8401 30295255.579392165
8402 539901.2263826584
8403 16654593.518475696
8404 21253109.687758435
8405 760465.6335877003
8406 18734846.607833847
8407 9243513.209250862
8408 8679579.737445747
8409 12677861.040318452
8410 3679775.305629736
8411 30294866.511248976
8412 4736713.215296408
8413 2476870.7065298893
8414 20776247.111293674
8415 7904313.197898304
8416 6265326.633107725
8417 7589621.137740098
8418 7906156.700997923
8419 12832803.203803081
8420 7017448.5591022875
8421 2385207.483749508
8422 1474951.6674403585
8423 20024794.47355207
8424 7172876.34580535
8425 23907276.347916055
8426 17895379.011775263
8427 6064205.155821231
8428 17059670.065358613
8429 38385269.5779401
8430 25811944.615821436
8431 2216703.693981122
8432 6844363.065886514
8433 1082998.2341549732
8434 996093.962217669
8435 1137787.710683873
8436 9214191.310621949
8437 28232500.58945027
8438 39589232.344582826
8439 1248232.565482557
8440 515407.30350283906
8441 3059278.86413172
8442 9674478.97984764
8443 19739439.331695344
8444 627333.3700258229
8445 16071957.356901046
8446 631436.1517613442
8447 6986966.813317401
8448 6662982.213235561
8449 3610134.521705767
8450 5176493.187897545
8451 7907143.854497191
8452 23105299.45831775
8453 21304337.966240518
8454 13862122.357521828
8455 6914581.722642233
8456 17879437.004480034
8457 3285684.3966673384
8458 23064838.545011107
8459 26641694.40817164
8460 1121953.1220794613
8461 149913.5430629677
8462 10589625.054737104
8463 22807769.593101352
8464 8669438.251494464
8465 23918653.574558172
8466 13625946.405867666
8467 25272297.484389775
8468 9193673.342961667
8469 7160416.013769192
8470 7584775.786797581
8471 7565180.9047633475
8472 14276854.110880118
8473 17130597.222982693
8474 24101763.79885728
8475 10239101.53491488
8476 14974289.849630337
8477 6431389.520115264
8478 38318387.52502611
8479 6422793.346137838
8480 5800005.439228846
8481 4418280.979500677
8482 8516871.188282114
8483 9798786.545592431
8484 8535776.203304451
8485 834472.9045299189
8486 8675289.495116927
8487 7675755.988701661
8488 6171525.156111846
8489 9123354.622522678
8490 3635268.8437247397
8491 7292131.010458073
8492 9123813.68029622
8493 24146805.712742742
8494 4542046.886382359
8495 8012888.475085877
8496 6879079.195500689
8497 2070577.8089662325
8498 15221647.703359589
8499 13254356.209357055
8500 23375256.42647969
8501 11398509.174435087
8502 8976615.145670285
8503 13842498.482766956
8504 18867519.09474598
8505 13140242.863621287
8506 1632724.4068128075
8507 506774.29787397385
8508 8265092.701441953
8509 10056862.743092293
8510 5072569.107199881
8511 7762503.60057765
8512 2241256.4029188715
8513 17238615.993911028
8514 10723814.800965942
8515 20737044.965872824
8516 23827.266315349378
8517 6167217.934545573
8518 3539362.1276519066
8519 10318166.950888911
8520 99686.60107787978
8521 12476453.589323666
8522 5666178.518077867
8523 3602974.107109923
8524 7150633.397697778
8525 10695531.183668308
8526 21156109.976093214
8527 5592408.8374871295
8528 1476691.9337252183
8529 9295156.345109023
8530 6671973.092416642
8531 11861517.959563378
8532 8028467.713189061
8533 1571590.2777783675
8534 4336094.500049708
8535 42123904.69587353
8536 33115826.269452702
8537 10992644.275713634
8538 6198051.640402421
8539 14928264.760977639
8540 14298346.401552241
8541 32517125.56942556
8542 10097507.601751221
8543 30602852.096521627
8544 9697909.19723116
8545 15909376.618169473
8546 13821844.627990913
8547 951653.5828686226
8548 6389320.2173368065
8549 11802624.572341207
8550 22007466.38280155
8551 18111916.904336892
8552 2109299.2154976954
8553 10569614.187962387
8554 3916364.777578072
8555 1224472.8130341638
8556 45178970.006922305
8557 54276792.91579027
8558 4470449.516353389
8559 16599674.178987201
8560 14957873.481543042
8561 17870196.092470877
8562 6065395.812536271
8563 334300.8690307401
8564 6666599.288740376
8565 17744912.350430854
8566 8082228.587446946
8567 11642682.41953713
8568 1384191.068945759
8569 33915519.74128922
8570 19232654.651509345
8571 19500011.87602033
8572 10695456.996142715
8573 2498386.2639938844
8574 22280077.32853221
8575 37921153.46896044
8576 20739560.027113162
8577 2324216.231590885
8578 7743621.0179635845
8579 18885949.552260697
8580 10337059.490198787
8581 5371684.816350304
8582 8829499.876561025
8583 1571904.3947388763
8584 25433318.43924999
8585 4349439.209248757
8586 2762066.5171073712
8587 715657.8015460009
8588 2617897.561916643
8589 10977610.247901317
8590 2451399.5635816976
8591 6335.289069540799
8592 9746171.863165956
8593 15644450.452649437
8594 7641124.610433827
8595 14687552.590554839
8596 7198025.769911747
8597 7533559.498986072
8598 10779826.10219164
8599 11468896.646893598
8600 20424200.684860498
8601 10892331.201753736
8602 1239856.4756618198
8603 4926128.409802381
8604 1514006.8953305595
8605 16550281.128299018
8606 33563012.86931492
8607 9249822.876064932
8608 5156642.678780158
8609 10706398.276633825
8610 2403000.3002105784
8611 7819220.497922811
8612 28991558.752225704
8613 46368424.63007954
8614 3220968.574537546
8615 3435728.73261185
8616 3524048.142378174
8617 9653070.334527282
8618 19025279.383543972
8619 21282625.32168799
8620 4954485.5298190415
8621 1988943.4713024031
8622 35761204.72096521
8623 26974617.753078274
8624 4376396.575489324
8625 1590606.0700152852
8626 32424160.01176769
8627 17091321.20061118
8628 32463779.927389823
8629 4910872.255286194
8630 29205.924039702863
8631 8301787.365289727
8632 14312314.86837272
8633 21181337.70863167
8634 23374756.457535088
8635 7055239.152906032
8636 5465158.442187743
8637 16041289.039212782
8638 11142856.266265012
8639 39419267.969661385
8640 2596853.229905043
8641 20640766.236066848
8642 39974999.28745948
8643 12368614.25164532
8644 28335414.921687342
8645 5462527.428216084
8646 22554543.450393572
8647 2037325.6599661317
8648 3113424.175520908
8649 16079222.927268207
8650 6144677.445333507
8651 11218867.891549822
8652 9555508.142173953
8653 9049391.429330448
8654 2334568.592327319
8655 14540028.000124075
8656 6793657.325993892
8657 17529493.485589705
8658 11046792.988271777
8659 12593555.716941204
8660 1972919.5236873152
8661 777664.3767747432
8662 18554983.23891046
8663 649549.6262172866
8664 4716931.754262438
8665 11017673.867873084
8666 2290626.4825032596
8667 8427076.296566542
8668 12582852.742420891
8669 1382353.66936047
8670 6363762.724711871
8671 13870409.266883105
8672 2258451.762847364
8673 9386357.857758302
8674 2249414.8908958044
8675 898421.792342311
8676 371878.46879670955
8677 18953485.49593888
8678 14829743.33798568
8679 18365373.178761937
8680 10206626.380153447
8681 26488072.08334183
8682 20732271.765274476
8683 35346030.9688969
8684 6019804.752145026
8685 1555449.1562855807
8686 15180768.787847115
8687 3564155.6344511816
8688 1681460.954054989
8689 8602955.834657839
8690 1744099.8616534993
8691 10656584.283786008
8692 14191489.348221786
8693 11583230.099723868
8694 3298161.62314844
8695 9739547.774179611
8696 10611436.914907191
8697 7345216.951336071
8698 5104359.196708349
8699 23763870.326301426
8700 14865205.893469553
8701 10534505.253258396
8702 13129386.254050104
8703 34312504.79596163
8704 782244.8828644124
8705 3919133.225619983
8706 21895525.32974079
8707 18314484.06995132
8708 20850156.647458587
8709 4128208.097526236
8710 10073067.295424975
8711 9601914.440805167
8712 26784476.612042572
8713 4213381.6081059445
8714 8120262.438094507
8715 2749182.1322209835
8716 44469016.21112419
8717 5713715.502066148
8718 14250487.002181388
8719 15385928.25348227
8720 10156699.466320343
8721 14505113.518640108
8722 16116401.443865992
8723 15468352.382262899
8724 3403926.6523467884
8725 17875618.17627382
8726 16943282.43066888
8727 16787994.461583193
8728 16538765.727345621
8729 22768371.132176347
8730 6743096.797745052
8731 14761234.86027567
8732 9284657.181412764
8733 17615950.964383822
8734 10344517.510245448
8735 30310706.040553022
8736 20094637.597244114
8737 5534776.017844737
8738 17587160.765858587
8739 10111467.052053591
8740 8347643.226305783
8741 3564569.830545293
8742 4793817.536013273
8743 5839154.715199655
8744 31130645.977084655
8745 843267.9799726643
8746 14250371.06497431
8747 1988022.9658126822
8748 1839947.1008881347
8749 0.0
8750 20075696.29702531
8751 6652818.864687283
8752 9922729.109480841
8753 9491679.247367423
8754 6131558.783707604
8755 23664751.642924
8756 13615999.869858438
8757 7948846.887464568
8758 25614555.069269225
8759 1504327.2499086752
8760 32112600.12636098
8761 17730225.987754688
8762 28259705.110411882
8763 14734606.896623094
8764 24639956.68460594
8765 4538887.288376766
8766 27115109.319815755
8767 11691298.038206706
8768 6402454.572452521
8769 11066762.704031255
8770 16535801.64893005
8771 7719109.873775179
8772 11781847.624600803
8773 2307089.0471633375
8774 591108.0234220289
8775 12409571.865626935
8776 39660178.738367036
8777 1828716.17852325
8778 22194021.05720543
8779 490839.88617944205
8780 30152605.063407794
8781 13880768.446328409
8782 12668654.972401965
8783 24301873.782656565
8784 1735522.0231346702
8785 21636105.771425284
8786 7675170.001318157
8787 7898522.121277748
8788 283550.2521066547
8789 17245042.552845977
8790 24993319.662946507
8791 13096225.616880184
8792 883853.5608977247
8793 2950174.900384235
8794 4926063.937857935
8795 26036377.78361632
8796 688086.4611895778
8797 2136505.2110587806
8798 1350255.883500874
8799 15469444.937315311
8800 10833540.527043061
8801 9467321.31301228
8802 2927278.594849212
8803 22186648.50353183
8804 15924475.985410245
8805 19612089.83307869
8806 13942355.97485004
8807 21909151.92973072
8808 11947237.01911303
8809 21631095.002905823
8810 4675527.633734513
8811 16892918.203363612
8812 2635159.6755740047
8813 34354866.53353885
8814 23635101.632214308
8815 20322659.299722373
8816 3796679.2666501123
8817 6254040.644115306
8818 36991381.013987884
8819 19878730.972531747
8820 21508226.53943248
8821 17641931.936517783
8822 17363333.93571926
8823 211031.4986176025
8824 7998614.028980668
8825 6544235.060693794
8826 2573102.5134264966
8827 1877503.4795638027
8828 16342022.029129487
8829 1136090.5536825284
8830 7902033.967684599
8831 33578301.87513645
8832 2859893.766620528
8833 1728528.527184287
8834 13559356.555645328
8835 7958803.179455582
8836 20308767.197108757
8837 17266624.821134835
8838 7508249.862870531
8839 2739318.223799138
8840 315439.3149492694
8841 7322002.805195395
8842 3779606.7718781466
8843 19180758.011138186
8844 23966313.004482605
8845 11647170.288639247
8846 20417655.144731767
8847 15577427.503580641
8848 1121450.7261179788
8849 1581548.7238447042
8850 13572599.022335123
8851 2850646.9304593494
8852 25033161.486542955
8853 6780676.585051616
8854 10208664.148376603
8855 15319614.771503769
8856 20058071.227004476
8857 899150.155795658
8858 1947810.3400333505
8859 21453564.157438003
8860 4182179.6951941126
8861 12636897.722717896
8862 15916032.477019843
8863 13365108.933754273
8864 8303072.905563734
8865 2389612.924356771
8866 2792226.1702367766
8867 15120317.904435838
8868 28131285.820234507
8869 2827920.6422035266
8870 25669003.85611645
8871 8031574.721559825
8872 40652180.32107888
8873 1084572.6988867857
8874 13045341.133261954
8875 17646393.63300779
8876 3700824.244072876
8877 20734200.844320856
8878 10068222.650457181
8879 28657919.336957768
8880 32118771.838457305
8881 9101495.143019676
8882 19226206.252817024
8883 9878570.530592024
8884 2637643.3128268663
8885 31984885.176691025
8886 12043445.240729911
8887 57319177.66076299
8888 12526342.665381327
8889 292458.6019919757
8890 18044774.14126268
8891 2348615.984545644
8892 3641589.1076070415
8893 15791766.158115897
8894 7860160.0855096085
8895 21647532.93715067
8896 33279548.022282586
8897 28158777.958373137
8898 21509420.266023777
8899 3094360.6923943534
8900 22430312.13686643
8901 3085103.979347851
8902 16926906.651398644
8903 6174687.650920045
8904 268129.09397110716
8905 2896925.9858158724
8906 242904.36491811182
8907 3823709.162065924
8908 10640894.085951626
8909 829062.9450110318
8910 365150.94251169125
8911 13053772.695279105
8912 9116748.520623758
8913 15070146.594601607
8914 6970024.446560778
8915 17834563.270768233
8916 20102899.29393772
8917 4563099.843826809
8918 16673516.2699848
8919 15551277.93691455
8920 5199521.122868982
8921 4790491.236208325
8922 22941614.843690056
8923 2500328.1548436647
8924 11883524.324873658
8925 21753227.425174925
8926 12195499.741485838
8927 5865853.234648498
8928 5248473.466154634
8929 13414599.985085
8930 4485862.161854422
8931 5419853.1484248955
8932 10861047.037915
8933 5177062.116964441
8934 2094056.8577673808
8935 23007274.665416375
8936 5944921.389242453
8937 14888709.87928829
8938 10038824.001036765
8939 10568176.947437186
8940 13414010.320891991
8941 35284027.56923105
8942 7265082.210377297
8943 12432645.983869426
8944 2158749.196826837
8945 6933799.6012614425
8946 800740.8332739677
8947 5274470.389396946
8948 6646392.803079676
8949 10363089.281844806
8950 29478671.09998954
8951 12277890.023214309
8952 5494188.57973432
8953 12665008.103791438
8954 2759002.4547328185
8955 3512094.5265687713
8956 26678846.902920365
8957 12188944.417663619
8958 10471499.874767192
8959 8070086.488520612
8960 10652077.774807516
8961 7998847.574745349
8962 17095308.117620435
8963 14564975.514480548
8964 286628.8389345966
8965 9912003.907591589
8966 20245223.757587347
8967 7253503.180833182
8968 3640014.2546177255
8969 9679732.24068496
8970 8704841.511760842
8971 3385951.543163211
8972 11788718.411014501
8973 11183849.431372928
8974 16809809.35865853
8975 14207904.380752217
8976 13059911.036098525
8977 14391690.940849314
8978 9090374.709674679
8979 10376650.418593518
8980 12345977.189036425
8981 7767213.174784423
8982 8909232.8534797
8983 653842.34919952
8984 15120617.83119807
8985 18404538.023329467
8986 6457611.001355621
8987 1106712.2399348728
8988 1577825.1901266659
8989 26083398.743996844
8990 44658879.719513945
8991 1542165.772956498
8992 4099625.137390485
8993 18614788.63516461
8994 3551468.199895912
8995 11948756.003956465
8996 4149251.7225772003
8997 16357327.452270787
8998 10077819.568558428
8999 3920834.5030417657
9000 39200963.61031184
9001 17554794.98894631
9002 34561068.92101756
9003 14330918.949506411
9004 18144947.080295786
9005 22030903.66558814
9006 7436348.069579221
9007 13276585.155606728
9008 11701084.465101529
9009 358408.73811627366
9010 32812759.936650716
9011 24972735.06175612
9012 52145.98536066525
9013 4263022.282318043
9014 3603774.7588246516
9015 17721309.28538157
9016 4749346.305713502
9017 19497257.396776523
9018 17899665.017679255
9019 16602201.829289606
9020 10440877.024753291
9021 11731740.676854359
9022 1434616.059600003
9023 70954320.05996323
9024 25350792.101734508
9025 6855486.887633815
9026 3896965.371602997
9027 2987583.7392132757
9028 6018845.982555224
9029 1494753.1220733142
9030 5835853.688971726
9031 22758208.44588159
9032 18403069.186173107
9033 20242407.63255516
9034 13708436.674066866
9035 27792500.171794437
9036 17793731.591867007
9037 7461442.353021344
9038 32278374.568467773
9039 24534488.589454293
9040 16910417.117930487
9041 9109318.391655039
9042 8940480.887077948
9043 1345379.4303985052
9044 19244341.531810272
9045 3805107.256325693
9046 9707685.918288957
9047 9919273.473412598
9048 19844779.81173138
9049 4598191.430558447
9050 8360366.727031409
9051 3741833.1269747894
9052 16712520.018399045
9053 4984824.963152122
9054 6397750.14124459
9055 16408337.975720488
9056 6211617.754564479
9057 18879534.900403023
9058 16269790.67787098
9059 22209398.386896383
9060 2493059.435524498
9061 3831940.202331702
9062 16886604.30894441
9063 30691421.740528554
9064 18454645.03274919
9065 10189584.749355927
9066 8277281.045476227
9067 6901154.731293206
9068 487162.5315488875
9069 10246661.3055177
9070 6717167.710884199
9071 25489786.424604494
9072 26301731.73877712
9073 10293103.213782407
9074 11624767.256342016
9075 15010911.105796788
9076 1832905.175735556
9077 25916546.542783022
9078 1324969.1401306828
9079 6499602.370146804
9080 27992454.497219414
9081 11657698.937478231
9082 9745057.824814003
9083 9348575.997844346
9084 17580093.280905366
9085 3643964.76818733
9086 17769424.05969344
9087 27790129.924097933
9088 10157675.889993316
9089 5942821.613008241
9090 14299469.86724921
9091 7659869.133154069
9092 16575563.682872903
9093 4472003.81662056
9094 8828578.958684225
9095 21271277.343579307
9096 14466839.115029328
9097 23029154.996316887
9098 6112542.509581424
9099 32312211.824780706
9100 6199878.647877098
9101 29912562.196619805
9102 3764597.0110263266
9103 2401605.5609575333
9104 32045069.931611657
9105 7594204.055170262
9106 14184988.555989217
9107 33979259.09399325
9108 21825672.820157513
9109 4114201.4601787943
9110 5341139.424503876
9111 6688216.832682028
9112 13936623.437469821
9113 3687025.3149179937
9114 251631.5336334398
9115 4185583.5389707703
9116 9304982.913785247
9117 48409949.60621328
9118 28000956.418747228
9119 25079281.432440754
9120 7131795.136802537
9121 12934682.120989546
9122 2629968.6084159845
9123 24083411.12119285
9124 86705.74674191
9125 14716254.021798521
9126 5045906.855310711
9127 33145404.579626
9128 5827413.283320913
9129 4176456.3606432425
9130 8901538.939115016
9131 32556966.889518045
9132 11146957.922696546
9133 1622074.45180782
9134 17120683.827953115
9135 12716699.55238672
9136 5515935.520949859
9137 7953636.1564057255
9138 11027453.08074643
9139 8174239.558562463
9140 7701401.934757349
9141 8279060.416588781
9142 9612295.286817415
9143 23635910.519546572
9144 3381528.0158659634
9145 12547481.23954026
9146 5433333.0448066145
9147 5955430.268274614
9148 8757694.246852495
9149 18785904.321453568
9150 26721151.254679307
9151 14074638.611726057
9152 35548115.97138942
9153 12768702.616534112
9154 3006603.4816186205
9155 546655.7653923538
9156 4528975.478727005
9157 35274838.48107402
9158 19985556.57675814
9159 15032845.466757745
9160 14730.015089863911
9161 21312835.865387492
9162 8629463.043457674
9163 1101112.841379656
9164 1805381.9994980325
9165 3681311.0617413083
9166 26983135.894704565
9167 10370615.928386709
9168 29509350.148959346
9169 10222101.989071872
9170 1568968.649991881
9171 11435382.517979505
9172 8858339.02718616
9173 6473193.989547648
9174 12334477.83126514
9175 12746068.317432247
9176 5104685.709866051
9177 29338391.4219748
9178 9408143.623685619
9179 12513535.953028861
9180 7649982.174149298
9181 9895594.682294691
9182 16743151.693467721
9183 1959199.8763599363
9184 3721377.9474047106
9185 7751925.829800078
9186 37046674.77022637
9187 1971246.8940785779
9188 2567593.116894601
9189 24733552.185258277
9190 7082816.762024337
9191 10689450.561375745
9192 4091815.875667193
9193 17491507.757326916
9194 2745444.9367057066
9195 4623677.830518923
9196 21341438.928129196
9197 2443985.2502813125
9198 10448772.402899213
9199 9329962.762188993
9200 4214580.039420382
9201 17542652.74980512
9202 7665125.887287885
9203 5967175.324079489
9204 16901419.80792191
9205 581565.2141158152
9206 24399661.85612785
9207 21289362.19536273
9208 560438.4317239784
9209 17120449.07642842
9210 17876379.13930817
9211 9076715.616482453
9212 8315844.118769191
9213 20956934.32301437
9214 1763177.1688878797
9215 2327242.1159887994
9216 12833449.187453007
9217 9615972.438333802
9218 16725786.739851817
9219 3366153.4929527473
9220 12560231.805681113
9221 897559.8295091996
9222 12297427.132765481
9223 39437808.66465439
9224 12156768.260012537
9225 4285013.618183053
9226 14937299.223900562
9227 13958182.758599011
9228 15325268.496134674
9229 19510470.434664056
9230 5378059.797886338
9231 12672686.157280706
9232 4722793.49028866
9233 5733764.36576079
9234 14010039.988466846
9235 24078532.75582461
9236 16156675.24475495
9237 8563529.972677514
9238 18874333.227565907
9239 2780454.612794996
9240 6849626.740322661
9241 4901530.40359412
9242 8631280.80858713
9243 18472550.37863324
9244 7013930.900000438
9245 9965375.236568207
9246 19293459.399802297
9247 367878.71939561353
9248 10679700.975325925
9249 21109442.119749554
9250 546723.8451179415
9251 16278050.993832806
9252 28897255.45218945
9253 115060.07714935765
9254 6400873.091769153
9255 1534652.9024609085
9256 8612771.822416846
9257 732992.3445791928
9258 4873427.568046384
9259 5287946.04182636
9260 19880735.11528421
9261 6360602.506540834
9262 2564028.4451359557
9263 10514429.340543188
9264 24431501.033002194
9265 6620253.9459736915
9266 7978922.011708156
9267 18987351.868510965
9268 2593309.497225524
9269 13659515.594395997
9270 3593944.893877184
9271 3378507.6937335837
9272 6255021.371831847
9273 4154861.9912374914
9274 5480027.168046839
9275 16321721.182841284
9276 18662482.53329712
9277 12369809.088362735
9278 13715261.589824334
9279 2448032.77623511
9280 9318325.821445651
9281 8820526.88550888
9282 17189161.255036432
9283 4560979.293723636
9284 3768817.8635310987
9285 12318907.59532151
9286 1415765.3203465166
9287 10790756.046174463
9288 17791400.498333864
9289 17117369.894151732
9290 12976017.455416957
9291 17305816.625257958
9292 10420280.800302979
9293 1414166.540834054
9294 6772254.445988754
9295 6344185.604429039
9296 53928924.523133665
9297 14295924.265957339
9298 12691081.680620715
9299 22475299.714053802
9300 6800626.261039838
9301 8066724.858478691
9302 580350.9295348562
9303 8183194.29909571
9304 7884780.332128324
9305 21849565.451949786
9306 6109985.846639648
9307 2994902.2291398454
9308 35127701.475300945
9309 8850371.67738165
9310 17010688.303854506
9311 11068277.678917408
9312 318678.4946761192
9313 5445417.531527557
9314 3361473.311770709
9315 9827780.53975759
9316 9106831.643476393
9317 9496293.328618437
9318 12149935.859413562
9319 10928288.135829113
9320 22349122.274750896
9321 2397367.0463221353
9322 3175703.24358489
9323 2062497.8788800351
9324 10526756.448052965
9325 30286672.654518705
9326 5888672.966386501
9327 17063377.526691556
9328 10939757.498654287
9329 8877053.881844254
9330 3284671.616655454
9331 7815180.283669478
9332 7789074.800267056
9333 14448064.950212525
9334 2902916.2455947734
9335 594077.1043132208
9336 11710863.244035682
9337 6884717.370687868
9338 6059511.624636464
9339 7066341.330920529
9340 3773175.255607942
9341 10686019.45783124
9342 4317874.539869071
9343 3141543.0307755563
9344 5939562.79794918
9345 10843473.260651546
9346 7406232.36469619
9347 20178640.76442258
9348 2465642.7032361515
9349 13879294.394326707
9350 3678955.532881167
9351 6575393.79936726
9352 13654333.167389136
9353 1770746.92937929
9354 1825168.0657829158
9355 303706.15863947524
9356 27914134.48675975
9357 16693516.39982975
9358 12222221.47199843
9359 18386330.796311192
9360 2067139.2343103983
9361 1226581.7086492893
9362 1276939.461726564
9363 19541.678582321852
9364 19862014.577488884
9365 28030591.459627282
9366 24729421.34595892
9367 1079945.2748294892
9368 14901.599380753934
9369 32494237.839793757
9370 23978138.15311916
9371 16641870.341661135
9372 6790087.319394814
9373 1470859.5975570465
9374 0.0
9375 34031279.77841841
9376 17943838.680345926
9377 14637702.749390919
9378 19988725.998123214
9379 2601072.851699382
9380 6031218.871229808
9381 4411210.396593805
9382 23861496.293618463
9383 19579964.82782655
9384 1934318.0274513727
9385 11497741.604144674
9386 754390.865018595
9387 12373148.286737315
9388 5806124.032875979
9389 18015347.096769933
9390 157218.85484546516
9391 48038790.725735515
9392 22548424.867436174
9393 2529964.015306388
9394 19059000.074106712
9395 1431161.9506973098
9396 10986438.554097336
9397 3736237.247657043
9398 6164929.435306266
9399 19034134.93707805
9400 10568025.992389081
9401 21998194.071592122
9402 27579237.577880755
9403 2802226.012733589
9404 5575557.962401874
9405 8405034.02727092
9406 23441592.053291477
9407 22196095.952209286
9408 3893877.82886531
9409 11745169.899546146
9410 7179668.250578988
9411 96880.69634177722
9412 6248630.32937937
9413 6535813.599268655
9414 1701305.7612443864
9415 30470807.862445764
9416 4283576.0861606235
9417 1857512.1380860358
9418 3454894.3922587214
9419 25513159.86228449
9420 27931978.388300866
9421 9525938.899967793
9422 5255967.452390799
9423 6000658.035781329
9424 19863120.150839478
9425 8963455.732245114
9426 5350157.15848369
9427 1389068.3417952512
9428 6475130.443711812
9429 14585434.591948226
9430 11951261.951613259
9431 24416482.190436713
9432 17932312.552283175
9433 5538771.74424593
9434 697689.8607093282
9435 4879510.967576649
9436 7544383.993696923
9437 3462200.580934611
9438 12308065.48760534
9439 8418730.959336905
9440 13304212.365776047
9441 18051262.384247288
9442 7346826.542782744
9443 35868715.48910934
9444 18136952.333406195
9445 13987845.355897956
9446 6900064.965710746
9447 5381494.2741807625
9448 13134044.15048613
9449 23274079.505676568
9450 18094065.330826264
9451 10381475.578112949
9452 11557512.739940595
9453 18633691.920427654
9454 19636150.413177136
9455 1199795.0505997483
9456 6439013.762518473
9457 4017354.4431844894
9458 16326101.821867235
9459 13235675.988482729
9460 22623145.476058476
9461 9938794.954206804
9462 4925709.106724373
9463 10629446.767507965
9464 3027313.6822644155
9465 11397804.012089862
9466 14683576.863796353
9467 12257395.554346278
9468 9154371.127384026
9469 55983501.486911274
9470 22723968.139995225
9471 7108255.311526705
9472 5896921.331162017
9473 24727391.090439774
9474 2929270.5567257395
9475 801649.0867730454
9476 9098557.463348335
9477 3944363.975851088
9478 26153229.277827248
9479 14777683.03017419
9480 26076102.39477184
9481 22110241.074809097
9482 7224841.524290602
9483 653264.616710214
9484 4490522.867271659
9485 7592087.780291991
9486 3349857.9372373987
9487 16641641.96719494
9488 21273309.530801713
9489 10740907.991307601
9490 16243692.999795446
9491 16132263.903685141
9492 9958531.786198737
9493 7328812.241638087
9494 35609276.95724092
9495 31321234.59655329
9496 12236979.80494049
9497 8757097.924971484
9498 12540688.495463945
9499 19348000.05494584
9500 3681159.651992537
9501 18874512.44166691
9502 6236916.852136446
9503 19392332.081207454
9504 3671568.3809339367
9505 34309217.31049226
9506 10736327.231460143
9507 5573679.24512575
9508 8410506.307805963
9509 19345101.720555935
9510 8287202.658537008
9511 11535018.504734004
9512 28135960.57403244
9513 33220366.86930943
9514 8165310.378740838
9515 12209426.906284586
9516 36200597.00141079
9517 226837.20951431058
9518 11820606.090763269
9519 12170995.803761538
9520 19624995.93965263
9521 19956274.32995803
9522 18172044.374883175
9523 1619030.5195402922
9524 1134885.4188207728
9525 12490786.759219773
9526 12779808.83698342
9527 11380221.45669648
9528 9299145.471287409
9529 693155.5188483698
9530 19735213.808834046
9531 775815.18906439
9532 29102428.78392163
9533 19774162.33778984
9534 4572268.481797847
9535 2298974.743764375
9536 14901204.470217574
9537 1206349.6665651165
9538 37473483.2585443
9539 22091124.686570264
9540 222177.11801181268
9541 42689726.42021588
9542 7607194.349812832
9543 250982.088720751
9544 4921958.619740398
9545 13178409.64254738
9546 6188516.861630831
9547 9727121.741310954
9548 8498510.008576402
9549 13688241.410877544
9550 24505302.314833388
9551 1426758.0257401038
9552 7044782.8334805835
9553 28313656.66101104
9554 20165273.701896064
9555 1266266.6517193597
9556 9950637.603607478
9557 9592967.733633544
9558 3473778.2293401314
9559 10249594.27302886
9560 228030.5890371967
9561 3221787.082029691
9562 92890.8848831635
9563 9802273.435035877
9564 11413007.830996614
9565 39042852.61023746
9566 6961496.285827465
9567 2844278.357896492
9568 6140923.3485553535
9569 21897165.507729728
9570 1274138.7062416375
9571 19965681.85532727
9572 15042233.022805018
9573 11104408.044122985
9574 10389227.989348574
9575 1060305.1742520202
9576 5477772.663129646
9577 26585367.314421315
9578 20995613.120907553
9579 3732193.8220792618
9580 12585015.683928322
9581 28671096.465680428
9582 21378625.940223105
9583 22266295.256772164
9584 10353989.124343783
9585 315346.6724987037
9586 30853402.046035882
9587 24017466.802866377
9588 3623034.663017108
9589 513495.83428620244
9590 28813329.200673897
9591 2573445.1194257885
9592 18803446.20829703
9593 27621.357373767532
9594 7414375.509372302
9595 3445852.3400367117
9596 9041806.165516227
9597 2895769.0688842675
9598 7862456.660869218
9599 6759392.321798885
9600 29946346.883062366
9601 28004163.577209592
9602 10713774.511456348
9603 9999366.271778196
9604 4328840.844331975
9605 16784322.533051092
9606 12793548.960888878
9607 16912383.801803008
9608 22256359.279948086
9609 378165.04480997194
9610 5151854.186612632
9611 10016968.899987115
9612 2129983.29760227
9613 9298159.41434867
9614 7269857.514299339
9615 7603051.687844595
9616 19733880.968769766
9617 1447030.1339920084
9618 3992529.6424144963
9619 9970998.44447454
9620 22987320.01271761
9621 23583289.747957043
9622 6688683.151080845
9623 13016577.31868594
9624 8040413.435459878
9625 15108418.415863222
9626 26671691.98801417
9627 13498220.056379724
9628 8829028.674463913
9629 23408067.820192404
9630 25240244.26428257
9631 14587545.534140576
9632 10743815.441259261
9633 1647813.3656603443
9634 23114158.712657686
9635 7159829.281809458
9636 15665784.926638523
9637 8378922.217392614
9638 10701250.560231864
9639 16305507.487014933
9640 16335169.948307142
9641 8518961.474406831
9642 13754917.119616583
9643 23991422.298269596
9644 8353088.175877878
9645 19708287.8009632
9646 14318205.106920414
9647 20600793.29112801
9648 23080900.81472233
9649 47794.78452335857
9650 3203318.5164645105
9651 41792933.99087344
9652 4602938.475068733
9653 12973719.110190207
9654 13571605.518464196
9655 23973339.336237527
9656 15522495.639307838
9657 10030905.942969343
9658 2083885.7976491703
9659 25071696.071097657
9660 19165488.8883445
9661 5897037.802886086
9662 6265117.105127161
9663 8587977.378877645
9664 26645990.865169063
9665 27243662.06523118
9666 3206298.1475957995
9667 4798951.915697362
9668 8467276.297649493
9669 3423280.345169154
9670 21488295.553294867
9671 1566409.8227674155
9672 11271489.41735132
9673 16880267.43579811
9674 4521200.702596664
9675 10956655.479974013
9676 9138975.630332142
9677 3851106.30477417
9678 18530832.911275387
9679 788948.3220651434
9680 16233660.529679896
9681 13786774.25989272
9682 33419095.31538663
9683 18319064.97147521
9684 1292141.312162621
9685 3943038.193477838
9686 16896229.70309295
9687 1259744.5927093406
9688 31640928.79746671
9689 14730871.126666125
9690 24952177.085673742
9691 7046810.69537988
9692 5144048.591207496
9693 18466912.405726206
9694 2688999.64126705
9695 853516.283327816
9696 1613696.8978281692
9697 2392130.8258202155
9698 19585422.036408
9699 5985973.743287966
9700 9573296.709266452
9701 3854004.3706819406
9702 5305776.239506085
9703 17308878.79369987
9704 5607675.140091224
9705 529315.6743288371
9706 16592452.162396774
9707 8381043.360967709
9708 13668171.866957817
9709 6761431.95687918
9710 19825667.657506894
9711 12517705.84055511
9712 30428093.523104057
9713 40921876.59203938
9714 1891748.955816357
9715 22738228.02768258
9716 30177282.623830754
9717 1698052.1075685192
9718 305658.25596021116
9719 6776305.60347731
9720 4150872.2443838324
9721 13563764.265153887
9722 328006.2231899062
9723 15264433.584403332
9724 6502301.742896927
9725 11296530.084532667
9726 9449717.927037548
9727 19130494.778037876
9728 31460359.882241882
9729 4781551.0841977205
9730 3202616.191189408
9731 5781756.714556018
9732 16649360.140583966
9733 16332335.798759948
9734 7905401.565017378
9735 9832930.815784201
9736 3812853.9090523603
9737 7922018.09219057
9738 59350088.96658129
9739 38283.881993942894
9740 6241448.754896419
9741 12253123.81366947
9742 27653180.259080544
9743 1890645.8031018116
9744 17753220.028949115
9745 47217.32988234423
9746 11699554.005299803
9747 16572771.620767828
9748 6654667.770265744
9749 18455640.968292374
9750 22819416.81668579
9751 29712985.912332997
9752 1528307.9432481406
9753 18915915.910736986
9754 11230213.708505034
9755 22555514.717243947
9756 10813937.103760261
9757 11822284.410119627
9758 25664398.805302072
9759 789484.1442728844
9760 27335001.596802443
9761 22964665.712737087
9762 14938148.549256217
9763 10755786.562848626
9764 4134861.5570347793
9765 25760775.931917444
9766 23399869.824118733
9767 3155523.0693060346
9768 985019.0756794699
9769 8640280.944635814
9770 14388575.597837165
9771 8860229.455209019
9772 5096505.007059893
9773 6322700.218383515
9774 6679332.142940614
9775 7782390.929307579
9776 683085.1653222954
9777 7758328.1821478065
9778 5636542.747470843
9779 793258.9707196322
9780 23333451.52124972
9781 29491136.3619081
9782 21014119.545539748
9783 13401686.894528318
9784 1047724.918614082
9785 27619116.413512364
9786 763793.7280215025
9787 12305523.82112777
9788 4146575.065525297
9789 7922891.780200146
9790 9654530.92054685
9791 10113777.506233871
9792 14467434.752008881
9793 17565163.097401798
9794 10226797.781462435
9795 46650079.51601872
9796 34508360.52877602
9797 11997541.32929767
9798 13273756.24387578
9799 2009575.55901141
9800 2116530.366084598
9801 17998189.152636185
9802 35403468.58207421
9803 4103602.8925424702
9804 11061732.6684294
9805 5954053.223554603
9806 16426171.119692925
9807 9635269.382708289
9808 6167824.888576707
9809 13291442.9884014
9810 14327723.998709362
9811 13411182.249919325
9812 3463943.292802765
9813 9673827.470124677
9814 6381436.412809778
9815 18958829.24738092
9816 14833668.360405978
9817 6480114.272154001
9818 14043378.120964218
9819 15558637.286642998
9820 3002826.597826481
9821 27382466.893352352
9822 10056817.984850552
9823 30393743.343316555
9824 3606507.8184776716
9825 3806323.0583498185
9826 8038320.159788882
9827 1272912.381474929
9828 9242777.1146137
9829 10512711.2972885
9830 19335371.093064673
9831 12862061.45086124
9832 8173856.817316134
9833 13631999.730754564
9834 5833369.7248239275
9835 27144.436368256807
9836 3059791.8811602425
9837 11405605.1805415
9838 7738742.113579436
9839 25098028.91254119
9840 15551732.600237247
9841 13581194.131905502
9842 12824837.791939775
9843 10842868.177332804
9844 31761602.864204176
9845 8555565.685526857
9846 610772.0209866986
9847 4623697.534150576
9848 13588560.093328964
9849 19965688.179532595
9850 5572107.482841869
9851 4249208.64131659
9852 6066112.84939035
9853 10358239.594016302
9854 15672748.739097599
9855 9476722.178121848
9856 8891047.557287794
9857 6141119.411535617
9858 23891819.434262276
9859 4907035.547341894
9860 15724445.487002354
9861 13373954.386575907
9862 10953201.434794247
9863 1018287.8650174988
9864 4711745.904849213
9865 6274913.585265961
9866 3594006.137571412
9867 12104504.454710672
9868 29305669.51326959
9869 22288144.412655227
9870 15169525.399680547
9871 1310524.7123620762
9872 28524314.494697105
9873 5201797.957951432
9874 9201351.618225748
9875 4134276.6483095307
9876 5468582.303172517
9877 43544955.91906672
9878 11751651.411303513
9879 23359024.68234203
9880 6710080.323221667
9881 21380576.96514844
9882 3814890.6504237438
9883 14754467.953090377
9884 26555886.9901252
9885 6247164.984738566
9886 3411072.969787386
9887 20977775.90050465
9888 18462318.54494991
9889 22441830.745449744
9890 14232531.414964892
9891 9820405.55595392
9892 1923242.9119378962
9893 8033618.54241787
9894 684784.9405787685
9895 10710024.56512463
9896 1187742.975565819
9897 26905848.844153382
9898 6269701.9567974005
9899 1288993.0454473519
9900 17618487.09482954
9901 1618293.9313227003
9902 18276416.351376936
9903 35516769.266837254
9904 7697179.358797949
9905 10578747.32004496
9906 3392179.259333526
9907 13290502.56073959
9908 11596828.922266997
9909 12308638.190174421
9910 7358566.824163203
9911 6051834.314588938
9912 11384582.083534922
9913 11972836.40951369
9914 25819207.53789328
9915 19767376.895471342
9916 27103793.68090341
9917 11254916.994657932
9918 13919758.750522347
9919 865106.4326110873
9920 29128730.223723307
9921 12470372.680886665
9922 13489471.493695376
9923 30023131.135005776
9924 19714344.534400985
9925 25979863.438368127
9926 3797260.104983779
9927 18737228.368381724
9928 12268650.16785371
9929 34547128.58225993
9930 46093736.09252309
9931 21153788.02053985
9932 4806970.0153019335
9933 8350553.312855957
9934 7870962.470175136
9935 1659641.3951924918
9936 54243137.95886203
9937 38286842.55132829
9938 10623929.189941382
9939 8513408.027090698
9940 11393541.413678512
9941 36967520.25434733
9942 48555806.270845085
9943 10553129.689468116
9944 1168561.087241835
9945 8026590.171295552
9946 2344335.0473224893
9947 35946614.894574836
9948 30711710.370162345
9949 2394367.982632298
9950 33835450.88407285
9951 3509234.5721010976
9952 25778513.169699162
9953 51988208.48272192
9954 9031427.347491253
9955 11101836.979765048
9956 8607449.141027296
9957 11464131.187593581
9958 495480.38173709996
9959 35493321.215631135
9960 2283352.4276044667
9961 10706658.492593385
9962 8737404.663460933
9963 39486269.085671894
9964 12895872.644282326
9965 18383478.503496103
9966 403934.3516075546
9967 5806660.460528156
9968 26198849.704623528
9969 21080432.046867292
9970 33937381.11467119
9971 38305122.453401335
9972 20706128.313216727
9973 1835374.920023948
9974 55565532.68386991
9975 113433557.74537498
9976 42919340.32033822
9977 39091356.91282289
9978 66397120.11235513
9979 17052611.838334646
9980 38577590.410997376
9981 34642072.44079908
9982 23171237.118589535
9983 19312314.251059897
9984 32334686.745539676
9985 96123759.82253388
9986 86591481.11150885
9987 45370952.99074485
9988 15713878.613655977
9989 28518754.368452698
9990 95030372.57750739
9991 93947156.90336412
9992 25397076.38103587
9993 49720830.87766126
9994 6185651.1106645465
9995 94566056.30191627
9996 273340890.79595745
9997 297518569.13641167
9998 40017730.26363778
9999 0.0
période r= 0
calcul de a**(r//2)
=====> Essai avec a= 144955
